Trade number,Type,Date and time,Signal,Price USD,Size (qty),Size (value),Net PnL USD,Return %,Commission USD,Favorable excursion USD,Favorable excursion %,Adverse excursion USD,Adverse excursion %,Cumulative PnL USD,Cumulative PnL %,Duration (bars)
1,Exit long,2010-04-12 18:30,Normal,0.72,14492,9999.48,434.76,4.35,0,434.76,4.35,-579.68,-5.80,434.76,4.35,22
1,Entry long,2010-04-07 17:30,Normal,0.69,14492,9999.48,434.76,4.35,0,434.76,4.35,-579.68,-5.80,434.76,4.35,22
2,Exit long,2010-05-07 15:30,Normal,0.5,17391,10434.6,-1739.1,-16.67,0,0,0.00,-1739.1,-16.67,-1304.34,-13.04,5
2,Entry long,2010-05-06 17:30,Normal,0.6,17391,10434.6,-1739.1,-16.67,0,0,0.00,-1739.1,-16.67,-1304.34,-13.04,5
3,Exit long,2010-06-09 15:30,Normal,0.47,19762,8695.28,592.86,6.82,0,592.86,6.82,-197.62,-2.27,-711.48,-7.11,4
3,Entry long,2010-06-08 17:30,Normal,0.44,19762,8695.28,592.86,6.82,0,592.86,6.82,-197.62,-2.27,-711.48,-7.11,4
4,Exit long,2010-06-23 18:30,Normal,0.57,16888,9288.4,337.76,3.64,0,337.76,3.64,0,0.00,-373.72,-3.74,1
4,Entry long,2010-06-23 17:30,Normal,0.55,16888,9288.4,337.76,3.64,0,337.76,3.64,0,0.00,-373.72,-3.74,1
5,Exit long,2010-06-28 16:30,Normal,0.53,19252,9626,577.56,6.00,0,577.56,6.00,0,0.00,203.84,2.04,4
5,Entry long,2010-06-25 18:30,Normal,0.5,19252,9626,577.56,6.00,0,577.56,6.00,0,0.00,203.84,2.04,4
6,Exit long,2010-07-01 15:30,Normal,0.41,22675,10203.75,-907,-8.89,0,226.75,2.22,-907,-8.89,-703.16,-7.03,6
6,Entry long,2010-06-30 15:30,Normal,0.45,22675,10203.75,-907,-8.89,0,226.75,2.22,-907,-8.89,-703.16,-7.03,6
7,Exit long,2010-07-19 18:30,Normal,0.52,18593,9296.5,371.86,4.00,0,371.86,4.00,0,0.00,-331.3,-3.31,3
7,Entry long,2010-07-19 15:30,Normal,0.5,18593,9296.5,371.86,4.00,0,371.86,4.00,0,0.00,-331.3,-3.31,3
8,Exit long,2010-07-29 20:30,Normal,0.52,19337,9668.5,386.74,4.00,0,386.74,4.00,0,0.00,55.44,0.55,1
8,Entry long,2010-07-29 19:30,Normal,0.5,19337,9668.5,386.74,4.00,0,386.74,4.00,0,0.00,55.44,0.55,1
9,Exit long,2010-08-02 15:30,Normal,0.51,20521,10055.29,410.42,4.08,0,410.42,4.08,-205.21,-2.04,465.86,4.66,6
9,Entry long,2010-07-30 16:30,Normal,0.49,20521,10055.29,410.42,4.08,0,410.42,4.08,-205.21,-2.04,465.86,4.66,6
10,Exit long,2010-08-27 15:30,Normal,0.34,28286,10465.82,-848.58,-8.11,0,282.86,2.70,-848.58,-8.11,-382.72,-3.83,19
10,Entry long,2010-08-24 17:30,Normal,0.37,28286,10465.82,-848.58,-8.11,0,282.86,2.70,-848.58,-8.11,-382.72,-3.83,19
11,Exit long,2010-09-01 15:30,Normal,0.35,29143,9617.19,582.86,6.06,0,582.86,6.06,0,0.00,200.14,2.00,1
11,Entry long,2010-08-31 21:30,Normal,0.33,29143,9617.19,582.86,6.06,0,582.86,6.06,0,0.00,200.14,2.00,1
12,Exit long,2010-09-10 17:30,Normal,0.34,27567,10199.79,-827.01,-8.11,0,275.67,2.70,-827.01,-8.11,-626.87,-6.27,9
12,Entry long,2010-09-09 15:30,Normal,0.37,27567,10199.79,-827.01,-8.11,0,275.67,2.70,-827.01,-8.11,-626.87,-6.27,9
13,Exit long,2010-09-24 15:30,Normal,0.44,22316,9372.72,446.32,4.76,0,446.32,4.76,-669.48,-7.14,-180.55,-1.81,29
13,Entry long,2010-09-17 21:30,Normal,0.42,22316,9372.72,446.32,4.76,0,446.32,4.76,-669.48,-7.14,-180.55,-1.81,29
14,Exit long,2010-10-05 15:30,Normal,0.47,22316,9819.04,669.48,6.82,0,669.48,6.82,0,0.00,488.93,4.89,4
14,Entry long,2010-10-04 18:30,Normal,0.44,22316,9819.04,669.48,6.82,0,669.48,6.82,0,0.00,488.93,4.89,4
15,Exit long,2010-10-08 21:30,Normal,0.48,22802,10488.92,456.04,4.35,0,456.04,4.35,-456.04,-4.35,944.97,9.45,12
15,Entry long,2010-10-07 15:30,Normal,0.46,22802,10488.92,456.04,4.35,0,456.04,4.35,-456.04,-4.35,944.97,9.45,12
16,Exit long,2010-10-25 15:30,Normal,0.52,22336,10944.64,670.08,6.12,0,670.08,6.12,-670.08,-6.12,1615.05,16.15,39
16,Entry long,2010-10-15 17:30,Normal,0.49,22336,10944.64,670.08,6.12,0,670.08,6.12,-670.08,-6.12,1615.05,16.15,39
17,Exit long,2010-10-27 20:30,Normal,0.55,21915,11614.95,438.3,3.77,0,438.3,3.77,0,0.00,2053.35,20.53,5
17,Entry long,2010-10-27 15:30,Normal,0.53,21915,11614.95,438.3,3.77,0,438.3,3.77,0,0.00,2053.35,20.53,5
18,Exit long,2010-11-04 14:30,Normal,0.61,21146,12053.22,845.84,7.02,0,845.84,7.02,-422.92,-3.51,2899.19,28.99,21
18,Entry long,2010-11-01 14:30,Normal,0.57,21146,12053.22,845.84,7.02,0,845.84,7.02,-422.92,-3.51,2899.19,28.99,21
19,Exit long,2010-11-18 15:30,Normal,0.6,22239,12898.62,444.78,3.45,0,444.78,3.45,-222.39,-1.72,3343.97,33.44,10
19,Entry long,2010-11-16 19:30,Normal,0.58,22239,12898.62,444.78,3.45,0,444.78,3.45,-222.39,-1.72,3343.97,33.44,10
20,Exit long,2011-01-03 15:30,Normal,0.78,17791,13343.25,533.73,4.00,0,533.73,4.00,-355.82,-2.67,3877.7,38.78,68
20,Entry long,2010-12-16 17:30,Normal,0.75,17791,13343.25,533.73,4.00,0,533.73,4.00,-355.82,-2.67,3877.7,38.78,68
21,Exit long,2011-01-06 15:30,Normal,0.81,17791,13876.98,533.73,3.85,0,533.73,3.85,0,0.00,4411.43,44.11,5
21,Entry long,2011-01-05 16:30,Normal,0.78,17791,13876.98,533.73,3.85,0,533.73,3.85,0,0.00,4411.43,44.11,5
22,Exit long,2011-01-21 15:30,Normal,0.91,16564,14410.68,662.56,4.60,0,662.56,4.60,0,0.00,5073.99,50.74,5
22,Entry long,2011-01-20 17:30,Normal,0.87,16564,14410.68,662.56,4.60,0,662.56,4.60,0,0.00,5073.99,50.74,5
23,Exit long,2011-02-04 15:30,Normal,1.04,15073,15073,602.92,4.00,0,602.92,4.00,0,0.00,5676.91,56.77,1
23,Entry long,2011-02-03 21:30,Normal,1,15073,15073,602.92,4.00,0,602.92,4.00,0,0.00,5676.91,56.77,1
24,Exit long,2011-02-17 18:30,Normal,1.13,14382,15676.38,575.28,3.67,0,575.28,3.67,-287.64,-1.83,6252.19,62.52,8
24,Entry long,2011-02-16 15:30,Normal,1.09,14382,15676.38,575.28,3.67,0,575.28,3.67,-287.64,-1.83,6252.19,62.52,8
25,Exit long,2011-02-24 15:30,Normal,0.98,17289,16251.66,691.56,4.26,0,691.56,4.26,-345.78,-2.13,6943.75,69.44,3
25,Entry long,2011-02-23 19:30,Normal,0.94,17289,16251.66,691.56,4.26,0,691.56,4.26,-345.78,-2.13,6943.75,69.44,3
26,Exit long,2011-03-03 15:30,Normal,1.04,16943,16943,677.72,4.00,0,677.72,4.00,-169.43,-1.00,7621.47,76.21,7
26,Entry long,2011-03-02 15:30,Normal,1,16943,16943,677.72,4.00,0,677.72,4.00,-169.43,-1.00,7621.47,76.21,7
27,Exit long,2011-03-09 15:30,Normal,0.87,18548,17620.6,-1483.84,-8.42,0,370.96,2.11,-1483.84,-8.42,6137.63,61.38,7
27,Entry long,2011-03-08 15:30,Normal,0.95,18548,17620.6,-1483.84,-8.42,0,370.96,2.11,-1483.84,-8.42,6137.63,61.38,7
28,Exit long,2011-03-15 14:30,Normal,0.73,19680,16137.6,-1771.2,-10.98,0,393.6,2.44,-1771.2,-10.98,4366.43,43.66,19
28,Entry long,2011-03-10 17:30,Normal,0.82,19680,16137.6,-1771.2,-10.98,0,393.6,2.44,-1771.2,-10.98,4366.43,43.66,19
29,Exit long,2011-03-24 14:30,Normal,0.84,18185,14366.15,909.25,6.33,0,909.25,6.33,0,0.00,5275.68,52.76,5
29,Entry long,2011-03-23 16:30,Normal,0.79,18185,14366.15,909.25,6.33,0,909.25,6.33,0,0.00,5275.68,52.76,5
30,Exit long,2011-03-30 15:30,Normal,0.92,17358,15275.04,694.32,4.55,0,694.32,4.55,-694.32,-4.55,5970,59.70,14
30,Entry long,2011-03-28 15:30,Normal,0.88,17358,15275.04,694.32,4.55,0,694.32,4.55,-694.32,-4.55,5970,59.70,14
31,Exit long,2011-04-05 16:30,Normal,0.89,18569,15969.34,557.07,3.49,0,557.07,3.49,-1114.14,-6.98,6527.07,65.27,13
31,Entry long,2011-04-01 17:30,Normal,0.86,18569,15969.34,557.07,3.49,0,557.07,3.49,-1114.14,-6.98,6527.07,65.27,13
32,Exit long,2011-04-13 15:30,Normal,0.83,20658,16526.4,619.74,3.75,0,619.74,3.75,0,0.00,7146.81,71.47,4
32,Entry long,2011-04-12 18:30,Normal,0.8,20658,16526.4,619.74,3.75,0,619.74,3.75,0,0.00,7146.81,71.47,4
33,Exit long,2011-04-20 15:30,Normal,0.86,21704,17146.16,1519.28,8.86,0,1519.28,8.86,-434.08,-2.53,8666.09,86.66,7
33,Entry long,2011-04-19 15:30,Normal,0.79,21704,17146.16,1519.28,8.86,0,1519.28,8.86,-434.08,-2.53,8666.09,86.66,7
34,Exit long,2011-04-26 19:30,Normal,0.94,20512,18665.92,615.36,3.30,0,615.36,3.30,0,0.00,9281.45,92.81,4
34,Entry long,2011-04-26 15:30,Normal,0.91,20512,18665.92,615.36,3.30,0,615.36,3.30,0,0.00,9281.45,92.81,4
35,Exit long,2011-05-03 18:30,Normal,0.86,20512,19281.28,-1640.96,-8.51,0,0,0.00,-1640.96,-8.51,7640.49,76.40,25
35,Entry long,2011-04-27 21:30,Normal,0.94,20512,19281.28,-1640.96,-8.51,0,0,0.00,-1640.96,-8.51,7640.49,76.40,25
36,Exit long,2011-05-05 16:30,Normal,0.9,20276,17640.12,608.28,3.45,0,608.28,3.45,-608.28,-3.45,8248.77,82.49,8
36,Entry long,2011-05-04 15:30,Normal,0.87,20276,17640.12,608.28,3.45,0,608.28,3.45,-608.28,-3.45,8248.77,82.49,8
37,Exit long,2011-05-17 15:30,Normal,0.82,20504,18248.56,-1435.28,-7.87,0,615.12,3.37,-1435.28,-7.87,6813.49,68.13,40
37,Entry long,2011-05-09 17:30,Normal,0.89,20504,18248.56,-1435.28,-7.87,0,615.12,3.37,-1435.28,-7.87,6813.49,68.13,40
38,Exit long,2011-06-08 15:30,Normal,0.71,21555,16812.9,-1508.85,-8.97,0,0,0.00,-1508.85,-8.97,5304.64,53.05,20
38,Entry long,2011-06-03 16:30,Normal,0.78,21555,16812.9,-1508.85,-8.97,0,0,0.00,-1508.85,-8.97,5304.64,53.05,20
39,Exit long,2011-06-13 16:30,Normal,0.64,21863,15304.1,-1311.78,-8.57,0,218.63,1.43,-1311.78,-8.57,3992.86,39.93,15
39,Entry long,2011-06-09 15:30,Normal,0.7,21863,15304.1,-1311.78,-8.57,0,218.63,1.43,-1311.78,-8.57,3992.86,39.93,15
40,Exit long,2011-06-17 15:30,Normal,0.64,22569,13992.78,451.38,3.23,0,451.38,3.23,0,0.00,4444.24,44.44,1
40,Entry long,2011-06-16 21:30,Normal,0.62,22569,13992.78,451.38,3.23,0,451.38,3.23,0,0.00,4444.24,44.44,1
41,Exit long,2011-06-21 15:30,Normal,0.62,24481,14443.79,734.43,5.08,0,734.43,5.08,0,0.00,5178.67,51.79,7
41,Entry long,2011-06-20 15:30,Normal,0.59,24481,14443.79,734.43,5.08,0,734.43,5.08,0,0.00,5178.67,51.79,7
42,Exit long,2011-06-27 15:30,Normal,0.59,23716,15178.24,-1185.8,-7.81,0,474.32,3.13,-1185.8,-7.81,3992.87,39.93,11
42,Entry long,2011-06-23 18:30,Normal,0.64,23716,15178.24,-1185.8,-7.81,0,474.32,3.13,-1185.8,-7.81,3992.87,39.93,11
43,Exit long,2011-07-15 15:30,Normal,0.57,22569,13992.78,-1128.45,-8.06,0,451.38,3.23,-1128.45,-8.06,2864.42,28.64,17
43,Entry long,2011-07-12 19:30,Normal,0.62,22569,13992.78,-1128.45,-8.06,0,451.38,3.23,-1128.45,-8.06,2864.42,28.64,17
44,Exit long,2011-07-27 15:30,Normal,0.62,19200,12864,-960,-7.46,0,192,1.49,-960,-7.46,1904.42,19.04,7
44,Entry long,2011-07-26 15:30,Normal,0.67,19200,12864,-960,-7.46,0,192,1.49,-960,-7.46,1904.42,19.04,7
45,Exit long,2011-07-29 15:30,Normal,0.56,19515,11904.15,-975.75,-8.20,0,0,0.00,-975.75,-8.20,928.67,9.29,5
45,Entry long,2011-07-28 17:30,Normal,0.61,19515,11904.15,-975.75,-8.20,0,0,0.00,-975.75,-8.20,928.67,9.29,5
46,Exit long,2011-08-03 15:30,Normal,0.51,19515,10928.4,-975.75,-8.93,0,195.15,1.79,-975.75,-8.93,-47.08,-0.47,11
46,Entry long,2011-08-01 18:30,Normal,0.56,19515,10928.4,-975.75,-8.93,0,195.15,1.79,-975.75,-8.93,-47.08,-0.47,11
47,Exit long,2011-08-08 15:30,Normal,0.37,23146,9952.78,-1388.76,-13.95,0,0,0.00,-1388.76,-13.95,-1435.84,-14.36,3
47,Entry long,2011-08-05 19:30,Normal,0.43,23146,9952.78,-1388.76,-13.95,0,0,0.00,-1388.76,-13.95,-1435.84,-14.36,3
48,Exit long,2011-08-18 15:30,Normal,0.37,19464,8564.16,-1362.48,-15.91,0,0,0.00,-1362.48,-15.91,-2798.32,-27.98,7
48,Entry long,2011-08-17 15:30,Normal,0.44,19464,8564.16,-1362.48,-15.91,0,0,0.00,-1362.48,-15.91,-2798.32,-27.98,7
49,Exit long,2011-09-06 15:30,Normal,0.33,19464,7201.68,-778.56,-10.81,0,0,0.00,-778.56,-10.81,-3576.88,-35.77,1
49,Entry long,2011-09-02 21:30,Normal,0.37,19464,7201.68,-778.56,-10.81,0,0,0.00,-778.56,-10.81,-3576.88,-35.77,1
50,Exit long,2011-09-13 15:30,Normal,0.43,15666,6423.06,313.32,4.88,0,313.32,4.88,-313.32,-4.88,-3263.56,-32.64,7
50,Entry long,2011-09-12 15:30,Normal,0.41,15666,6423.06,313.32,4.88,0,313.32,4.88,-313.32,-4.88,-3263.56,-32.64,7
51,Exit long,2011-09-21 21:30,Normal,0.45,13472,6736,-673.6,-10.00,0,0,0.00,-673.6,-10.00,-3937.16,-39.37,12
51,Entry long,2011-09-20 16:30,Normal,0.5,13472,6736,-673.6,-10.00,0,0,0.00,-673.6,-10.00,-3937.16,-39.37,12
52,Exit long,2011-09-23 16:30,Normal,0.42,15157,6062.8,303.14,5.00,0,303.14,5.00,-303.14,-5.00,-3634.02,-36.34,2
52,Entry long,2011-09-22 21:30,Normal,0.4,15157,6062.8,303.14,5.00,0,303.14,5.00,-303.14,-5.00,-3634.02,-36.34,2
53,Exit long,2011-09-30 21:30,Normal,0.35,16323,6365.97,-652.92,-10.26,0,0,0.00,-652.92,-10.26,-4286.94,-42.87,7
53,Entry long,2011-09-29 21:30,Normal,0.39,16323,6365.97,-652.92,-10.26,0,0,0.00,-652.92,-10.26,-4286.94,-42.87,7
54,Exit long,2011-10-03 18:30,Normal,0.32,16323,5713.05,-489.69,-8.57,0,0,0.00,-489.69,-8.57,-4776.63,-47.77,3
54,Entry long,2011-10-03 15:30,Normal,0.35,16323,5713.05,-489.69,-8.57,0,0,0.00,-489.69,-8.57,-4776.63,-47.77,3
55,Exit long,2011-10-12 15:30,Normal,0.45,12147,5223.21,242.94,4.65,0,242.94,4.65,0,0.00,-4533.69,-45.34,5
55,Entry long,2011-10-11 17:30,Normal,0.43,12147,5223.21,242.94,4.65,0,242.94,4.65,0,0.00,-4533.69,-45.34,5
56,Exit long,2011-10-14 15:30,Normal,0.49,11883,5466.18,356.49,6.52,0,356.49,6.52,0,0.00,-4177.2,-41.77,5
56,Entry long,2011-10-13 17:30,Normal,0.46,11883,5466.18,356.49,6.52,0,356.49,6.52,0,0.00,-4177.2,-41.77,5
57,Exit long,2011-10-18 20:30,Normal,0.48,12658,5822.68,253.16,4.35,0,253.16,4.35,0,0.00,-3924.04,-39.24,3
57,Entry long,2011-10-18 17:30,Normal,0.46,12658,5822.68,253.16,4.35,0,253.16,4.35,0,0.00,-3924.04,-39.24,3
58,Exit long,2011-10-21 15:30,Normal,0.45,14466,6075.72,433.98,7.14,0,433.98,7.14,0,0.00,-3490.06,-34.90,3
58,Entry long,2011-10-20 19:30,Normal,0.42,14466,6075.72,433.98,7.14,0,433.98,7.14,0,0.00,-3490.06,-34.90,3
59,Exit long,2011-10-27 15:30,Normal,0.52,13562,6509.76,542.48,8.33,0,542.48,8.33,0,0.00,-2947.58,-29.48,1
59,Entry long,2011-10-26 21:30,Normal,0.48,13562,6509.76,542.48,8.33,0,542.48,8.33,0,0.00,-2947.58,-29.48,1
60,Exit long,2011-11-03 17:30,Normal,0.49,15005,7052.35,300.1,4.26,0,300.1,4.26,-450.15,-6.38,-2647.48,-26.47,9
60,Entry long,2011-11-02 15:30,Normal,0.47,15005,7052.35,300.1,4.26,0,300.1,4.26,-450.15,-6.38,-2647.48,-26.47,9
61,Exit long,2011-11-08 21:30,Normal,0.53,14416,7352.16,288.32,3.92,0,288.32,3.92,0,0.00,-2359.16,-23.59,3
61,Entry long,2011-11-08 18:30,Normal,0.51,14416,7352.16,288.32,3.92,0,288.32,3.92,0,0.00,-2359.16,-23.59,3
62,Exit long,2011-11-11 15:30,Normal,0.49,16257,7640.79,325.14,4.26,0,325.14,4.26,-162.57,-2.13,-2034.02,-20.34,4
62,Entry long,2011-11-10 18:30,Normal,0.47,16257,7640.79,325.14,4.26,0,325.14,4.26,-162.57,-2.13,-2034.02,-20.34,4
63,Exit long,2011-11-15 19:30,Normal,0.52,16257,7965.93,487.71,6.12,0,487.71,6.12,0,0.00,-1546.31,-15.46,3
63,Entry long,2011-11-15 16:30,Normal,0.49,16257,7965.93,487.71,6.12,0,487.71,6.12,0,0.00,-1546.31,-15.46,3
64,Exit long,2011-11-21 20:30,Normal,0.42,21134,8453.6,422.68,5.00,0,422.68,5.00,0,0.00,-1123.63,-11.24,3
64,Entry long,2011-11-21 17:30,Normal,0.4,21134,8453.6,422.68,5.00,0,422.68,5.00,0,0.00,-1123.63,-11.24,3
65,Exit long,2011-11-28 15:30,Normal,0.38,24656,8876.16,493.12,5.56,0,493.12,5.56,-493.12,-5.56,-630.51,-6.31,9
65,Entry long,2011-11-23 17:30,Normal,0.36,24656,8876.16,493.12,5.56,0,493.12,5.56,-493.12,-5.56,-630.51,-6.31,9
66,Exit long,2011-12-08 21:30,Normal,0.42,20368,9369.28,-814.72,-8.70,0,203.68,2.17,-814.72,-8.70,-1445.23,-14.45,10
66,Entry long,2011-12-07 18:30,Normal,0.46,20368,9369.28,-814.72,-8.70,0,203.68,2.17,-814.72,-8.70,-1445.23,-14.45,10
67,Exit long,2011-12-12 17:30,Normal,0.39,19894,8554.42,-795.76,-9.30,0,198.94,2.33,-795.76,-9.30,-2240.99,-22.41,8
67,Entry long,2011-12-09 16:30,Normal,0.43,19894,8554.42,-795.76,-9.30,0,198.94,2.33,-795.76,-9.30,-2240.99,-22.41,8
68,Exit long,2011-12-13 20:30,Normal,0.37,18924,7758.84,-756.96,-9.76,0,0,0.00,-756.96,-9.76,-2997.95,-29.98,5
68,Entry long,2011-12-13 15:30,Normal,0.41,18924,7758.84,-756.96,-9.76,0,0,0.00,-756.96,-9.76,-2997.95,-29.98,5
69,Exit long,2011-12-15 15:30,Normal,0.38,19450,7002,389,5.56,0,389,5.56,0,0.00,-2608.95,-26.09,5
69,Entry long,2011-12-14 17:30,Normal,0.36,19450,7002,389,5.56,0,389,5.56,0,0.00,-2608.95,-26.09,5
70,Exit long,2012-01-03 15:30,Normal,0.42,18477,7390.8,369.54,5.00,0,369.54,5.00,-184.77,-2.50,-2239.41,-22.39,13
70,Entry long,2011-12-29 16:30,Normal,0.4,18477,7390.8,369.54,5.00,0,369.54,5.00,-184.77,-2.50,-2239.41,-22.39,13
71,Exit long,2012-01-05 19:30,Normal,0.43,18928,7760.48,378.56,4.88,0,378.56,4.88,0,0.00,-1860.85,-18.61,5
71,Entry long,2012-01-04 21:30,Normal,0.41,18928,7760.48,378.56,4.88,0,378.56,4.88,0,0.00,-1860.85,-18.61,5
72,Exit long,2012-01-12 18:30,Normal,0.49,17317,8138.99,346.34,4.26,0,346.34,4.26,0,0.00,-1514.51,-15.15,8
72,Entry long,2012-01-11 17:30,Normal,0.47,17317,8138.99,346.34,4.26,0,346.34,4.26,0,0.00,-1514.51,-15.15,8
73,Exit long,2012-02-01 15:30,Normal,0.58,15428,8485.4,462.84,5.45,0,462.84,5.45,-154.28,-1.82,-1051.67,-10.52,10
73,Entry long,2012-01-30 19:30,Normal,0.55,15428,8485.4,462.84,5.45,0,462.84,5.45,-154.28,-1.82,-1051.67,-10.52,10
74,Exit long,2012-02-08 15:30,Normal,0.63,14669,8948.09,293.38,3.28,0,293.38,3.28,-146.69,-1.64,-758.29,-7.58,6
74,Entry long,2012-02-07 16:30,Normal,0.61,14669,8948.09,293.38,3.28,0,293.38,3.28,-146.69,-1.64,-758.29,-7.58,6
75,Exit long,2012-02-13 15:30,Normal,0.58,14669,9241.47,-733.45,-7.94,0,0,0.00,-733.45,-7.94,-1491.74,-14.92,8
75,Entry long,2012-02-09 21:30,Normal,0.63,14669,9241.47,-733.45,-7.94,0,0,0.00,-733.45,-7.94,-1491.74,-14.92,8
76,Exit long,2012-02-28 15:30,Normal,0.64,13723,8508.26,274.46,3.23,0,274.46,3.23,-411.69,-4.84,-1217.28,-12.17,20
76,Entry long,2012-02-23 16:30,Normal,0.62,13723,8508.26,274.46,3.23,0,274.46,3.23,-411.69,-4.84,-1217.28,-12.17,20
77,Exit long,2012-03-07 15:30,Normal,0.55,16571,8782.63,331.42,3.77,0,331.42,3.77,0,0.00,-885.86,-8.86,3
77,Entry long,2012-03-06 19:30,Normal,0.53,16571,8782.63,331.42,3.77,0,331.42,3.77,0,0.00,-885.86,-8.86,3
78,Exit long,2012-03-14 14:30,Normal,0.64,15190,9114,607.6,6.67,0,607.6,6.67,0,0.00,-278.26,-2.78,7
78,Entry long,2012-03-13 14:30,Normal,0.6,15190,9114,607.6,6.67,0,607.6,6.67,0,0.00,-278.26,-2.78,7
79,Exit long,2012-03-27 15:30,Normal,0.69,14729,9721.14,441.87,4.55,0,441.87,4.55,-441.87,-4.55,163.61,1.64,41
79,Entry long,2012-03-19 15:30,Normal,0.66,14729,9721.14,441.87,4.55,0,441.87,4.55,-441.87,-4.55,163.61,1.64,41
80,Exit long,2012-04-12 16:30,Normal,0.6,17830,10163.1,534.9,5.26,0,534.9,5.26,-534.9,-5.26,698.51,6.99,18
80,Entry long,2012-04-09 19:30,Normal,0.57,17830,10163.1,534.9,5.26,0,534.9,5.26,-534.9,-5.26,698.51,6.99,18
81,Exit long,2012-04-25 15:30,Normal,0.53,21397,10698.5,641.91,6.00,0,641.91,6.00,-213.97,-2.00,1340.42,13.40,8
81,Entry long,2012-04-23 21:30,Normal,0.5,21397,10698.5,641.91,6.00,0,641.91,6.00,-213.97,-2.00,1340.42,13.40,8
82,Exit long,2012-05-03 20:30,Normal,0.52,19895,11340.15,-994.75,-8.77,0,0,0.00,-994.75,-8.77,345.67,3.46,18
82,Entry long,2012-05-01 16:30,Normal,0.57,19895,11340.15,-994.75,-8.77,0,0,0.00,-994.75,-8.77,345.67,3.46,18
83,Exit long,2012-05-08 16:30,Normal,0.45,20691,10345.5,-1034.55,-10.00,0,0,0.00,-1034.55,-10.00,-688.88,-6.89,7
83,Entry long,2012-05-07 16:30,Normal,0.5,20691,10345.5,-1034.55,-10.00,0,0,0.00,-1034.55,-10.00,-688.88,-6.89,7
84,Exit long,2012-05-18 17:30,Normal,0.38,22169,9310.98,-886.76,-9.52,0,0,0.00,-886.76,-9.52,-1575.64,-15.76,6
84,Entry long,2012-05-17 18:30,Normal,0.42,22169,9310.98,-886.76,-9.52,0,0,0.00,-886.76,-9.52,-1575.64,-15.76,6
85,Exit long,2012-05-21 17:30,Normal,0.4,21600,8424,216,2.56,0,216,2.56,0,0.00,-1359.64,-13.60,2
85,Entry long,2012-05-21 15:30,Normal,0.39,21600,8424,216,2.56,0,216,2.56,0,0.00,-1359.64,-13.60,2
86,Exit long,2012-06-01 16:30,Normal,0.35,22154,8640.06,-886.16,-10.26,0,0,0.00,-886.16,-10.26,-2245.8,-22.46,2
86,Entry long,2012-05-31 21:30,Normal,0.39,22154,8640.06,-886.16,-10.26,0,0,0.00,-886.16,-10.26,-2245.8,-22.46,2
87,Exit long,2012-06-11 15:30,Normal,0.41,19385,7754,193.85,2.50,0,193.85,2.50,0,0.00,-2051.95,-20.52,1
87,Entry long,2012-06-08 21:30,Normal,0.4,19385,7754,193.85,2.50,0,193.85,2.50,0,0.00,-2051.95,-20.52,1
88,Exit long,2012-06-12 16:30,Normal,0.4,20915,7947.7,418.3,5.26,0,418.3,5.26,0,0.00,-1633.65,-16.34,1
88,Entry long,2012-06-12 15:30,Normal,0.38,20915,7947.7,418.3,5.26,0,418.3,5.26,0,0.00,-1633.65,-16.34,1
89,Exit long,2012-06-18 15:30,Normal,0.41,21452,8366.28,429.04,5.13,0,429.04,5.13,0,0.00,-1204.61,-12.05,6
89,Entry long,2012-06-15 15:30,Normal,0.39,21452,8366.28,429.04,5.13,0,429.04,5.13,0,0.00,-1204.61,-12.05,6
90,Exit long,2012-06-25 17:30,Normal,0.37,21452,8795.32,-858.08,-9.76,0,0,0.00,-858.08,-9.76,-2062.69,-20.63,9
90,Entry long,2012-06-22 15:30,Normal,0.41,21452,8795.32,-858.08,-9.76,0,0,0.00,-858.08,-9.76,-2062.69,-20.63,9
91,Exit long,2012-06-27 15:30,Normal,0.39,21452,7937.24,429.04,5.41,0,429.04,5.41,0,0.00,-1633.65,-16.34,5
91,Entry long,2012-06-26 17:30,Normal,0.37,21452,7937.24,429.04,5.41,0,429.04,5.41,0,0.00,-1633.65,-16.34,5
92,Exit long,2012-07-10 20:30,Normal,0.35,21452,8366.28,-858.08,-10.26,0,0,0.00,-858.08,-10.26,-2491.73,-24.92,6
92,Entry long,2012-07-09 21:30,Normal,0.39,21452,8366.28,-858.08,-10.26,0,0,0.00,-858.08,-10.26,-2491.73,-24.92,6
93,Exit long,2012-07-12 15:30,Normal,0.33,20856,7508.16,-625.68,-8.33,0,0,0.00,-625.68,-8.33,-3117.41,-31.17,7
93,Entry long,2012-07-11 15:30,Normal,0.36,20856,7508.16,-625.68,-8.33,0,0,0.00,-625.68,-8.33,-3117.41,-31.17,7
94,Exit long,2012-08-03 19:30,Normal,0.45,16006,6882.58,320.12,4.65,0,320.12,4.65,-480.18,-6.98,-2797.29,-27.97,25
94,Entry long,2012-07-31 15:30,Normal,0.43,16006,6882.58,320.12,4.65,0,320.12,4.65,-480.18,-6.98,-2797.29,-27.97,25
95,Exit long,2012-08-16 20:30,Normal,0.51,14699,7202.51,293.98,4.08,0,293.98,4.08,-440.97,-6.12,-2503.31,-25.03,32
95,Entry long,2012-08-09 21:30,Normal,0.49,14699,7202.51,293.98,4.08,0,293.98,4.08,-440.97,-6.12,-2503.31,-25.03,32
96,Exit long,2012-08-21 15:30,Normal,0.5,15618,7496.64,312.36,4.17,0,312.36,4.17,0,0.00,-2190.95,-21.91,1
96,Entry long,2012-08-20 21:30,Normal,0.48,15618,7496.64,312.36,4.17,0,312.36,4.17,0,0.00,-2190.95,-21.91,1
97,Exit long,2012-09-06 17:30,Normal,0.49,16615,7809.05,332.3,4.26,0,332.3,4.26,-498.45,-6.38,-1858.65,-18.59,63
97,Entry long,2012-08-22 21:30,Normal,0.47,16615,7809.05,332.3,4.26,0,332.3,4.26,-498.45,-6.38,-1858.65,-18.59,63
98,Exit long,2012-09-14 15:30,Normal,0.49,17698,8141.08,530.94,6.52,0,530.94,6.52,-176.98,-2.17,-1327.71,-13.28,19
98,Entry long,2012-09-11 17:30,Normal,0.46,17698,8141.08,530.94,6.52,0,530.94,6.52,-176.98,-2.17,-1327.71,-13.28,19
99,Exit long,2012-09-21 15:30,Normal,0.47,19271,8671.95,385.42,4.44,0,385.42,4.44,0,0.00,-942.29,-9.42,3
99,Entry long,2012-09-20 19:30,Normal,0.45,19271,8671.95,385.42,4.44,0,385.42,4.44,0,0.00,-942.29,-9.42,3
100,Exit long,2012-09-26 19:30,Normal,0.4,23224,9057.36,232.24,2.56,0,232.24,2.56,-232.24,-2.56,-710.05,-7.10,3
100,Entry long,2012-09-26 16:30,Normal,0.39,23224,9057.36,232.24,2.56,0,232.24,2.56,-232.24,-2.56,-710.05,-7.10,3
101,Exit long,2012-10-16 16:30,Normal,0.4,24447,9289.86,488.94,5.26,0,488.94,5.26,-488.94,-5.26,-221.11,-2.21,33
101,Entry long,2012-10-09 18:30,Normal,0.38,24447,9289.86,488.94,5.26,0,488.94,5.26,-488.94,-5.26,-221.11,-2.21,33
102,Exit long,2012-11-01 14:30,Normal,0.38,27163,9778.68,543.26,5.56,0,543.26,5.56,-543.26,-5.56,322.15,3.22,42
102,Entry long,2012-10-22 15:30,Normal,0.36,27163,9778.68,543.26,5.56,0,543.26,5.56,-543.26,-5.56,322.15,3.22,42
103,Exit long,2012-11-05 21:30,Normal,0.4,26467,10322.13,264.67,2.56,0,264.67,2.56,-264.67,-2.56,586.82,5.87,5
103,Entry long,2012-11-05 16:30,Normal,0.39,26467,10322.13,264.67,2.56,0,264.67,2.56,-264.67,-2.56,586.82,5.87,5
104,Exit long,2012-11-14 20:30,Normal,0.34,28613,10586.81,-858.39,-8.11,0,286.13,2.70,-858.39,-8.11,-271.57,-2.72,25
104,Entry long,2012-11-09 15:30,Normal,0.37,28613,10586.81,-858.39,-8.11,0,286.13,2.70,-858.39,-8.11,-271.57,-2.72,25
105,Exit long,2012-11-19 15:30,Normal,0.35,29480,9728.4,589.6,6.06,0,589.6,6.06,-589.6,-6.06,318.03,3.18,11
105,Entry long,2012-11-15 18:30,Normal,0.33,29480,9728.4,589.6,6.06,0,589.6,6.06,-589.6,-6.06,318.03,3.18,11
106,Exit long,2012-11-29 15:30,Normal,0.39,27886,10317.82,557.72,5.41,0,557.72,5.41,0,0.00,875.75,8.76,5
106,Entry long,2012-11-28 17:30,Normal,0.37,27886,10317.82,557.72,5.41,0,557.72,5.41,0,0.00,875.75,8.76,5
107,Exit long,2012-12-07 15:30,Normal,0.4,28620,10875.6,572.4,5.26,0,572.4,5.26,-286.2,-2.63,1448.15,14.48,32
107,Entry long,2012-11-30 15:30,Normal,0.38,28620,10875.6,572.4,5.26,0,572.4,5.26,-286.2,-2.63,1448.15,14.48,32
108,Exit long,2012-12-14 20:30,Normal,0.39,26623,11447.89,-1064.92,-9.30,0,0,0.00,-1064.92,-9.30,383.23,3.83,16
108,Entry long,2012-12-12 18:30,Normal,0.43,26623,11447.89,-1064.92,-9.30,0,0,0.00,-1064.92,-9.30,383.23,3.83,16
109,Exit long,2012-12-18 15:30,Normal,0.42,25958,10383.2,519.16,5.00,0,519.16,5.00,0,0.00,902.39,9.02,7
109,Entry long,2012-12-17 15:30,Normal,0.4,25958,10383.2,519.16,5.00,0,519.16,5.00,0,0.00,902.39,9.02,7
110,Exit long,2012-12-21 15:30,Normal,0.39,25354,10902.22,-1014.16,-9.30,0,0,0.00,-1014.16,-9.30,-111.77,-1.12,1
110,Entry long,2012-12-20 21:30,Normal,0.43,25354,10902.22,-1014.16,-9.30,0,0,0.00,-1014.16,-9.30,-111.77,-1.12,1
111,Exit long,2012-12-31 20:30,Normal,0.41,24720,9888,247.2,2.50,0,247.2,2.50,-247.2,-2.50,135.43,1.35,13
111,Entry long,2012-12-27 21:30,Normal,0.4,24720,9888,247.2,2.50,0,247.2,2.50,-247.2,-2.50,135.43,1.35,13
112,Exit long,2013-01-10 15:30,Normal,0.46,23035,10135.4,460.7,4.55,0,460.7,4.55,-230.35,-2.27,596.13,5.96,10
112,Entry long,2013-01-08 19:30,Normal,0.44,23035,10135.4,460.7,4.55,0,460.7,4.55,-230.35,-2.27,596.13,5.96,10
113,Exit long,2013-01-25 15:30,Normal,0.52,21192,10596,423.84,4.00,0,423.84,4.00,-423.84,-4.00,1019.97,10.20,11
113,Entry long,2013-01-23 17:30,Normal,0.5,21192,10596,423.84,4.00,0,423.84,4.00,-423.84,-4.00,1019.97,10.20,11
114,Exit long,2013-02-01 17:30,Normal,0.53,21607,11019.57,432.14,3.92,0,432.14,3.92,-216.07,-1.96,1452.11,14.52,15
114,Entry long,2013-01-30 15:30,Normal,0.51,21607,11019.57,432.14,3.92,0,432.14,3.92,-216.07,-1.96,1452.11,14.52,15
115,Exit long,2013-02-08 15:30,Normal,0.55,22023,11451.96,660.69,5.77,0,660.69,5.77,-220.23,-1.92,2112.8,21.13,20
115,Entry long,2013-02-05 16:30,Normal,0.52,22023,11451.96,660.69,5.77,0,660.69,5.77,-220.23,-1.92,2112.8,21.13,20
116,Exit long,2013-02-20 15:30,Normal,0.59,21629,12112.24,648.87,5.36,0,648.87,5.36,0,0.00,2761.67,27.62,19
116,Entry long,2013-02-14 16:30,Normal,0.56,21629,12112.24,648.87,5.36,0,648.87,5.36,0,0.00,2761.67,27.62,19
117,Exit long,2013-02-22 15:30,Normal,0.54,24541,12761.32,490.82,3.85,0,490.82,3.85,0,0.00,3252.49,32.52,1
117,Entry long,2013-02-21 21:30,Normal,0.52,24541,12761.32,490.82,3.85,0,490.82,3.85,0,0.00,3252.49,32.52,1
118,Exit long,2013-02-27 16:30,Normal,0.55,25485,13252.2,764.55,5.77,0,764.55,5.77,-254.85,-1.92,4017.04,40.17,7
118,Entry long,2013-02-26 16:30,Normal,0.52,25485,13252.2,764.55,5.77,0,764.55,5.77,-254.85,-1.92,4017.04,40.17,7
119,Exit long,2013-03-13 17:30,Normal,0.61,23757,14016.63,475.14,3.39,0,475.14,3.39,-475.14,-3.39,4492.18,44.92,18
119,Entry long,2013-03-08 21:30,Normal,0.59,23757,14016.63,475.14,3.39,0,475.14,3.39,-475.14,-3.39,4492.18,44.92,18
120,Exit long,2013-03-20 14:30,Normal,0.57,26349,14491.95,526.98,3.64,0,526.98,3.64,0,0.00,5019.16,50.19,3
120,Entry long,2013-03-19 18:30,Normal,0.55,26349,14491.95,526.98,3.64,0,526.98,3.64,0,0.00,5019.16,50.19,3
121,Exit long,2013-04-04 21:30,Normal,0.53,29449,15018.99,588.98,3.92,0,588.98,3.92,0,0.00,5608.14,56.08,5
121,Entry long,2013-04-04 15:30,Normal,0.51,29449,15018.99,588.98,3.92,0,588.98,3.92,0,0.00,5608.14,56.08,5
122,Exit long,2013-04-16 21:30,Normal,0.57,28903,15607.62,867.09,5.56,0,867.09,5.56,0,0.00,6475.23,64.75,6
122,Entry long,2013-04-16 15:30,Normal,0.54,28903,15607.62,867.09,5.56,0,867.09,5.56,0,0.00,6475.23,64.75,6
123,Exit long,2013-04-18 15:30,Normal,0.54,31683,16475.16,633.66,3.85,0,633.66,3.85,-316.83,-1.92,7108.89,71.09,3
123,Entry long,2013-04-17 19:30,Normal,0.52,31683,16475.16,633.66,3.85,0,633.66,3.85,-316.83,-1.92,7108.89,71.09,3
124,Exit long,2013-04-22 17:30,Normal,0.52,34217,17108.5,684.34,4.00,0,684.34,4.00,-342.17,-2.00,7793.23,77.93,9
124,Entry long,2013-04-19 15:30,Normal,0.5,34217,17108.5,684.34,4.00,0,684.34,4.00,-342.17,-2.00,7793.23,77.93,9
125,Exit long,2013-05-03 15:30,Normal,0.64,29655,17793,1186.2,6.67,0,1186.2,6.67,0,0.00,8979.43,89.79,19
125,Entry long,2013-04-30 16:30,Normal,0.6,29655,17793,1186.2,6.67,0,1186.2,6.67,0,0.00,8979.43,89.79,19
126,Exit long,2013-05-23 15:30,Normal,0.66,26360,18979.2,-1581.6,-8.33,0,527.2,2.78,-1581.6,-8.33,7397.83,73.98,29
126,Entry long,2013-05-16 19:30,Normal,0.72,26360,18979.2,-1581.6,-8.33,0,527.2,2.78,-1581.6,-8.33,7397.83,73.98,29
127,Exit long,2013-06-07 17:30,Normal,0.73,24854,17397.8,745.62,4.29,0,745.62,4.29,-248.54,-1.43,8143.45,81.43,5
127,Entry long,2013-06-06 19:30,Normal,0.7,24854,17397.8,745.62,4.29,0,745.62,4.29,-248.54,-1.43,8143.45,81.43,5
128,Exit long,2013-06-13 19:30,Normal,0.71,26681,18143.08,800.43,4.41,0,800.43,4.41,0,0.00,8943.88,89.44,4
128,Entry long,2013-06-13 15:30,Normal,0.68,26681,18143.08,800.43,4.41,0,800.43,4.41,0,0.00,8943.88,89.44,4
129,Exit long,2013-06-24 17:30,Normal,0.62,27858,18943.44,-1671.48,-8.82,0,0,0.00,-1671.48,-8.82,7272.4,72.72,6
129,Entry long,2013-06-21 18:30,Normal,0.68,27858,18943.44,-1671.48,-8.82,0,0,0.00,-1671.48,-8.82,7272.4,72.72,6
130,Exit long,2013-07-11 15:30,Normal,0.78,23660,17271.8,1183,6.85,0,1183,6.85,-709.8,-4.11,8455.4,84.55,37
130,Entry long,2013-07-02 15:30,Normal,0.73,23660,17271.8,1183,6.85,0,1183,6.85,-709.8,-4.11,8455.4,84.55,37
131,Exit long,2013-07-24 15:30,Normal,0.75,22506,18454.92,-1575.42,-8.54,0,225.06,1.22,-1575.42,-8.54,6879.98,68.80,41
131,Entry long,2013-07-16 15:30,Normal,0.82,22506,18454.92,-1575.42,-8.54,0,225.06,1.22,-1575.42,-8.54,6879.98,68.80,41
132,Exit long,2013-08-15 15:30,Normal,0.68,22810,16879.4,-1368.6,-8.11,0,456.2,2.70,-1368.6,-8.11,5511.38,55.11,32
132,Entry long,2013-08-07 21:30,Normal,0.74,22810,16879.4,-1368.6,-8.11,0,456.2,2.70,-1368.6,-8.11,5511.38,55.11,32
133,Exit long,2013-08-27 15:30,Normal,0.64,22480,15511.2,-1124,-7.25,0,224.8,1.45,-1124,-7.25,4387.38,43.87,45
133,Entry long,2013-08-16 15:30,Normal,0.69,22480,15511.2,-1124,-7.25,0,224.8,1.45,-1124,-7.25,4387.38,43.87,45
134,Exit long,2013-09-03 15:30,Normal,0.7,21799,14387.34,871.96,6.06,0,871.96,6.06,-217.99,-1.52,5259.34,52.59,17
134,Entry long,2013-08-28 16:30,Normal,0.66,21799,14387.34,871.96,6.06,0,871.96,6.06,-217.99,-1.52,5259.34,52.59,17
135,Exit long,2013-09-18 20:30,Normal,0.85,18608,15258.56,558.24,3.66,0,558.24,3.66,-186.08,-1.22,5817.58,58.18,15
135,Entry long,2013-09-16 15:30,Normal,0.82,18608,15258.56,558.24,3.66,0,558.24,3.66,-186.08,-1.22,5817.58,58.18,15
136,Exit long,2013-09-30 15:30,Normal,0.78,18608,15816.8,-1302.56,-8.24,0,0,0.00,-1302.56,-8.24,4515.02,45.15,31
136,Entry long,2013-09-20 16:30,Normal,0.85,18608,15816.8,-1302.56,-8.24,0,0,0.00,-1302.56,-8.24,4515.02,45.15,31
137,Exit long,2013-10-10 15:30,Normal,0.82,18373,14514.67,551.19,3.80,0,551.19,3.80,-183.73,-1.27,5066.21,50.66,4
137,Entry long,2013-10-09 18:30,Normal,0.79,18373,14514.67,551.19,3.80,0,551.19,3.80,-183.73,-1.27,5066.21,50.66,4
138,Exit long,2013-10-18 20:30,Normal,0.89,17518,15065.48,525.54,3.49,0,525.54,3.49,-175.18,-1.16,5591.75,55.92,13
138,Entry long,2013-10-16 15:30,Normal,0.86,17518,15065.48,525.54,3.49,0,525.54,3.49,-175.18,-1.16,5591.75,55.92,13
139,Exit long,2013-10-29 14:30,Normal,0.87,19014,15591.48,950.7,6.10,0,950.7,6.10,0,0.00,6542.45,65.42,10
139,Entry long,2013-10-24 17:30,Normal,0.82,19014,15591.48,950.7,6.10,0,950.7,6.10,0,0.00,6542.45,65.42,10
140,Exit long,2013-11-13 21:30,Normal,0.89,19461,16541.85,778.44,4.71,0,778.44,4.71,0,0.00,7320.89,73.21,10
140,Entry long,2013-11-08 19:30,Normal,0.85,19461,16541.85,778.44,4.71,0,778.44,4.71,0,0.00,7320.89,73.21,10
141,Exit long,2013-11-26 16:30,Normal,0.89,20377,17320.45,815.08,4.71,0,815.08,4.71,0,0.00,8135.97,81.36,10
141,Entry long,2013-11-21 15:30,Normal,0.85,20377,17320.45,815.08,4.71,0,815.08,4.71,0,0.00,8135.97,81.36,10
142,Exit long,2013-12-09 15:30,Normal,0.95,19929,18135.39,797.16,4.40,0,797.16,4.40,-597.87,-3.30,8933.13,89.33,16
142,Entry long,2013-12-03 21:30,Normal,0.91,19929,18135.39,797.16,4.40,0,797.16,4.40,-597.87,-3.30,8933.13,89.33,16
143,Exit long,2014-01-15 15:30,Normal,1.09,18204,18932.16,910.2,4.81,0,910.2,4.81,-1274.28,-6.73,9843.33,98.43,45
143,Entry long,2013-12-31 21:30,Normal,1.04,18204,18932.16,910.2,4.81,0,910.2,4.81,-1274.28,-6.73,9843.33,98.43,45
144,Exit long,2014-02-07 21:30,Normal,1.04,19843,19843,793.72,4.00,0,793.72,4.00,-1587.44,-8.00,10637.05,106.37,51
144,Entry long,2014-01-27 16:30,Normal,1,19843,19843,793.72,4.00,0,793.72,4.00,-1587.44,-8.00,10637.05,106.37,51
145,Exit long,2014-03-05 16:30,Normal,1.27,16778,20636.94,671.12,3.25,0,671.12,3.25,-1174.46,-5.69,11308.17,113.08,37
145,Entry long,2014-02-24 16:30,Normal,1.23,16778,20636.94,671.12,3.25,0,671.12,3.25,-1174.46,-5.69,11308.17,113.08,37
146,Exit long,2014-03-20 17:30,Normal,1.36,16390,21307,983.4,4.62,0,983.4,4.62,-1639,-7.69,12291.57,122.92,33
146,Entry long,2014-03-11 15:30,Normal,1.3,16390,21307,983.4,4.62,0,983.4,4.62,-1639,-7.69,12291.57,122.92,33
147,Exit long,2014-04-01 17:30,Normal,1.41,16390,22290.4,819.5,3.68,0,819.5,3.68,-1475.1,-6.62,13111.07,131.11,32
147,Entry long,2014-03-25 14:30,Normal,1.36,16390,22290.4,819.5,3.68,0,819.5,3.68,-1475.1,-6.62,13111.07,131.11,32
148,Exit long,2014-04-09 15:30,Normal,1.34,18055,23110.4,1083.3,4.69,0,1083.3,4.69,0,0.00,14194.37,141.94,7
148,Entry long,2014-04-08 15:30,Normal,1.28,18055,23110.4,1083.3,4.69,0,1083.3,4.69,0,0.00,14194.37,141.94,7
149,Exit long,2014-04-16 15:30,Normal,1.24,20161,24193.2,806.44,3.33,0,806.44,3.33,-604.83,-2.50,15000.81,150.01,12
149,Entry long,2014-04-14 15:30,Normal,1.2,20161,24193.2,806.44,3.33,0,806.44,3.33,-604.83,-2.50,15000.81,150.01,12
150,Exit long,2014-04-25 16:30,Normal,1.27,18116,25000.08,-1992.76,-7.97,0,181.16,0.72,-1992.76,-7.97,13008.05,130.08,4
150,Entry long,2014-04-24 16:30,Normal,1.38,18116,25000.08,-1992.76,-7.97,0,181.16,0.72,-1992.76,-7.97,13008.05,130.08,4
151,Exit long,2014-04-29 15:30,Normal,1.25,19173,23007.6,958.65,4.17,0,958.65,4.17,0,0.00,13966.7,139.67,3
151,Entry long,2014-04-28 19:30,Normal,1.2,19173,23007.6,958.65,4.17,0,958.65,4.17,0,0.00,13966.7,139.67,3
152,Exit long,2014-05-08 15:30,Normal,1.31,19173,23966.25,1150.38,4.80,0,1150.38,4.80,0,0.00,15117.08,151.17,3
152,Entry long,2014-05-07 17:30,Normal,1.25,19173,23966.25,1150.38,4.80,0,1150.38,4.80,0,0.00,15117.08,151.17,3
153,Exit long,2014-05-19 17:30,Normal,1.31,19934,25116.84,996.7,3.97,0,996.7,3.97,0,0.00,16113.78,161.14,4
153,Entry long,2014-05-16 17:30,Normal,1.26,19934,25116.84,996.7,3.97,0,996.7,3.97,0,0.00,16113.78,161.14,4
154,Exit long,2014-06-03 21:30,Normal,1.51,18009,26113.05,1080.54,4.14,0,1080.54,4.14,0,0.00,17194.32,171.94,4
154,Entry long,2014-06-02 15:30,Normal,1.45,18009,26113.05,1080.54,4.14,0,1080.54,4.14,0,0.00,17194.32,171.94,4
155,Exit long,2014-07-01 15:30,Normal,1.75,16284,27194.28,1302.72,4.79,0,1302.72,4.79,-814.2,-2.99,18497.04,184.97,8
155,Entry long,2014-06-25 21:30,Normal,1.67,16284,27194.28,1302.72,4.79,0,1302.72,4.79,-814.2,-2.99,18497.04,184.97,8
156,Exit long,2014-07-16 15:30,Normal,1.85,16009,28496.02,1120.63,3.93,0,1120.63,3.93,-320.18,-1.12,19617.67,196.18,12
156,Entry long,2014-07-11 21:30,Normal,1.78,16009,28496.02,1120.63,3.93,0,1120.63,3.93,-320.18,-1.12,19617.67,196.18,12
157,Exit long,2014-07-25 15:30,Normal,1.6,16924,29617,-2538.6,-8.57,0,1015.44,3.43,-2538.6,-8.57,17079.07,170.79,17
157,Entry long,2014-07-18 16:30,Normal,1.75,16924,29617,-2538.6,-8.57,0,1015.44,3.43,-2538.6,-8.57,17079.07,170.79,17
158,Exit long,2014-07-29 15:30,Normal,1.57,18052,27078,1263.64,4.67,0,1263.64,4.67,0,0.00,18342.71,183.43,4
158,Entry long,2014-07-28 16:30,Normal,1.5,18052,27078,1263.64,4.67,0,1263.64,4.67,0,0.00,18342.71,183.43,4
159,Exit long,2014-08-13 16:30,Normal,1.56,18770,28342.7,938.5,3.31,0,938.5,3.31,-1689.3,-5.96,19281.21,192.81,51
159,Entry long,2014-08-01 15:30,Normal,1.51,18770,28342.7,938.5,3.31,0,938.5,3.31,-1689.3,-5.96,19281.21,192.81,51
160,Exit long,2014-09-04 15:30,Normal,1.82,16828,29280.72,1346.24,4.60,0,1346.24,4.60,0,0.00,20627.45,206.27,12
160,Entry long,2014-08-28 18:30,Normal,1.74,16828,29280.72,1346.24,4.60,0,1346.24,4.60,0,0.00,20627.45,206.27,12
161,Exit long,2014-09-17 15:30,Normal,1.8,17601,30625.74,1056.06,3.45,0,1056.06,3.45,0,0.00,21683.51,216.84,2
161,Entry long,2014-09-16 17:30,Normal,1.74,17601,30625.74,1056.06,3.45,0,1056.06,3.45,0,0.00,21683.51,216.84,2
162,Exit long,2014-09-26 19:30,Normal,1.76,18637,31682.9,1118.22,3.53,0,1118.22,3.53,0,0.00,22801.73,228.02,4
162,Entry long,2014-09-25 21:30,Normal,1.7,18637,31682.9,1118.22,3.53,0,1118.22,3.53,0,0.00,22801.73,228.02,4
163,Exit long,2014-10-07 21:30,Normal,1.47,20501,32801.6,-2665.13,-8.12,0,615.03,1.88,-2665.13,-8.12,20136.6,201.37,28
163,Entry long,2014-10-01 21:30,Normal,1.6,20501,32801.6,-2665.13,-8.12,0,615.03,1.88,-2665.13,-8.12,20136.6,201.37,28
164,Exit long,2014-10-08 19:30,Normal,1.51,20783,30135.35,1246.98,4.14,0,1246.98,4.14,0,0.00,21383.58,213.84,2
164,Entry long,2014-10-08 17:30,Normal,1.45,20783,30135.35,1246.98,4.14,0,1246.98,4.14,0,0.00,21383.58,213.84,2
165,Exit long,2014-10-13 15:30,Normal,1.1,26372,31382.68,-2373.48,-7.56,0,263.72,0.84,-2373.48,-7.56,19010.1,190.10,4
165,Entry long,2014-10-10 18:30,Normal,1.19,26372,31382.68,-2373.48,-7.56,0,263.72,0.84,-2373.48,-7.56,19010.1,190.10,4
166,Exit long,2014-10-17 15:30,Normal,1.27,23975,29009.75,1438.5,4.96,0,1438.5,4.96,-719.25,-2.48,20448.6,204.49,4
166,Entry long,2014-10-16 18:30,Normal,1.21,23975,29009.75,1438.5,4.96,0,1438.5,4.96,-719.25,-2.48,20448.6,204.49,4
167,Exit long,2014-10-27 17:30,Normal,1.48,21292,30447.56,1064.6,3.50,0,1064.6,3.50,-425.84,-1.40,21513.2,215.13,17
167,Entry long,2014-10-23 15:30,Normal,1.43,21292,30447.56,1064.6,3.50,0,1064.6,3.50,-425.84,-1.40,21513.2,215.13,17
168,Exit long,2014-10-29 14:30,Normal,1.56,21008,31512,1260.48,4.00,0,1260.48,4.00,-210.08,-0.67,22773.68,227.74,7
168,Entry long,2014-10-28 14:30,Normal,1.5,21008,31512,1260.48,4.00,0,1260.48,4.00,-210.08,-0.67,22773.68,227.74,7
169,Exit long,2014-11-05 19:30,Normal,1.75,19392,32772.48,1163.52,3.55,0,1163.52,3.55,0,0.00,23937.2,239.37,7
169,Entry long,2014-11-04 19:30,Normal,1.69,19392,32772.48,1163.52,3.55,0,1163.52,3.55,0,0.00,23937.2,239.37,7
170,Exit long,2014-11-13 15:30,Normal,1.71,20567,33935.55,1234.02,3.64,0,1234.02,3.64,-205.67,-0.61,25171.22,251.71,19
170,Entry long,2014-11-07 21:30,Normal,1.65,20567,33935.55,1234.02,3.64,0,1234.02,3.64,-205.67,-0.61,25171.22,251.71,19
171,Exit long,2014-11-18 16:30,Normal,1.75,20811,35170.59,1248.66,3.55,0,1248.66,3.55,0,0.00,26419.88,264.20,3
171,Entry long,2014-11-17 19:30,Normal,1.69,20811,35170.59,1248.66,3.55,0,1248.66,3.55,0,0.00,26419.88,264.20,3
172,Exit long,2014-11-21 15:30,Normal,1.86,20576,36419.52,1851.84,5.08,0,1851.84,5.08,0,0.00,28271.72,282.72,4
172,Entry long,2014-11-20 16:30,Normal,1.77,20576,36419.52,1851.84,5.08,0,1851.84,5.08,0,0.00,28271.72,282.72,4
173,Exit long,2014-12-03 15:30,Normal,2.07,19232,38271.68,1538.56,4.02,0,1538.56,4.02,0,0.00,29810.28,298.10,3
173,Entry long,2014-12-02 19:30,Normal,1.99,19232,38271.68,1538.56,4.02,0,1538.56,4.02,0,0.00,29810.28,298.10,3
174,Exit long,2014-12-12 21:30,Normal,1.92,19047,39808.23,-3237.99,-8.13,0,0,0.00,-3237.99,-8.13,26572.29,265.72,11
174,Entry long,2014-12-11 16:30,Normal,2.09,19047,39808.23,-3237.99,-8.13,0,0,0.00,-3237.99,-8.13,26572.29,265.72,11
175,Exit long,2014-12-18 15:30,Normal,2.05,18851,36570.94,2073.61,5.67,0,2073.61,5.67,-2639.14,-7.22,28645.9,286.46,21
175,Entry long,2014-12-15 15:30,Normal,1.94,18851,36570.94,2073.61,5.67,0,2073.61,5.67,-2639.14,-7.22,28645.9,286.46,21
176,Exit long,2015-01-05 18:30,Normal,1.94,18315,38644.65,-3113.55,-8.06,0,0,0.00,-3113.55,-8.06,25532.35,255.32,15
176,Entry long,2014-12-31 17:30,Normal,2.11,18315,38644.65,-3113.55,-8.06,0,0,0.00,-3113.55,-8.06,25532.35,255.32,15
177,Exit long,2015-01-07 17:30,Normal,1.87,19631,35532.11,1177.86,3.31,0,1177.86,3.31,-196.31,-0.55,26710.21,267.10,6
177,Entry long,2015-01-06 18:30,Normal,1.81,19631,35532.11,1177.86,3.31,0,1177.86,3.31,-196.31,-0.55,26710.21,267.10,6
178,Exit long,2015-01-15 15:30,Normal,1.88,20170,36709.4,1210.2,3.30,0,1210.2,3.30,0,0.00,27920.41,279.20,1
178,Entry long,2015-01-14 21:30,Normal,1.82,20170,36709.4,1210.2,3.30,0,1210.2,3.30,0,0.00,27920.41,279.20,1
179,Exit long,2015-01-20 15:30,Normal,1.87,21184,37919.36,1694.72,4.47,0,1694.72,4.47,0,0.00,29615.13,296.15,6
179,Entry long,2015-01-16 16:30,Normal,1.79,21184,37919.36,1694.72,4.47,0,1694.72,4.47,0,0.00,29615.13,296.15,6
180,Exit long,2015-01-29 15:30,Normal,1.8,20007,39613.86,-3601.26,-9.09,0,400.14,1.01,-3601.26,-9.09,26013.87,260.14,15
180,Entry long,2015-01-26 19:30,Normal,1.98,20007,39613.86,-3601.26,-9.09,0,400.14,1.01,-3601.26,-9.09,26013.87,260.14,15
181,Exit long,2015-02-02 21:30,Normal,1.77,21060,36012.6,1263.6,3.51,0,1263.6,3.51,-631.8,-1.75,27277.47,272.77,5
181,Entry long,2015-02-02 16:30,Normal,1.71,21060,36012.6,1263.6,3.51,0,1263.6,3.51,-631.8,-1.75,27277.47,272.77,5
182,Exit long,2015-03-02 15:30,Normal,2.37,16278,37276.62,1302.24,3.49,0,1302.24,3.49,-325.56,-0.87,28579.71,285.80,10
182,Entry long,2015-02-26 15:30,Normal,2.29,16278,37276.62,1302.24,3.49,0,1302.24,3.49,-325.56,-0.87,28579.71,285.80,10
183,Exit long,2015-03-10 19:30,Normal,2.16,16487,38579.58,-2967.66,-7.69,0,329.74,0.85,-2967.66,-7.69,25612.05,256.12,21
183,Entry long,2015-03-05 15:30,Normal,2.34,16487,38579.58,-2967.66,-7.69,0,329.74,0.85,-2967.66,-7.69,25612.05,256.12,21
184,Exit long,2015-03-16 14:30,Normal,2.28,16187,35611.4,1294.96,3.64,0,1294.96,3.64,-1780.57,-5.00,26907.01,269.07,14
184,Entry long,2015-03-11 16:30,Normal,2.2,16187,35611.4,1294.96,3.64,0,1294.96,3.64,-1780.57,-5.00,26907.01,269.07,14
185,Exit long,2015-03-27 14:30,Normal,1.94,19736,36906.32,1381.52,3.74,0,1381.52,3.74,0,0.00,28288.53,282.89,6
185,Entry long,2015-03-26 15:30,Normal,1.87,19736,36906.32,1381.52,3.74,0,1381.52,3.74,0,0.00,28288.53,282.89,6
186,Exit long,2015-04-09 20:30,Normal,2.16,18496,38286.72,1664.64,4.35,0,1664.64,4.35,-2404.48,-6.28,29953.17,299.53,49
186,Entry long,2015-03-30 15:30,Normal,2.07,18496,38286.72,1664.64,4.35,0,1664.64,4.35,-2404.48,-6.28,29953.17,299.53,49
187,Exit long,2015-04-22 18:30,Normal,2.22,18669,39951.66,1493.52,3.74,0,1493.52,3.74,-2053.59,-5.14,31446.69,314.47,33
187,Entry long,2015-04-15 15:30,Normal,2.14,18669,39951.66,1493.52,3.74,0,1493.52,3.74,-2053.59,-5.14,31446.69,314.47,33
188,Exit long,2015-04-27 15:30,Normal,2.11,20417,41446.51,1633.36,3.94,0,1633.36,3.94,0,0.00,33080.05,330.80,1
188,Entry long,2015-04-24 21:30,Normal,2.03,20417,41446.51,1633.36,3.94,0,1633.36,3.94,0,0.00,33080.05,330.80,1
189,Exit long,2015-05-01 15:30,Normal,2.09,21326,43078.52,1492.82,3.47,0,1492.82,3.47,-1706.08,-3.96,34572.87,345.73,10
189,Entry long,2015-04-29 19:30,Normal,2.02,21326,43078.52,1492.82,3.47,0,1492.82,3.47,-1706.08,-3.96,34572.87,345.73,10
190,Exit long,2015-05-14 21:30,Normal,2.19,21124,44571.64,1689.92,3.79,0,1689.92,3.79,-633.72,-1.42,36262.79,362.63,10
190,Entry long,2015-05-13 15:30,Normal,2.11,21124,44571.64,1689.92,3.79,0,1689.92,3.79,-633.72,-1.42,36262.79,362.63,10
191,Exit long,2015-05-27 17:30,Normal,2.31,20745,46261.35,1659.6,3.59,0,1659.6,3.59,-829.8,-1.79,37922.39,379.22,30
191,Entry long,2015-05-19 19:30,Normal,2.23,20745,46261.35,1659.6,3.59,0,1659.6,3.59,-829.8,-1.79,37922.39,379.22,30
192,Exit long,2015-06-05 15:30,Normal,2.29,19245,47920.05,-3849,-8.03,0,1539.6,3.21,-3849,-8.03,34073.39,340.73,42
192,Entry long,2015-05-28 15:30,Normal,2.49,19245,47920.05,-3849,-8.03,0,1539.6,3.21,-3849,-8.03,34073.39,340.73,42
193,Exit long,2015-06-10 16:30,Normal,2.27,20033,44072.6,1402.31,3.18,0,1402.31,3.18,-1602.64,-3.64,35475.7,354.76,9
193,Entry long,2015-06-08 21:30,Normal,2.2,20033,44072.6,1402.31,3.18,0,1402.31,3.18,-1602.64,-3.64,35475.7,354.76,9
194,Exit long,2015-06-18 15:30,Normal,2.27,20765,45475.35,1661.2,3.65,0,1661.2,3.65,-415.3,-0.91,37136.9,371.37,17
194,Entry long,2015-06-15 18:30,Normal,2.19,20765,45475.35,1661.2,3.65,0,1661.2,3.65,-415.3,-0.91,37136.9,371.37,17
195,Exit long,2015-06-26 16:30,Normal,2.12,20494,47136.2,-3688.92,-7.83,0,1024.7,2.17,-3688.92,-7.83,33447.98,334.48,30
195,Entry long,2015-06-19 21:30,Normal,2.3,20494,47136.2,-3688.92,-7.83,0,1024.7,2.17,-3688.92,-7.83,33447.98,334.48,30
196,Exit long,2015-07-01 15:30,Normal,1.98,22747,43446.77,1592.29,3.66,0,1592.29,3.66,-682.41,-1.57,35040.27,350.40,7
196,Entry long,2015-06-30 15:30,Normal,1.91,22747,43446.77,1592.29,3.66,0,1592.29,3.66,-682.41,-1.57,35040.27,350.40,7
197,Exit long,2015-07-07 20:30,Normal,1.84,25446,45039.42,1781.22,3.95,0,1781.22,3.95,0,0.00,36821.49,368.21,2
197,Entry long,2015-07-07 18:30,Normal,1.77,25446,45039.42,1781.22,3.95,0,1781.22,3.95,0,0.00,36821.49,368.21,2
198,Exit long,2015-07-13 15:30,Normal,1.77,27380,46819.8,1642.8,3.51,0,1642.8,3.51,-2190.4,-4.68,38464.29,384.64,14
198,Entry long,2015-07-09 15:30,Normal,1.71,27380,46819.8,1642.8,3.51,0,1642.8,3.51,-2190.4,-4.68,38464.29,384.64,14
199,Exit long,2015-07-23 15:30,Normal,1.67,30290,48464,2120.3,4.38,0,2120.3,4.38,0,0.00,40584.59,405.85,4
199,Entry long,2015-07-22 18:30,Normal,1.6,30290,48464,2120.3,4.38,0,2120.3,4.38,0,0.00,40584.59,405.85,4
200,Exit long,2015-08-05 15:30,Normal,1.59,33061,50583.33,1983.66,3.92,0,1983.66,3.92,-330.61,-0.65,42568.25,425.68,4
200,Entry long,2015-08-04 18:30,Normal,1.53,33061,50583.33,1983.66,3.92,0,1983.66,3.92,-330.61,-0.65,42568.25,425.68,4
201,Exit long,2015-08-10 15:30,Normal,1.58,34584,52567.68,2075.04,3.95,0,2075.04,3.95,-345.84,-0.66,44643.29,446.43,5
201,Entry long,2015-08-07 17:30,Normal,1.52,34584,52567.68,2075.04,3.95,0,2075.04,3.95,-345.84,-0.66,44643.29,446.43,5
202,Exit long,2015-08-19 15:30,Normal,1.43,35027,54642.12,-4553.51,-8.33,0,1050.81,1.92,-4553.51,-8.33,40089.78,400.90,31
202,Entry long,2015-08-12 19:30,Normal,1.56,35027,54642.12,-4553.51,-8.33,0,1050.81,1.92,-4553.51,-8.33,40089.78,400.90,31
203,Exit long,2015-08-24 15:30,Normal,0.95,41396,50089.16,-10762.96,-21.49,0,827.92,1.65,-10762.96,-21.49,29326.82,293.27,5
203,Entry long,2015-08-21 17:30,Normal,1.21,41396,50089.16,-10762.96,-21.49,0,827.92,1.65,-10762.96,-21.49,29326.82,293.27,5
204,Exit long,2015-08-27 18:30,Normal,1.33,30485,39325.65,1219.4,3.10,0,1219.4,3.10,-304.85,-0.78,30546.22,305.46,2
204,Entry long,2015-08-27 16:30,Normal,1.29,30485,39325.65,1219.4,3.10,0,1219.4,3.10,-304.85,-0.78,30546.22,305.46,2
205,Exit long,2015-09-03 15:30,Normal,1.3,32698,40545.52,1961.88,4.84,0,1961.88,4.84,-326.98,-0.81,32508.1,325.08,6
205,Entry long,2015-09-02 16:30,Normal,1.24,32698,40545.52,1961.88,4.84,0,1961.88,4.84,-326.98,-0.81,32508.1,325.08,6
206,Exit long,2015-09-15 16:30,Normal,1.42,31027,42506.99,1551.35,3.65,0,1551.35,3.65,-2171.89,-5.11,34059.45,340.59,19
206,Entry long,2015-09-10 18:30,Normal,1.37,31027,42506.99,1551.35,3.65,0,1551.35,3.65,-2171.89,-5.11,34059.45,340.59,19
207,Exit long,2015-09-22 15:30,Normal,1.23,32880,44059.2,-3616.8,-8.21,0,328.8,0.75,-3616.8,-8.21,30442.65,304.43,7
207,Entry long,2015-09-21 15:30,Normal,1.34,32880,44059.2,-3616.8,-8.21,0,328.8,0.75,-3616.8,-8.21,30442.65,304.43,7
208,Exit long,2015-09-24 15:30,Normal,1.1,33985,40442.15,-3058.65,-7.56,0,679.7,1.68,-3058.65,-7.56,27384,273.84,4
208,Entry long,2015-09-23 18:30,Normal,1.19,33985,40442.15,-3058.65,-7.56,0,679.7,1.68,-3058.65,-7.56,27384,273.84,4
209,Exit long,2015-10-07 15:30,Normal,1.42,27287,37383.19,1364.35,3.65,0,1364.35,3.65,-272.87,-0.73,28748.35,287.48,3
209,Entry long,2015-10-06 19:30,Normal,1.37,27287,37383.19,1364.35,3.65,0,1364.35,3.65,-272.87,-0.73,28748.35,287.48,3
210,Exit long,2015-10-09 15:30,Normal,1.47,27287,38747.54,1364.35,3.52,0,1364.35,3.52,0,0.00,30112.7,301.13,3
210,Entry long,2015-10-08 19:30,Normal,1.42,27287,38747.54,1364.35,3.52,0,1364.35,3.52,0,0.00,30112.7,301.13,3
211,Exit long,2015-10-14 17:30,Normal,1.48,28248,40112.16,1694.88,4.23,0,1694.88,4.23,-282.48,-0.70,31807.58,318.08,2
211,Entry long,2015-10-14 15:30,Normal,1.42,28248,40112.16,1694.88,4.23,0,1694.88,4.23,-282.48,-0.70,31807.58,318.08,2
212,Exit long,2015-10-21 15:30,Normal,1.63,26629,41807.53,1597.74,3.82,0,1597.74,3.82,-798.87,-1.91,33405.32,334.05,15
212,Entry long,2015-10-16 21:30,Normal,1.57,26629,41807.53,1597.74,3.82,0,1597.74,3.82,-798.87,-1.91,33405.32,334.05,15
213,Exit long,2015-11-12 15:30,Normal,1.57,25532,43404.4,-3319.16,-7.65,0,1276.6,2.94,-3319.16,-7.65,30086.16,300.86,77
213,Entry long,2015-10-28 14:30,Normal,1.7,25532,43404.4,-3319.16,-7.65,0,1276.6,2.94,-3319.16,-7.65,30086.16,300.86,77
214,Exit long,2015-11-17 15:30,Normal,1.56,26724,40086,1603.44,4.00,0,1603.44,4.00,-267.24,-0.67,31689.6,316.90,13
214,Entry long,2015-11-13 16:30,Normal,1.5,26724,40086,1603.44,4.00,0,1603.44,4.00,-267.24,-0.67,31689.6,316.90,13
215,Exit long,2015-11-27 16:30,Normal,1.69,25576,41688.88,1534.56,3.68,0,1534.56,3.68,-1023.04,-2.45,33224.16,332.24,12
215,Entry long,2015-11-24 15:30,Normal,1.63,25576,41688.88,1534.56,3.68,0,1534.56,3.68,-1023.04,-2.45,33224.16,332.24,12
216,Exit long,2015-12-04 20:30,Normal,1.86,24013,43223.4,1440.78,3.33,0,1440.78,3.33,-240.13,-0.56,34664.94,346.65,5
216,Entry long,2015-12-04 15:30,Normal,1.8,24013,43223.4,1440.78,3.33,0,1440.78,3.33,-240.13,-0.56,34664.94,346.65,5
217,Exit long,2015-12-11 20:30,Normal,1.62,25377,44663.52,-3552.78,-7.95,0,253.77,0.57,-3552.78,-7.95,31112.16,311.12,22
217,Entry long,2015-12-08 19:30,Normal,1.76,25377,44663.52,-3552.78,-7.95,0,253.77,0.57,-3552.78,-7.95,31112.16,311.12,22
218,Exit long,2015-12-15 15:30,Normal,1.63,26186,41112.02,1571.16,3.82,0,1571.16,3.82,-523.72,-1.27,32683.32,326.83,5
218,Entry long,2015-12-14 17:30,Normal,1.57,26186,41112.02,1571.16,3.82,0,1571.16,3.82,-523.72,-1.27,32683.32,326.83,5
219,Exit long,2015-12-23 15:30,Normal,1.67,26511,42682.71,1590.66,3.73,0,1590.66,3.73,-530.22,-1.24,34273.98,342.74,14
219,Entry long,2015-12-21 15:30,Normal,1.61,26511,42682.71,1590.66,3.73,0,1590.66,3.73,-530.22,-1.24,34273.98,342.74,14
220,Exit long,2016-01-06 15:30,Normal,1.43,28563,44272.65,-3427.56,-7.74,0,1142.52,2.58,-3427.56,-7.74,30846.42,308.46,11
220,Entry long,2016-01-04 18:30,Normal,1.55,28563,44272.65,-3427.56,-7.74,0,1142.52,2.58,-3427.56,-7.74,30846.42,308.46,11
221,Exit long,2016-01-08 16:30,Normal,1.22,30711,40845.63,-3378.21,-8.27,0,307.11,0.75,-3378.21,-8.27,27468.21,274.68,7
221,Entry long,2016-01-07 16:30,Normal,1.33,30711,40845.63,-3378.21,-8.27,0,307.11,0.75,-3378.21,-8.27,27468.21,274.68,7
222,Exit long,2016-01-14 18:30,Normal,1.19,32581,37468.15,1303.24,3.48,0,1303.24,3.48,-977.43,-2.61,28771.45,287.71,3
222,Entry long,2016-01-14 15:30,Normal,1.15,32581,37468.15,1303.24,3.48,0,1303.24,3.48,-977.43,-2.61,28771.45,287.71,3
223,Exit long,2016-01-20 15:30,Normal,0.99,36234,38770.38,-2898.72,-7.48,0,724.68,1.87,-2898.72,-7.48,25872.73,258.73,7
223,Entry long,2016-01-19 15:30,Normal,1.07,36234,38770.38,-2898.72,-7.48,0,724.68,1.87,-2898.72,-7.48,25872.73,258.73,7
224,Exit long,2016-01-29 15:30,Normal,1.2,31193,35871.95,1559.65,4.35,0,1559.65,4.35,-2495.44,-6.96,27432.38,274.32,12
224,Entry long,2016-01-27 17:30,Normal,1.15,31193,35871.95,1559.65,4.35,0,1559.65,4.35,-2495.44,-6.96,27432.38,274.32,12
225,Exit long,2016-02-04 15:30,Normal,1.19,32549,37431.35,1301.96,3.48,0,1301.96,3.48,-325.49,-0.87,28734.34,287.34,1
225,Entry long,2016-02-03 21:30,Normal,1.15,32549,37431.35,1301.96,3.48,0,1301.96,3.48,-325.49,-0.87,28734.34,287.34,1
226,Exit long,2016-02-09 15:30,Normal,1.02,39524,38733.52,1580.96,4.08,0,1580.96,4.08,-1185.72,-3.06,30315.3,303.15,5
226,Entry long,2016-02-08 17:30,Normal,0.98,39524,38733.52,1580.96,4.08,0,1580.96,4.08,-1185.72,-3.06,30315.3,303.15,5
227,Exit long,2016-02-12 16:30,Normal,0.97,43349,40314.57,1733.96,4.30,0,1733.96,4.30,-1300.47,-3.23,32049.26,320.49,5
227,Entry long,2016-02-11 18:30,Normal,0.93,43349,40314.57,1733.96,4.30,0,1733.96,4.30,-1300.47,-3.23,32049.26,320.49,5
228,Exit long,2016-02-22 15:30,Normal,1.24,35335,42048.65,1766.75,4.20,0,1766.75,4.20,-353.35,-0.84,33816.01,338.16,6
228,Entry long,2016-02-19 16:30,Normal,1.19,35335,42048.65,1766.75,4.20,0,1766.75,4.20,-353.35,-0.84,33816.01,338.16,6
229,Exit long,2016-02-24 19:30,Normal,1.21,37772,43815.52,1888.6,4.31,0,1888.6,4.31,0,0.00,35704.61,357.05,2
229,Entry long,2016-02-24 17:30,Normal,1.16,37772,43815.52,1888.6,4.31,0,1888.6,4.31,0,0.00,35704.61,357.05,2
230,Exit long,2016-03-04 16:30,Normal,1.47,32186,45704.12,1609.3,3.52,0,1609.3,3.52,-321.86,-0.70,37313.91,373.14,4
230,Entry long,2016-03-03 19:30,Normal,1.42,32186,45704.12,1609.3,3.52,0,1609.3,3.52,-321.86,-0.70,37313.91,373.14,4
231,Exit long,2016-03-16 20:30,Normal,1.54,31968,47312.64,1918.08,4.05,0,1918.08,4.05,-3516.48,-7.43,39231.99,392.32,53
231,Entry long,2016-03-07 17:30,Normal,1.48,31968,47312.64,1918.08,4.05,0,1918.08,4.05,-3516.48,-7.43,39231.99,392.32,53
232,Exit long,2016-03-29 19:30,Normal,1.61,31762,49231.1,1905.72,3.87,0,1905.72,3.87,-952.86,-1.94,41137.71,411.38,15
232,Entry long,2016-03-24 17:30,Normal,1.55,31762,49231.1,1905.72,3.87,0,1905.72,3.87,-952.86,-1.94,41137.71,411.38,15
233,Exit long,2016-04-28 20:30,Normal,1.52,30992,51136.8,-4028.96,-7.88,0,1239.68,2.42,-4028.96,-7.88,37108.75,371.09,135
233,Entry long,2016-04-01 18:30,Normal,1.65,30992,51136.8,-4028.96,-7.88,0,1239.68,2.42,-4028.96,-7.88,37108.75,371.09,135
234,Exit long,2016-05-16 15:30,Normal,1.38,35420,47108.6,1771,3.76,0,1771,3.76,-354.2,-0.75,38879.75,388.80,7
234,Entry long,2016-05-13 15:30,Normal,1.33,35420,47108.6,1771,3.76,0,1771,3.76,-354.2,-0.75,38879.75,388.80,7
235,Exit long,2016-06-03 15:30,Normal,1.86,27772,48878.72,2777.2,5.68,0,2777.2,5.68,-277.72,-0.57,41656.95,416.57,21
235,Entry long,2016-05-31 15:30,Normal,1.76,27772,48878.72,2777.2,5.68,0,2777.2,5.68,-277.72,-0.57,41656.95,416.57,21
236,Exit long,2016-06-14 16:30,Normal,1.71,27772,51655.92,-4165.8,-8.06,0,555.44,1.08,-4165.8,-8.06,37491.15,374.91,36
236,Entry long,2016-06-07 15:30,Normal,1.86,27772,51655.92,-4165.8,-8.06,0,555.44,1.08,-4165.8,-8.06,37491.15,374.91,36
237,Exit long,2016-06-20 15:30,Normal,1.79,27611,47490.92,1932.77,4.07,0,1932.77,4.07,-1380.55,-2.91,39423.92,394.24,11
237,Entry long,2016-06-16 18:30,Normal,1.72,27611,47490.92,1932.77,4.07,0,1932.77,4.07,-1380.55,-2.91,39423.92,394.24,11
238,Exit long,2016-06-30 16:30,Normal,1.65,31084,49423.56,1865.04,3.77,0,1865.04,3.77,-310.84,-0.63,41288.96,412.89,6
238,Entry long,2016-06-29 17:30,Normal,1.59,31084,49423.56,1865.04,3.77,0,1865.04,3.77,-310.84,-0.63,41288.96,412.89,6
239,Exit long,2016-07-07 15:30,Normal,1.6,33304,51288.16,1998.24,3.90,0,1998.24,3.90,0,0.00,43287.2,432.87,6
239,Entry long,2016-07-06 16:30,Normal,1.54,33304,51288.16,1998.24,3.90,0,1998.24,3.90,0,0.00,43287.2,432.87,6
240,Exit long,2016-07-20 19:30,Normal,2.09,26511,53287.11,2120.88,3.98,0,2120.88,3.98,-1060.44,-1.99,45408.08,454.08,18
240,Entry long,2016-07-18 15:30,Normal,2.01,26511,53287.11,2120.88,3.98,0,2120.88,3.98,-1060.44,-1.99,45408.08,454.08,18
241,Exit long,2016-07-26 15:30,Normal,2.17,26767,55407.69,2676.7,4.83,0,2676.7,4.83,0,0.00,48084.78,480.85,12
241,Entry long,2016-07-22 17:30,Normal,2.07,26767,55407.69,2676.7,4.83,0,2676.7,4.83,0,0.00,48084.78,480.85,12
242,Exit long,2016-08-08 15:30,Normal,2.37,25475,58083,2292.75,3.95,0,2292.75,3.95,-3311.75,-5.70,50377.53,503.78,29
242,Entry long,2016-08-01 21:30,Normal,2.28,25475,58083,2292.75,3.95,0,2292.75,3.95,-3311.75,-5.70,50377.53,503.78,29
243,Exit long,2016-08-15 15:30,Normal,2.44,25692,60376.2,2312.28,3.83,0,2312.28,3.83,0,0.00,52689.81,526.90,13
243,Entry long,2016-08-11 16:30,Normal,2.35,25692,60376.2,2312.28,3.83,0,2312.28,3.83,0,0.00,52689.81,526.90,13
244,Exit long,2016-08-19 15:30,Normal,2.55,25483,62688.18,2293.47,3.66,0,2293.47,3.66,0,0.00,54983.28,549.83,7
244,Entry long,2016-08-18 15:30,Normal,2.46,25483,62688.18,2293.47,3.66,0,2293.47,3.66,0,0.00,54983.28,549.83,7
245,Exit long,2016-08-30 15:30,Normal,2.68,25187,64982.46,2518.7,3.88,0,2518.7,3.88,-503.74,-0.78,57501.98,575.02,18
245,Entry long,2016-08-25 17:30,Normal,2.58,25187,64982.46,2518.7,3.88,0,2518.7,3.88,-503.74,-0.78,57501.98,575.02,18
246,Exit long,2016-09-09 16:30,Normal,2.41,25862,67499.82,-5172.4,-7.66,0,2068.96,3.07,-5172.4,-7.66,52329.58,523.30,39
246,Entry long,2016-08-31 19:30,Normal,2.61,25862,67499.82,-5172.4,-7.66,0,2068.96,3.07,-5172.4,-7.66,52329.58,523.30,39
247,Exit long,2016-09-22 15:30,Normal,2.74,23789,62327.18,2854.68,4.58,0,2854.68,4.58,-951.56,-1.53,55184.26,551.84,6
247,Entry long,2016-09-21 16:30,Normal,2.62,23789,62327.18,2854.68,4.58,0,2854.68,4.58,-951.56,-1.53,55184.26,551.84,6
248,Exit long,2016-09-28 15:30,Normal,2.71,24879,65182.98,2239.11,3.44,0,2239.11,3.44,-746.37,-1.15,57423.37,574.23,7
248,Entry long,2016-09-27 15:30,Normal,2.62,24879,65182.98,2239.11,3.44,0,2239.11,3.44,-746.37,-1.15,57423.37,574.23,7
249,Exit long,2016-10-10 15:30,Normal,2.99,23410,67420.8,2575.1,3.82,0,2575.1,3.82,-1638.7,-2.43,59998.47,599.98,28
249,Entry long,2016-10-04 15:30,Normal,2.88,23410,67420.8,2575.1,3.82,0,2575.1,3.82,-1638.7,-2.43,59998.47,599.98,28
250,Exit long,2016-10-14 15:30,Normal,2.66,27343,69998.08,2734.3,3.91,0,2734.3,3.91,0,0.00,62732.77,627.33,4
250,Entry long,2016-10-13 18:30,Normal,2.56,27343,69998.08,2734.3,3.91,0,2734.3,3.91,0,0.00,62732.77,627.33,4
251,Exit long,2016-11-01 18:30,Normal,2.62,25610,72732.4,-5634.2,-7.75,0,2304.9,3.17,-5634.2,-7.75,57098.57,570.99,31
251,Entry long,2016-10-26 16:30,Normal,2.84,25610,72732.4,-5634.2,-7.75,0,2304.9,3.17,-5634.2,-7.75,57098.57,570.99,31
252,Exit long,2016-11-07 17:30,Normal,2.8,24759,67096.89,2228.31,3.32,0,2228.31,3.32,-4209.03,-6.27,59326.88,593.27,23
252,Entry long,2016-11-02 14:30,Normal,2.71,24759,67096.89,2228.31,3.32,0,2228.31,3.32,-4209.03,-6.27,59326.88,593.27,23
253,Exit long,2016-12-02 16:30,Normal,2.97,24155,69324.85,2415.5,3.48,0,2415.5,3.48,0,0.00,61742.38,617.42,2
253,Entry long,2016-12-01 21:30,Normal,2.87,24155,69324.85,2415.5,3.48,0,2415.5,3.48,0,0.00,61742.38,617.42,2
254,Exit long,2016-12-06 15:30,Normal,3.21,23142,71740.2,2545.62,3.55,0,2545.62,3.55,-694.26,-0.97,64288,642.88,6
254,Entry long,2016-12-05 16:30,Normal,3.1,23142,71740.2,2545.62,3.55,0,2545.62,3.55,-694.26,-0.97,64288,642.88,6
255,Exit long,2016-12-09 15:30,Normal,3.62,21225,74287.5,2547,3.43,0,2547,3.43,-424.5,-0.57,66835,668.35,7
255,Entry long,2016-12-08 15:30,Normal,3.5,21225,74287.5,2547,3.43,0,2547,3.43,-424.5,-0.57,66835,668.35,7
256,Exit long,2016-12-15 15:30,Normal,3.65,21828,76834.56,2837.64,3.69,0,2837.64,3.69,-1091.4,-1.42,69672.64,696.73,14
256,Entry long,2016-12-13 15:30,Normal,3.52,21828,76834.56,2837.64,3.69,0,2837.64,3.69,-1091.4,-1.42,69672.64,696.73,14
257,Exit long,2016-12-20 15:30,Normal,3.81,21650,79672,2814.5,3.53,0,2814.5,3.53,-433,-0.54,72487.14,724.87,7
257,Entry long,2016-12-19 15:30,Normal,3.68,21650,79672,2814.5,3.53,0,2814.5,3.53,-433,-0.54,72487.14,724.87,7
258,Exit long,2017-01-20 15:30,Normal,3.91,21821,82483.38,2836.73,3.44,0,2836.73,3.44,-5673.46,-6.88,75323.87,753.24,94
258,Entry long,2016-12-29 19:30,Normal,3.78,21821,82483.38,2836.73,3.44,0,2836.73,3.44,-5673.46,-6.88,75323.87,753.24,94
259,Exit long,2017-01-27 15:30,Normal,4.26,20760,85323.6,3114,3.65,0,3114,3.65,-207.6,-0.24,78437.87,784.38,14
259,Entry long,2017-01-25 15:30,Normal,4.11,20760,85323.6,3114,3.65,0,3114,3.65,-207.6,-0.24,78437.87,784.38,14
260,Exit long,2017-02-01 15:30,Normal,4.23,21729,88437.03,3476.64,3.93,0,3476.64,3.93,0,0.00,81914.51,819.15,1
260,Entry long,2017-01-31 21:30,Normal,4.07,21729,88437.03,3476.64,3.93,0,3476.64,3.93,0,0.00,81914.51,819.15,1
261,Exit long,2017-02-21 15:30,Normal,4.59,20795,91913.9,3535.15,3.85,0,3535.15,3.85,-4574.9,-4.98,85449.66,854.50,56
261,Entry long,2017-02-07 21:30,Normal,4.42,20795,91913.9,3535.15,3.85,0,3535.15,3.85,-4574.9,-4.98,85449.66,854.50,56
262,Exit long,2017-03-01 20:30,Normal,4.6,21497,95446.68,3439.52,3.60,0,3439.52,3.60,-1289.82,-1.35,88889.18,888.89,20
262,Entry long,2017-02-24 21:30,Normal,4.44,21497,95446.68,3439.52,3.60,0,3439.52,3.60,-1289.82,-1.35,88889.18,888.89,20
263,Exit long,2017-03-10 15:30,Normal,4.71,21733,98885.15,3477.28,3.52,0,3477.28,3.52,0,0.00,92366.46,923.66,1
263,Entry long,2017-03-09 21:30,Normal,4.55,21733,98885.15,3477.28,3.52,0,3477.28,3.52,0,0.00,92366.46,923.66,1
264,Exit long,2017-03-20 14:30,Normal,4.96,21326,102364.8,3412.16,3.33,0,3412.16,3.33,-426.52,-0.42,95778.62,957.79,17
264,Entry long,2017-03-15 17:30,Normal,4.8,21326,102364.8,3412.16,3.33,0,3412.16,3.33,-426.52,-0.42,95778.62,957.79,17
265,Exit long,2017-03-24 14:30,Normal,4.99,22269,105777.75,5344.56,5.05,0,5344.56,5.05,-445.38,-0.42,101123.18,1011.23,13
265,Entry long,2017-03-22 15:30,Normal,4.75,22269,105777.75,5344.56,5.05,0,5344.56,5.05,-445.38,-0.42,101123.18,1011.23,13
266,Exit long,2017-04-11 15:30,Normal,4.52,22678,111122.2,-8617.64,-7.76,0,3401.7,3.06,-8617.64,-7.76,92505.54,925.06,74
266,Entry long,2017-03-27 18:30,Normal,4.9,22678,111122.2,-8617.64,-7.76,0,3401.7,3.06,-8617.64,-7.76,92505.54,925.06,74
267,Exit long,2017-04-19 15:30,Normal,4.57,23349,102502.11,4202.82,4.10,0,4202.82,4.10,-3035.37,-2.96,96708.36,967.08,21
267,Entry long,2017-04-13 15:30,Normal,4.39,23349,102502.11,4202.82,4.10,0,4202.82,4.10,-3035.37,-2.96,96708.36,967.08,21
268,Exit long,2017-05-10 15:30,Normal,5.27,20964,106706.76,3773.52,3.54,0,3773.52,3.54,-6708.48,-6.29,100481.88,1004.82,62
268,Entry long,2017-04-27 16:30,Normal,5.09,20964,106706.76,3773.52,3.54,0,3773.52,3.54,-6708.48,-6.29,100481.88,1004.82,62
269,Exit long,2017-05-15 15:30,Normal,5.63,20309,110480.96,3858.71,3.49,0,3858.71,3.49,0,0.00,104340.59,1043.41,1
269,Entry long,2017-05-12 21:30,Normal,5.44,20309,110480.96,3858.71,3.49,0,3858.71,3.49,0,0.00,104340.59,1043.41,1
270,Exit long,2017-05-19 15:30,Normal,5.64,21018,114337.92,4203.6,3.68,0,4203.6,3.68,-2732.34,-2.39,108544.19,1085.44,6
270,Entry long,2017-05-18 16:30,Normal,5.44,21018,114337.92,4203.6,3.68,0,4203.6,3.68,-2732.34,-2.39,108544.19,1085.44,6
271,Exit long,2017-05-25 15:30,Normal,5.98,20509,118542.02,4101.8,3.46,0,4101.8,3.46,-3076.35,-2.60,112645.99,1126.46,19
271,Entry long,2017-05-22 17:30,Normal,5.78,20509,118542.02,4101.8,3.46,0,4101.8,3.46,-3076.35,-2.60,112645.99,1126.46,19
272,Exit long,2017-05-30 17:30,Normal,6.19,20509,122643.82,4306.89,3.51,0,4306.89,3.51,-205.09,-0.17,116952.88,1169.53,6
272,Entry long,2017-05-26 18:30,Normal,5.98,20509,122643.82,4306.89,3.51,0,4306.89,3.51,-205.09,-0.17,116952.88,1169.53,6
273,Exit long,2017-06-02 19:30,Normal,6.38,20609,126951.44,4533.98,3.57,0,4533.98,3.57,-1854.81,-1.46,121486.86,1214.87,17
273,Entry long,2017-05-31 16:30,Normal,6.16,20609,126951.44,4533.98,3.57,0,4533.98,3.57,-1854.81,-1.46,121486.86,1214.87,17
274,Exit long,2017-06-13 15:30,Normal,6.28,21951,131486.49,6365.79,4.84,0,6365.79,4.84,0,0.00,127852.65,1278.53,1
274,Entry long,2017-06-12 21:30,Normal,5.99,21951,131486.49,6365.79,4.84,0,6365.79,4.84,0,0.00,127852.65,1278.53,1
275,Exit long,2017-06-27 19:30,Normal,5.6,22710,137849.7,-10673.7,-7.74,0,3633.6,2.64,-10673.7,-7.74,117178.95,1171.79,66
275,Entry long,2017-06-14 16:30,Normal,6.07,22710,137849.7,-10673.7,-7.74,0,3633.6,2.64,-10673.7,-7.74,117178.95,1171.79,66
276,Exit long,2017-06-28 21:30,Normal,5.69,23123,127176.5,4393.37,3.45,0,4393.37,3.45,0,0.00,121572.32,1215.72,6
276,Entry long,2017-06-28 15:30,Normal,5.5,23123,127176.5,4393.37,3.45,0,4393.37,3.45,0,0.00,121572.32,1215.72,6
277,Exit long,2017-06-30 15:30,Normal,5.38,25302,131570.4,4554.36,3.46,0,4554.36,3.46,-759.06,-0.58,126126.68,1261.27,3
277,Entry long,2017-06-29 19:30,Normal,5.2,25302,131570.4,4554.36,3.46,0,4554.36,3.46,-759.06,-0.58,126126.68,1261.27,3
278,Exit long,2017-07-05 18:30,Normal,5.24,26902,136124.12,4842.36,3.56,0,4842.36,3.56,0,0.00,130969.04,1309.69,3
278,Entry long,2017-07-05 15:30,Normal,5.06,26902,136124.12,4842.36,3.56,0,4842.36,3.56,0,0.00,130969.04,1309.69,3
279,Exit long,2017-07-07 17:30,Normal,5.48,26648,140967.92,5063.12,3.59,0,5063.12,3.59,-2931.28,-2.08,136032.16,1360.32,6
279,Entry long,2017-07-06 18:30,Normal,5.29,26648,140967.92,5063.12,3.59,0,5063.12,3.59,-2931.28,-2.08,136032.16,1360.32,6
280,Exit long,2017-07-12 15:30,Normal,5.98,25800,146028,8256,5.65,0,8256,5.65,-1548,-1.06,144288.16,1442.88,8
280,Entry long,2017-07-10 21:30,Normal,5.66,25800,146028,8256,5.65,0,8256,5.65,-1548,-1.06,144288.16,1442.88,8
281,Exit long,2017-07-19 15:30,Normal,6.36,25128,154285.92,5528.16,3.58,0,5528.16,3.58,-3769.2,-2.44,149816.31,1498.16,21
281,Entry long,2017-07-14 15:30,Normal,6.14,25128,154285.92,5528.16,3.58,0,5528.16,3.58,-3769.2,-2.44,149816.31,1498.16,21
282,Exit long,2017-08-02 15:30,Normal,6.14,26996,159816.32,5939.12,3.72,0,5939.12,3.72,-1079.84,-0.68,155755.44,1557.55,7
282,Entry long,2017-07-31 21:30,Normal,5.92,26996,159816.32,5939.12,3.72,0,5939.12,3.72,-1079.84,-0.68,155755.44,1557.55,7
283,Exit long,2017-08-07 20:30,Normal,6.13,27952,165755.36,5590.4,3.37,0,5590.4,3.37,-3633.76,-2.19,161345.84,1613.46,10
283,Entry long,2017-08-04 17:30,Normal,5.93,27952,165755.36,5590.4,3.37,0,5590.4,3.37,-3633.76,-2.19,161345.84,1613.46,10
284,Exit long,2017-08-10 15:30,Normal,5.77,27371,171342.46,-13411.79,-7.83,0,0,0.00,-13411.79,-7.83,147934.05,1479.34,12
284,Entry long,2017-08-08 17:30,Normal,6.26,27371,171342.46,-13411.79,-7.83,0,0,0.00,-13411.79,-7.83,147934.05,1479.34,12
285,Exit long,2017-08-14 15:30,Normal,5.86,28202,157931.2,7332.52,4.64,0,7332.52,4.64,-3666.26,-2.32,155266.56,1552.67,7
285,Entry long,2017-08-11 15:30,Normal,5.6,28202,157931.2,7332.52,4.64,0,7332.52,4.64,-3666.26,-2.32,155266.56,1552.67,7
286,Exit long,2017-08-21 15:30,Normal,5.56,27407,165264.21,-12881.29,-7.79,0,3836.98,2.32,-12881.29,-7.79,142385.28,1423.85,27
286,Entry long,2017-08-15 15:30,Normal,6.03,27407,165264.21,-12881.29,-7.79,0,3836.98,2.32,-12881.29,-7.79,142385.28,1423.85,27
287,Exit long,2017-08-30 15:30,Normal,5.99,26364,152383.92,5536.44,3.63,0,5536.44,3.63,-3954.6,-2.60,147921.72,1479.22,38
287,Entry long,2017-08-22 17:30,Normal,5.78,26364,152383.92,5536.44,3.63,0,5536.44,3.63,-3954.6,-2.60,147921.72,1479.22,38
288,Exit long,2017-09-12 18:30,Normal,6.44,25348,157918.04,5323.08,3.37,0,5323.08,3.37,-7097.44,-4.49,153244.8,1532.45,28
288,Entry long,2017-09-06 17:30,Normal,6.23,25348,157918.04,5323.08,3.37,0,5323.08,3.37,-7097.44,-4.49,153244.8,1532.45,28
289,Exit long,2017-09-28 21:30,Normal,7.14,23658,163240.2,5677.92,3.48,0,5677.92,3.48,-10646.1,-6.52,158922.72,1589.23,37
289,Entry long,2017-09-21 19:30,Normal,6.9,23658,163240.2,5677.92,3.48,0,5677.92,3.48,-10646.1,-6.52,158922.72,1589.23,37
290,Exit long,2017-10-03 16:30,Normal,7.56,23108,168919.48,5777,3.42,0,5777,3.42,-462.16,-0.27,164699.72,1647.00,11
290,Entry long,2017-09-29 18:30,Normal,7.31,23108,168919.48,5777,3.42,0,5777,3.42,-462.16,-0.27,164699.72,1647.00,11
291,Exit long,2017-10-09 17:30,Normal,7.88,22956,174695.16,6198.12,3.55,0,6198.12,3.55,-2066.04,-1.18,170897.84,1708.98,14
291,Entry long,2017-10-05 17:30,Normal,7.61,22956,174695.16,6198.12,3.55,0,6198.12,3.55,-2066.04,-1.18,170897.84,1708.98,14
292,Exit long,2017-10-27 17:30,Normal,8.84,21182,180894.28,6354.6,3.51,0,6354.6,3.51,-423.64,-0.23,177252.44,1772.52,9
292,Entry long,2017-10-26 15:30,Normal,8.54,21182,180894.28,6354.6,3.51,0,6354.6,3.51,-423.64,-0.23,177252.44,1772.52,9
293,Exit long,2017-11-16 18:30,Normal,10.29,18838,187249.72,6593.3,3.52,0,6593.3,3.52,-7158.44,-3.82,183845.73,1838.46,29
293,Entry long,2017-11-10 15:30,Normal,9.94,18838,187249.72,6593.3,3.52,0,6593.3,3.52,-7158.44,-3.82,183845.73,1838.46,29
294,Exit long,2017-11-21 15:30,Normal,10.63,18874,193835.98,6794.64,3.51,0,6794.64,3.51,0,0.00,190640.38,1906.40,5
294,Entry long,2017-11-20 15:30,Normal,10.27,18874,193835.98,6794.64,3.51,0,6794.64,3.51,0,0.00,190640.38,1906.40,5
295,Exit long,2017-11-29 15:30,Normal,9.92,18664,200638,-15491.12,-7.72,0,2986.24,1.49,-15491.12,-7.72,175149.27,1751.49,18
295,Entry long,2017-11-24 15:30,Normal,10.75,18664,200638,-15491.12,-7.72,0,2986.24,1.49,-15491.12,-7.72,175149.27,1751.49,18
296,Exit long,2017-12-01 16:30,Normal,8.63,19654,185140.68,-15526.66,-8.39,0,1965.4,1.06,-15526.66,-8.39,159622.6,1596.23,8
296,Entry long,2017-11-30 15:30,Normal,9.42,19654,185140.68,-15526.66,-8.39,0,1965.4,1.06,-15526.66,-8.39,159622.6,1596.23,8
297,Exit long,2017-12-08 15:30,Normal,8.89,19885,169619.05,7158.6,4.22,0,7158.6,4.22,-11334.45,-6.68,166781.2,1667.81,25
297,Entry long,2017-12-04 18:30,Normal,8.53,19885,169619.05,7158.6,4.22,0,7158.6,4.22,-11334.45,-6.68,166781.2,1667.81,25
298,Exit long,2017-12-15 17:30,Normal,8.79,20822,176778.78,6246.6,3.53,0,6246.6,3.53,-3747.96,-2.12,173027.8,1730.28,15
298,Entry long,2017-12-13 15:30,Normal,8.49,20822,176778.78,6246.6,3.53,0,6246.6,3.53,-3747.96,-2.12,173027.8,1730.28,15
299,Exit long,2017-12-20 15:30,Normal,9.51,20003,183027.45,7201.08,3.93,0,7201.08,3.93,-600.09,-0.33,180228.88,1802.29,14
299,Entry long,2017-12-18 15:30,Normal,9.15,20003,183027.45,7201.08,3.93,0,7201.08,3.93,-600.09,-0.33,180228.88,1802.29,14
300,Exit long,2018-01-02 21:30,Normal,9.48,20812,190221.68,7076.08,3.72,0,7076.08,3.72,-9781.64,-5.14,187304.95,1873.05,34
300,Entry long,2017-12-22 19:30,Normal,9.14,20812,190221.68,7076.08,3.72,0,7076.08,3.72,-9781.64,-5.14,187304.95,1873.05,34
301,Exit long,2018-01-04 15:30,Normal,10.24,20298,197296.56,10554.96,5.35,0,10554.96,5.35,0,0.00,197859.92,1978.60,7
301,Entry long,2018-01-03 15:30,Normal,9.72,20298,197296.56,10554.96,5.35,0,10554.96,5.35,0,0.00,197859.92,1978.60,7
302,Exit long,2018-01-12 16:30,Normal,10.24,20995,207850.5,7138.3,3.43,0,7138.3,3.43,-1049.75,-0.51,204998.22,2049.98,7
302,Entry long,2018-01-11 15:30,Normal,9.9,20995,207850.5,7138.3,3.43,0,7138.3,3.43,-1049.75,-0.51,204998.22,2049.98,7
303,Exit long,2018-01-17 18:30,Normal,11.02,20225,214991.75,7887.75,3.67,0,7887.75,3.67,-9505.75,-4.42,212885.97,2128.86,10
303,Entry long,2018-01-16 15:30,Normal,10.63,20225,214991.75,7887.75,3.67,0,7887.75,3.67,-9505.75,-4.42,212885.97,2128.86,10
304,Exit long,2018-01-23 15:30,Normal,11.8,19724,222881.2,9862,4.42,0,9862,4.42,-2169.64,-0.97,222747.97,2227.48,21
304,Entry long,2018-01-18 15:30,Normal,11.3,19724,222881.2,9862,4.42,0,9862,4.42,-2169.64,-0.97,222747.97,2227.48,21
305,Exit long,2018-01-29 21:30,Normal,11.59,20762,232742.02,7889.56,3.39,0,7889.56,3.39,-1868.58,-0.80,230637.53,2306.38,10
305,Entry long,2018-01-26 18:30,Normal,11.21,20762,232742.02,7889.56,3.39,0,7889.56,3.39,-1868.58,-0.80,230637.53,2306.38,10
306,Exit long,2018-02-02 15:30,Normal,10.29,21581,240628.15,-18559.66,-7.71,0,4747.82,1.97,-18559.66,-7.71,212077.88,2120.78,14
306,Entry long,2018-01-31 15:30,Normal,11.15,21581,240628.15,-18559.66,-7.71,0,4747.82,1.97,-18559.66,-7.71,212077.88,2120.78,14
307,Exit long,2018-02-05 20:30,Normal,9.4,21793,222070.67,-17216.47,-7.75,0,0,0.00,-17216.47,-7.75,194861.4,1948.61,5
307,Entry long,2018-02-05 15:30,Normal,10.19,21793,222070.67,-17216.47,-7.75,0,0,0.00,-17216.47,-7.75,194861.4,1948.61,5
308,Exit long,2018-02-06 17:30,Normal,9.05,23547,204858.9,8241.45,4.02,0,8241.45,4.02,-4002.99,-1.95,203102.84,2031.03,2
308,Entry long,2018-02-06 15:30,Normal,8.7,23547,204858.9,8241.45,4.02,0,8241.45,4.02,-4002.99,-1.95,203102.84,2031.03,2
309,Exit long,2018-02-08 16:30,Normal,8.65,22718,213094.84,-16584.14,-7.78,0,3634.88,1.71,-16584.14,-7.78,186518.7,1865.19,8
309,Entry long,2018-02-07 15:30,Normal,9.38,22718,213094.84,-16584.14,-7.78,0,3634.88,1.71,-16584.14,-7.78,186518.7,1865.19,8
310,Exit long,2018-02-09 19:30,Normal,8.26,24657,196516.29,7150.53,3.64,0,7150.53,3.64,-12081.93,-6.15,193669.23,1936.69,3
310,Entry long,2018-02-09 16:30,Normal,7.97,24657,196516.29,7150.53,3.64,0,7150.53,3.64,-12081.93,-6.15,193669.23,1936.69,3
311,Exit long,2018-02-14 15:30,Normal,9.11,23117,203660.77,6935.1,3.41,0,6935.1,3.41,-2080.53,-1.02,200604.34,2006.04,12
311,Entry long,2018-02-12 17:30,Normal,8.81,23117,203660.77,6935.1,3.41,0,6935.1,3.41,-2080.53,-1.02,200604.34,2006.04,12
312,Exit long,2018-02-16 15:30,Normal,9.99,21869,210598.47,7872.84,3.74,0,7872.84,3.74,-8747.6,-4.15,208477.19,2084.77,7
312,Entry long,2018-02-15 15:30,Normal,9.63,21869,210598.47,7872.84,3.74,0,7872.84,3.74,-8747.6,-4.15,208477.19,2084.77,7
313,Exit long,2018-02-26 17:30,Normal,10.82,20886,218467.56,7518.96,3.44,0,7518.96,3.44,-13575.9,-6.21,215996.14,2159.96,19
313,Entry long,2018-02-21 19:30,Normal,10.46,20886,218467.56,7518.96,3.44,0,7518.96,3.44,-13575.9,-6.21,215996.14,2159.96,19
314,Exit long,2018-03-01 15:30,Normal,10.36,20142,225993.24,-17322.12,-7.66,0,0,0.00,-17322.12,-7.66,198674.02,1986.74,3
314,Entry long,2018-02-28 19:30,Normal,11.22,20142,225993.24,-17322.12,-7.66,0,0,0.00,-17322.12,-7.66,198674.02,1986.74,3
315,Exit long,2018-03-02 21:30,Normal,10.77,20045,208668.45,7216.2,3.46,0,7216.2,3.46,-801.8,-0.38,205890.22,2058.90,4
315,Entry long,2018-03-02 17:30,Normal,10.41,20045,208668.45,7216.2,3.46,0,7216.2,3.46,-801.8,-0.38,205890.22,2058.90,4
316,Exit long,2018-03-06 15:30,Normal,11.34,19770,215888.4,8303.4,3.85,0,8303.4,3.85,0,0.00,214193.62,2141.94,6
316,Entry long,2018-03-05 16:30,Normal,10.92,19770,215888.4,8303.4,3.85,0,8303.4,3.85,0,0.00,214193.62,2141.94,6
317,Exit long,2018-03-12 14:30,Normal,12.72,18301,224187.25,8601.47,3.84,0,8601.47,3.84,-1098.06,-0.49,222795.1,2227.95,6
317,Entry long,2018-03-09 16:30,Normal,12.25,18301,224187.25,8601.47,3.84,0,8601.47,3.84,-1098.06,-0.49,222795.1,2227.95,6
318,Exit long,2018-03-13 20:30,Normal,12.08,17784,232792.56,-17961.84,-7.72,0,0,0.00,-17961.84,-7.72,204833.25,2048.33,6
318,Entry long,2018-03-13 14:30,Normal,13.09,17784,232792.56,-17961.84,-7.72,0,0,0.00,-17961.84,-7.72,204833.25,2048.33,6
319,Exit long,2018-03-19 15:30,Normal,11.33,17437,214823.84,-17262.63,-8.04,0,871.85,0.41,-17262.63,-8.04,187570.62,1875.71,13
319,Entry long,2018-03-15 16:30,Normal,12.32,17437,214823.84,-17262.63,-8.04,0,871.85,0.41,-17262.63,-8.04,187570.62,1875.71,13
320,Exit long,2018-03-21 16:30,Normal,12.06,16973,197565.72,7128.66,3.61,0,7128.66,3.61,-1357.84,-0.69,194699.28,1946.99,9
320,Entry long,2018-03-20 14:30,Normal,11.64,16973,197565.72,7128.66,3.61,0,7128.66,3.61,-1357.84,-0.69,194699.28,1946.99,9
321,Exit long,2018-03-26 20:30,Normal,10.78,19644,204690.48,7071.84,3.45,0,7071.84,3.45,-13161.48,-6.43,201771.12,2017.71,9
321,Entry long,2018-03-23 17:30,Normal,10.42,19644,204690.48,7071.84,3.45,0,7071.84,3.45,-13161.48,-6.43,201771.12,2017.71,9
322,Exit long,2018-03-27 20:30,Normal,10.1,19322,211769.12,-16616.92,-7.85,0,4250.84,2.01,-16616.92,-7.85,185154.2,1851.54,5
322,Entry long,2018-03-27 15:30,Normal,10.96,19322,211769.12,-16616.92,-7.85,0,4250.84,2.01,-16616.92,-7.85,185154.2,1851.54,5
323,Exit long,2018-03-29 20:30,Normal,9.88,20434,195144.7,6743.22,3.46,0,6743.22,3.46,-10421.34,-5.34,191897.42,1918.97,10
323,Entry long,2018-03-28 17:30,Normal,9.55,20434,195144.7,6743.22,3.46,0,6743.22,3.46,-10421.34,-5.34,191897.42,1918.97,10
324,Exit long,2018-04-03 15:30,Normal,8.91,23503,201890.77,7520.96,3.73,0,7520.96,3.73,0,0.00,199418.38,1994.18,1
324,Entry long,2018-04-02 21:30,Normal,8.59,23503,201890.77,7520.96,3.73,0,7520.96,3.73,0,0.00,199418.38,1994.18,1
325,Exit long,2018-04-06 15:30,Normal,8.67,22113,209410.11,-17690.4,-8.45,0,3759.21,1.80,-17690.4,-8.45,181727.98,1817.28,8
325,Entry long,2018-04-04 21:30,Normal,9.47,22113,209410.11,-17690.4,-8.45,0,3759.21,1.80,-17690.4,-8.45,181727.98,1817.28,8
326,Exit long,2018-04-10 15:30,Normal,9.25,21446,191727.24,6648.26,3.47,0,6648.26,3.47,-10508.54,-5.48,188376.23,1883.76,6
326,Entry long,2018-04-09 16:30,Normal,8.94,21446,191727.24,6648.26,3.47,0,6648.26,3.47,-10508.54,-5.48,188376.23,1883.76,6
327,Exit long,2018-04-12 15:30,Normal,9.77,21014,198372.16,6934.62,3.50,0,6934.62,3.50,-4623.08,-2.33,195310.86,1953.11,5
327,Entry long,2018-04-11 17:30,Normal,9.44,21014,198372.16,6934.62,3.50,0,6934.62,3.50,-4623.08,-2.33,195310.86,1953.11,5
328,Exit long,2018-04-17 15:30,Normal,10.03,21166,205310.2,6984.78,3.40,0,6984.78,3.40,-3598.22,-1.75,202295.64,2022.96,4
328,Entry long,2018-04-16 18:30,Normal,9.7,21166,205310.2,6984.78,3.40,0,6984.78,3.40,-3598.22,-1.75,202295.64,2022.96,4
329,Exit long,2018-04-24 19:30,Normal,7.68,25516,212293.12,-16330.24,-7.69,0,2551.6,1.20,-16330.24,-7.69,185965.4,1859.65,16
329,Entry long,2018-04-20 17:30,Normal,8.32,25516,212293.12,-16330.24,-7.69,0,2551.6,1.20,-16330.24,-7.69,185965.4,1859.65,16
330,Exit long,2018-04-26 15:30,Normal,8.15,24900,195963,6972,3.56,0,6972,3.56,-6474,-3.30,192937.4,1929.37,6
330,Entry long,2018-04-25 16:30,Normal,7.87,24900,195963,6972,3.56,0,6972,3.56,-6474,-3.30,192937.4,1929.37,6
331,Exit long,2018-05-01 21:30,Normal,8.1,25917,202930.11,6997.59,3.45,0,6997.59,3.45,-1295.85,-0.64,199934.98,1999.35,6
331,Entry long,2018-05-01 15:30,Normal,7.83,25917,202930.11,6997.59,3.45,0,6997.59,3.45,-1295.85,-0.64,199934.98,1999.35,6
332,Exit long,2018-05-04 16:30,Normal,8.46,25822,209932.86,8521.26,4.06,0,8521.26,4.06,-11878.12,-5.66,208456.25,2084.56,15
332,Entry long,2018-05-02 15:30,Normal,8.13,25822,209932.86,8521.26,4.06,0,8521.26,4.06,-11878.12,-5.66,208456.25,2084.56,15
333,Exit long,2018-05-09 15:30,Normal,9.29,24408,218451.6,8298.72,3.80,0,8298.72,3.80,-1952.64,-0.89,216754.97,2167.55,14
333,Entry long,2018-05-07 15:30,Normal,8.95,24408,218451.6,8298.72,3.80,0,8298.72,3.80,-1952.64,-0.89,216754.97,2167.55,14
334,Exit long,2018-05-24 15:30,Normal,10.49,22362,226750.68,7826.7,3.45,0,7826.7,3.45,-11404.62,-5.03,224581.67,2245.82,42
334,Entry long,2018-05-16 15:30,Normal,10.14,22362,226750.68,7826.7,3.45,0,7826.7,3.45,-11404.62,-5.03,224581.67,2245.82,42
335,Exit long,2018-06-01 17:30,Normal,11.08,21903,234581.13,8104.11,3.45,0,8104.11,3.45,-8104.11,-3.45,232685.78,2326.86,27
335,Entry long,2018-05-25 18:30,Normal,10.71,21903,234581.13,8104.11,3.45,0,8104.11,3.45,-8104.11,-3.45,232685.78,2326.86,27
336,Exit long,2018-06-05 15:30,Normal,11.64,21572,242685,8413.08,3.47,0,8413.08,3.47,-1294.32,-0.53,241098.86,2410.99,7
336,Entry long,2018-06-04 15:30,Normal,11.25,21572,242685,8413.08,3.47,0,8413.08,3.47,-1294.32,-0.53,241098.86,2410.99,7
337,Exit long,2018-06-19 15:30,Normal,10.62,21498,251096.64,-22787.88,-9.08,0,5589.48,2.23,-22787.88,-9.08,218310.98,2183.11,59
337,Entry long,2018-06-06 19:30,Normal,11.68,21498,251096.64,-22787.88,-9.08,0,5589.48,2.23,-22787.88,-9.08,218310.98,2183.11,59
338,Exit long,2018-06-25 15:30,Normal,9.84,20736,228303.36,-24261.12,-10.63,0,2903.04,1.27,-24261.12,-10.63,194049.86,1940.50,18
338,Entry long,2018-06-20 17:30,Normal,11.01,20736,228303.36,-24261.12,-10.63,0,2903.04,1.27,-24261.12,-10.63,194049.86,1940.50,18
339,Exit long,2018-06-28 15:30,Normal,8.71,21569,204042.74,-16176.75,-7.93,0,3882.42,1.90,-16176.75,-7.93,177873.11,1778.73,14
339,Entry long,2018-06-26 15:30,Normal,9.46,21569,204042.74,-16176.75,-7.93,0,3882.42,1.90,-16176.75,-7.93,177873.11,1778.73,14
340,Exit long,2018-07-06 16:30,Normal,9.5,20443,187871.17,6337.33,3.37,0,6337.33,3.37,-10834.79,-5.77,184210.44,1842.10,13
340,Entry long,2018-07-02 21:30,Normal,9.19,20443,187871.17,6337.33,3.37,0,6337.33,3.37,-10834.79,-5.77,184210.44,1842.10,13
341,Exit long,2018-07-11 19:30,Normal,9.42,19021,194204.41,-15026.59,-7.74,0,0,0.00,-15026.59,-7.74,169183.84,1691.84,5
341,Entry long,2018-07-10 21:30,Normal,10.21,19021,194204.41,-15026.59,-7.74,0,0,0.00,-15026.59,-7.74,169183.84,1691.84,5
342,Exit long,2018-07-18 15:30,Normal,10,18703,179174.74,7855.26,4.38,0,7855.26,4.38,-5797.93,-3.24,177039.11,1770.39,19
342,Entry long,2018-07-13 17:30,Normal,9.58,18703,179174.74,7855.26,4.38,0,7855.26,4.38,-5797.93,-3.24,177039.11,1770.39,19
343,Exit long,2018-07-25 15:30,Normal,9.23,18685,187036.85,-14574.3,-7.79,0,4297.55,2.30,-14574.3,-7.79,162464.81,1624.65,17
343,Entry long,2018-07-20 18:30,Normal,10.01,18685,187036.85,-14574.3,-7.79,0,4297.55,2.30,-14574.3,-7.79,162464.81,1624.65,17
344,Exit long,2018-07-27 15:30,Normal,10.36,17281,172464.38,6566.78,3.81,0,6566.78,3.81,0,0.00,169031.6,1690.32,7
344,Entry long,2018-07-26 15:30,Normal,9.98,17281,172464.38,6566.78,3.81,0,6566.78,3.81,0,0.00,169031.6,1690.32,7
345,Exit long,2018-08-06 15:30,Normal,10.39,17849,179025.47,6425.64,3.59,0,6425.64,3.59,-6425.64,-3.59,175457.23,1754.57,28
345,Entry long,2018-07-31 15:30,Normal,10.03,17849,179025.47,6425.64,3.59,0,6425.64,3.59,-6425.64,-3.59,175457.23,1754.57,28
346,Exit long,2018-08-10 15:30,Normal,9.79,17479,185452.19,-14332.78,-7.73,0,5068.91,2.73,-14332.78,-7.73,161124.45,1611.24,21
346,Entry long,2018-08-07 15:30,Normal,10.61,17479,185452.19,-14332.78,-7.73,0,5068.91,2.73,-14332.78,-7.73,161124.45,1611.24,21
347,Exit long,2018-08-15 15:30,Normal,9.21,17129,171118.71,-13360.62,-7.81,0,513.87,0.30,-13360.62,-7.81,147763.83,1477.64,14
347,Entry long,2018-08-13 15:30,Normal,9.99,17129,171118.71,-13360.62,-7.81,0,513.87,0.30,-13360.62,-7.81,147763.83,1477.64,14
348,Exit long,2018-08-17 15:30,Normal,8.75,16624,157761.76,-12301.76,-7.80,0,0,0.00,-12301.76,-7.80,135462.06,1354.62,5
348,Entry long,2018-08-16 17:30,Normal,9.49,16624,157761.76,-12301.76,-7.80,0,0,0.00,-12301.76,-7.80,135462.06,1354.62,5
349,Exit long,2018-08-22 16:30,Normal,9.7,15507,145455.66,4962.24,3.41,0,4962.24,3.41,-930.42,-0.64,140424.31,1404.24,8
349,Entry long,2018-08-21 15:30,Normal,9.38,15507,145455.66,4962.24,3.41,0,4962.24,3.41,-930.42,-0.64,140424.31,1404.24,8
350,Exit long,2018-08-27 15:30,Normal,10.42,14937,150415.59,5227.95,3.48,0,5227.95,3.48,-448.11,-0.30,145652.27,1456.52,6
350,Entry long,2018-08-24 16:30,Normal,10.07,14937,150415.59,5227.95,3.48,0,5227.95,3.48,-448.11,-0.30,145652.27,1456.52,6
351,Exit long,2018-09-07 15:30,Normal,9.86,14519,155643.68,-12486.34,-8.02,0,3920.13,2.52,-12486.34,-8.02,133165.92,1331.66,45
351,Entry long,2018-08-28 19:30,Normal,10.72,14519,155643.68,-12486.34,-8.02,0,3920.13,2.52,-12486.34,-8.02,133165.92,1331.66,45
352,Exit long,2018-09-12 15:30,Normal,9.16,14432,143165.44,-10968.32,-7.66,0,2886.4,2.02,-10968.32,-7.66,122197.6,1221.98,14
352,Entry long,2018-09-10 15:30,Normal,9.92,14432,143165.44,-10968.32,-7.66,0,2886.4,2.02,-10968.32,-7.66,122197.6,1221.98,14
353,Exit long,2018-09-14 15:30,Normal,10.17,13448,132193.84,4572.32,3.46,0,4572.32,3.46,-1613.76,-1.22,126769.92,1267.70,7
353,Entry long,2018-09-13 15:30,Normal,9.83,13448,132193.84,4572.32,3.46,0,4572.32,3.46,-1613.76,-1.22,126769.92,1267.70,7
354,Exit long,2018-09-20 15:30,Normal,10.34,13690,136763.1,4791.5,3.50,0,4791.5,3.50,-1505.9,-1.10,131561.42,1315.61,13
354,Entry long,2018-09-18 15:30,Normal,9.99,13690,136763.1,4791.5,3.50,0,4791.5,3.50,-1505.9,-1.10,131561.42,1315.61,13
355,Exit long,2018-09-26 21:30,Normal,9.57,13637,141552.06,-11045.97,-7.80,0,0,0.00,-11045.97,-7.80,120515.45,1205.15,13
355,Entry long,2018-09-24 21:30,Normal,10.38,13637,141552.06,-11045.97,-7.80,0,0,0.00,-11045.97,-7.80,120515.45,1205.15,13
356,Exit long,2018-10-01 15:30,Normal,10.12,13399,130506.26,5091.62,3.90,0,5091.62,3.90,-2009.85,-1.54,125607.07,1256.07,14
356,Entry long,2018-09-27 15:30,Normal,9.74,13399,130506.26,5091.62,3.90,0,5091.62,3.90,-2009.85,-1.54,125607.07,1256.07,14
357,Exit long,2018-10-04 17:30,Normal,9.49,13191,135603.48,-10420.89,-7.68,0,1187.19,0.88,-10420.89,-7.68,115186.18,1151.86,15
357,Entry long,2018-10-02 16:30,Normal,10.28,13191,135603.48,-10420.89,-7.68,0,1187.19,0.88,-10420.89,-7.68,115186.18,1151.86,15
358,Exit long,2018-10-10 15:30,Normal,8.06,14225,125180,-10526.5,-8.41,0,1138,0.91,-10526.5,-8.41,104659.68,1046.60,17
358,Entry long,2018-10-05 19:30,Normal,8.8,14225,125180,-10526.5,-8.41,0,1138,0.91,-10526.5,-8.41,104659.68,1046.60,17
359,Exit long,2018-10-12 15:30,Normal,7.79,15227,114659.31,3959.02,3.45,0,3959.02,3.45,-8679.39,-7.57,108618.7,1086.19,7
359,Entry long,2018-10-11 15:30,Normal,7.53,15227,114659.31,3959.02,3.45,0,3959.02,3.45,-8679.39,-7.57,108618.7,1086.19,7
360,Exit long,2018-10-16 16:30,Normal,7.77,15943,118615.92,5261.19,4.44,0,5261.19,4.44,-2072.59,-1.75,113879.89,1138.80,6
360,Entry long,2018-10-15 17:30,Normal,7.44,15943,118615.92,5261.19,4.44,0,5261.19,4.44,-2072.59,-1.75,113879.89,1138.80,6
361,Exit long,2018-10-18 17:30,Normal,7.43,15369,123874.14,-9682.47,-7.82,0,0,0.00,-9682.47,-7.82,104197.42,1041.97,6
361,Entry long,2018-10-17 18:30,Normal,8.06,15369,123874.14,-9682.47,-7.82,0,0,0.00,-9682.47,-7.82,104197.42,1041.97,6
362,Exit long,2018-10-23 15:30,Normal,6.53,16038,114190.56,-9462.42,-8.29,0,1764.18,1.54,-9462.42,-8.29,94735,947.35,6
362,Entry long,2018-10-22 16:30,Normal,7.12,16038,114190.56,-9462.42,-8.29,0,1764.18,1.54,-9462.42,-8.29,94735,947.35,6
363,Exit long,2018-10-25 19:30,Normal,6.05,17903,104732.55,3580.6,3.42,0,3580.6,3.42,-1611.27,-1.54,98315.6,983.16,4
363,Entry long,2018-10-25 15:30,Normal,5.85,17903,104732.55,3580.6,3.42,0,3580.6,3.42,-1611.27,-1.54,98315.6,983.16,4
364,Exit long,2018-10-29 19:30,Normal,5.43,18421,108315.48,-8289.45,-7.65,0,1657.89,1.53,-8289.45,-7.65,90026.15,900.26,4
364,Entry long,2018-10-29 15:30,Normal,5.88,18421,108315.48,-8289.45,-7.65,0,1657.89,1.53,-8289.45,-7.65,90026.15,900.26,4
365,Exit long,2018-10-30 20:30,Normal,6.11,16953,100022.7,3560.13,3.56,0,3560.13,3.56,-1356.24,-1.36,93586.28,935.86,5
365,Entry long,2018-10-30 15:30,Normal,5.9,16953,100022.7,3560.13,3.56,0,3560.13,3.56,-1356.24,-1.36,93586.28,935.86,5
366,Exit long,2018-11-01 15:30,Normal,6.71,15985,103582.8,3676.55,3.55,0,3676.55,3.55,-3197,-3.09,97262.83,972.63,8
366,Entry long,2018-10-31 14:30,Normal,6.48,15985,103582.8,3676.55,3.55,0,3676.55,3.55,-3197,-3.09,97262.83,972.63,8
367,Exit long,2018-11-07 16:30,Normal,7.24,15323,107261,3677.52,3.43,0,3677.52,3.43,-919.38,-0.86,100940.35,1009.40,7
367,Entry long,2018-11-06 16:30,Normal,7,15323,107261,3677.52,3.43,0,3677.52,3.43,-919.38,-0.86,100940.35,1009.40,7
368,Exit long,2018-11-09 15:30,Normal,6.71,15260,110940.2,-8545.6,-7.70,0,1373.4,1.24,-8545.6,-7.70,92394.75,923.95,6
368,Entry long,2018-11-08 16:30,Normal,7.27,15260,110940.2,-8545.6,-7.70,0,1373.4,1.24,-8545.6,-7.70,92394.75,923.95,6
369,Exit long,2018-11-13 16:30,Normal,6.43,16622,102391.52,4487.94,4.38,0,4487.94,4.38,-1163.54,-1.14,96882.69,968.83,1
369,Entry long,2018-11-13 15:30,Normal,6.16,16622,102391.52,4487.94,4.38,0,4487.94,4.38,-1163.54,-1.14,96882.69,968.83,1
370,Exit long,2018-11-15 17:30,Normal,6.51,16992,106879.68,3738.24,3.50,0,3738.24,3.50,-4248,-3.97,100620.93,1006.21,8
370,Entry long,2018-11-14 16:30,Normal,6.29,16992,106879.68,3738.24,3.50,0,3738.24,3.50,-4248,-3.97,100620.93,1006.21,8
371,Exit long,2018-11-21 15:30,Normal,6.06,18909,110617.65,3970.89,3.59,0,3970.89,3.59,-2836.35,-2.56,104591.82,1045.92,6
371,Entry long,2018-11-20 16:30,Normal,5.85,18909,110617.65,3970.89,3.59,0,3970.89,3.59,-2836.35,-2.56,104591.82,1045.92,6
372,Exit long,2018-11-26 15:30,Normal,6.22,19066,114586.66,4003.86,3.49,0,4003.86,3.49,-2478.58,-2.16,108595.68,1085.96,5
372,Entry long,2018-11-23 16:30,Normal,6.01,19066,114586.66,4003.86,3.49,0,4003.86,3.49,-2478.58,-2.16,108595.68,1085.96,5
373,Exit long,2018-11-28 17:30,Normal,6.57,18676,118592.6,4108.72,3.46,0,4108.72,3.46,-3735.2,-3.15,112704.4,1127.04,8
373,Entry long,2018-11-27 16:30,Normal,6.35,18676,118592.6,4108.72,3.46,0,4108.72,3.46,-3735.2,-3.15,112704.4,1127.04,8
374,Exit long,2018-12-03 15:30,Normal,7.51,18507,122701.41,16286.16,13.27,0,16286.16,13.27,0,0.00,128990.56,1289.91,3
374,Entry long,2018-11-30 19:30,Normal,6.63,18507,122701.41,16286.16,13.27,0,16286.16,13.27,0,0.00,128990.56,1289.91,3
375,Exit long,2018-12-06 21:30,Normal,6.17,23320,138987.2,4897.2,3.52,0,4897.2,3.52,-2098.8,-1.51,133887.77,1338.88,2
375,Entry long,2018-12-06 19:30,Normal,5.96,23320,138987.2,4897.2,3.52,0,4897.2,3.52,-2098.8,-1.51,133887.77,1338.88,2
376,Exit long,2018-12-10 21:30,Normal,5.8,25694,143886.4,5138.8,3.57,0,5138.8,3.57,0,0.00,139026.56,1390.27,4
376,Entry long,2018-12-10 17:30,Normal,5.6,25694,143886.4,5138.8,3.57,0,5138.8,3.57,0,0.00,139026.56,1390.27,4
377,Exit long,2018-12-12 16:30,Normal,6.24,24714,149025.42,5189.94,3.48,0,5189.94,3.48,-6919.92,-4.64,144216.5,1442.17,7
377,Entry long,2018-12-11 16:30,Normal,6.03,24714,149025.42,5189.94,3.48,0,5189.94,3.48,-6919.92,-4.64,144216.5,1442.17,7
378,Exit long,2018-12-17 19:30,Normal,5.63,25281,154214.1,-11882.07,-7.70,0,0,0.00,-11882.07,-7.70,132334.44,1323.34,11
378,Entry long,2018-12-14 15:30,Normal,6.1,25281,154214.1,-11882.07,-7.70,0,0,0.00,-11882.07,-7.70,132334.44,1323.34,11
379,Exit long,2018-12-19 20:30,Normal,5.41,24247,142329.89,-11153.62,-7.84,0,3152.11,2.21,-11153.62,-7.84,121180.81,1211.81,11
379,Entry long,2018-12-18 16:30,Normal,5.87,24247,142329.89,-11153.62,-7.84,0,3152.11,2.21,-11153.62,-7.84,121180.81,1211.81,11
380,Exit long,2018-12-20 19:30,Normal,4.79,25275,131177.25,-10110,-7.71,0,0,0.00,-10110,-7.71,111070.81,1110.71,4
380,Entry long,2018-12-20 15:30,Normal,5.19,25275,131177.25,-10110,-7.71,0,0,0.00,-10110,-7.71,111070.81,1110.71,4
381,Exit long,2018-12-21 20:30,Normal,4.72,23646,121067.52,-9458.4,-7.81,0,472.92,0.39,-9458.4,-7.81,101612.41,1016.12,5
381,Entry long,2018-12-21 15:30,Normal,5.12,23646,121067.52,-9458.4,-7.81,0,472.92,0.39,-9458.4,-7.81,101612.41,1016.12,5
382,Exit long,2018-12-26 20:30,Normal,4.75,24316,111610.44,3890.56,3.49,0,3890.56,3.49,-8267.44,-7.41,105502.97,1055.03,8
382,Entry long,2018-12-24 16:30,Normal,4.59,24316,111610.44,3890.56,3.49,0,3890.56,3.49,-8267.44,-7.41,105502.97,1055.03,8
383,Exit long,2018-12-28 18:30,Normal,5.32,22471,115500.94,4044.78,3.50,0,4044.78,3.50,-224.71,-0.19,109547.75,1095.48,3
383,Entry long,2018-12-28 15:30,Normal,5.14,22471,115500.94,4044.78,3.50,0,4044.78,3.50,-224.71,-0.19,109547.75,1095.48,3
384,Exit long,2019-01-04 18:30,Normal,5.12,24298,119546.16,4859.6,4.07,0,4859.6,4.07,0,0.00,114407.35,1144.07,2
384,Entry long,2019-01-04 16:30,Normal,4.92,24298,119546.16,4859.6,4.07,0,4859.6,4.07,0,0.00,114407.35,1144.07,2
385,Exit long,2019-01-07 18:30,Normal,5.49,23473,124406.9,4459.87,3.58,0,4459.87,3.58,-234.73,-0.19,118867.22,1188.67,2
385,Entry long,2019-01-07 16:30,Normal,5.3,23473,124406.9,4459.87,3.58,0,4459.87,3.58,-234.73,-0.19,118867.22,1188.67,2
386,Exit long,2019-01-09 15:30,Normal,5.58,24268,128863.08,6552.36,5.08,0,6552.36,5.08,0,0.00,125419.58,1254.20,1
386,Entry long,2019-01-08 21:30,Normal,5.31,24268,128863.08,6552.36,5.08,0,6552.36,5.08,0,0.00,125419.58,1254.20,1
387,Exit long,2019-01-18 15:30,Normal,6.1,22952,135416.8,4590.4,3.39,0,4590.4,3.39,-10328.4,-7.63,130009.98,1300.10,19
387,Entry long,2019-01-15 17:30,Normal,5.9,22952,135416.8,4590.4,3.39,0,4590.4,3.39,-10328.4,-7.63,130009.98,1300.10,19
388,Exit long,2019-01-24 15:30,Normal,5.97,25001,140005.6,9250.37,6.61,0,9250.37,6.61,0,0.00,139260.34,1392.60,1
388,Entry long,2019-01-23 21:30,Normal,5.6,25001,140005.6,9250.37,6.61,0,9250.37,6.61,0,0.00,139260.34,1392.60,1
389,Exit long,2019-01-25 18:30,Normal,6.98,22145,149257.3,5314.8,3.56,0,5314.8,3.56,0,0.00,144575.16,1445.75,3
389,Entry long,2019-01-25 15:30,Normal,6.74,22145,149257.3,5314.8,3.56,0,5314.8,3.56,0,0.00,144575.16,1445.75,3
390,Exit long,2019-01-30 19:30,Normal,6.81,23491,154570.78,5402.93,3.50,0,5402.93,3.50,0,0.00,149978.08,1499.78,1
390,Entry long,2019-01-30 18:30,Normal,6.58,23491,154570.78,5402.93,3.50,0,5402.93,3.50,0,0.00,149978.08,1499.78,1
391,Exit long,2019-02-01 15:30,Normal,7.08,23354,159974.9,5371.42,3.36,0,5371.42,3.36,-3036.02,-1.90,155349.5,1553.50,6
391,Entry long,2019-01-31 16:30,Normal,6.85,23354,159974.9,5371.42,3.36,0,5371.42,3.36,-3036.02,-1.90,155349.5,1553.50,6
392,Exit long,2019-02-06 15:30,Normal,7.64,23190,165344.7,11826.9,7.15,0,11826.9,7.15,-1391.4,-0.84,167176.4,1671.76,12
392,Entry long,2019-02-04 17:30,Normal,7.13,23190,165344.7,11826.9,7.15,0,11826.9,7.15,-1391.4,-0.84,167176.4,1671.76,12
393,Exit long,2019-02-12 15:30,Normal,7.69,24204,177173.28,8955.48,5.05,0,8955.48,5.05,-1936.32,-1.09,176131.88,1761.32,10
393,Entry long,2019-02-08 19:30,Normal,7.32,24204,177173.28,8955.48,5.05,0,8955.48,5.05,-1936.32,-1.09,176131.88,1761.32,10
394,Exit long,2019-02-15 15:30,Normal,8.21,23471,186125.03,6571.88,3.53,0,6571.88,3.53,-1877.68,-1.01,182703.77,1827.04,14
394,Entry long,2019-02-13 15:30,Normal,7.93,23471,186125.03,6571.88,3.53,0,6571.88,3.53,-1877.68,-1.01,182703.77,1827.04,14
395,Exit long,2019-02-20 16:30,Normal,8.45,23586,192697.62,6604.08,3.43,0,6604.08,3.43,-2358.6,-1.22,189307.84,1893.08,8
395,Entry long,2019-02-19 15:30,Normal,8.17,23586,192697.62,6604.08,3.43,0,6604.08,3.43,-2358.6,-1.22,189307.84,1893.08,8
396,Exit long,2019-02-25 15:30,Normal,8.78,24041,199299.89,11780.09,5.91,0,11780.09,5.91,-2163.69,-1.09,201087.94,2010.88,7
396,Entry long,2019-02-22 15:30,Normal,8.29,24041,199299.89,11780.09,5.91,0,11780.09,5.91,-2163.69,-1.09,201087.94,2010.88,7
397,Exit long,2019-03-01 15:30,Normal,8.42,25932,211086.48,7260.96,3.44,0,7260.96,3.44,-1296.6,-0.61,208348.89,2083.49,4
397,Entry long,2019-02-28 18:30,Normal,8.14,25932,211086.48,7260.96,3.44,0,7260.96,3.44,-1296.6,-0.61,208348.89,2083.49,4
398,Exit long,2019-03-11 14:30,Normal,7.69,29466,218343.06,8250.48,3.78,0,8250.48,3.78,-883.98,-0.40,216599.38,2165.99,5
398,Entry long,2019-03-08 17:30,Normal,7.41,29466,218343.06,8250.48,3.78,0,8250.48,3.78,-883.98,-0.40,216599.38,2165.99,5
399,Exit long,2019-03-13 15:30,Normal,8.4,27975,226597.5,8392.5,3.70,0,8392.5,3.70,-279.75,-0.12,224991.88,2249.92,8
399,Entry long,2019-03-12 14:30,Normal,8.1,27975,226597.5,8392.5,3.70,0,8392.5,3.70,-279.75,-0.12,224991.88,2249.92,8
400,Exit long,2019-03-20 14:30,Normal,9.22,26373,234983.43,8175.63,3.48,0,8175.63,3.48,-7384.44,-3.14,233167.5,2331.67,20
400,Entry long,2019-03-15 15:30,Normal,8.91,26373,234983.43,8175.63,3.48,0,8175.63,3.48,-7384.44,-3.14,233167.5,2331.67,20
401,Exit long,2019-03-21 19:30,Normal,9.98,25224,243159.36,8576.16,3.53,0,8576.16,3.53,-1008.96,-0.41,241743.66,2417.44,3
401,Entry long,2019-03-21 16:30,Normal,9.64,25224,243159.36,8576.16,3.53,0,8576.16,3.53,-1008.96,-0.41,241743.66,2417.44,3
402,Exit long,2019-03-26 14:30,Normal,8.98,29170,251737.1,10209.5,4.06,0,10209.5,4.06,0,0.00,251953.16,2519.53,1
402,Entry long,2019-03-25 20:30,Normal,8.63,29170,251737.1,10209.5,4.06,0,10209.5,4.06,0,0.00,251953.16,2519.53,1
403,Exit long,2019-03-29 14:30,Normal,8.79,30854,261950.46,9256.2,3.53,0,9256.2,3.53,-5862.26,-2.24,261209.36,2612.09,8
403,Entry long,2019-03-27 20:30,Normal,8.49,30854,261950.46,9256.2,3.53,0,9256.2,3.53,-5862.26,-2.24,261209.36,2612.09,8
404,Exit long,2019-04-03 15:30,Normal,9.88,29037,271205.58,15679.98,5.78,0,15679.98,5.78,-1161.48,-0.43,276889.34,2768.89,13
404,Entry long,2019-04-01 16:30,Normal,9.34,29037,271205.58,15679.98,5.78,0,15679.98,5.78,-1161.48,-0.43,276889.34,2768.89,13
405,Exit long,2019-04-12 15:30,Normal,10.71,27961,286879.86,12582.45,4.39,0,12582.45,4.39,-6431.03,-2.24,289471.78,2894.72,38
405,Entry long,2019-04-04 19:30,Normal,10.26,27961,286879.86,12582.45,4.39,0,12582.45,4.39,-6431.03,-2.24,289471.78,2894.72,38
406,Exit long,2019-04-16 20:30,Normal,11.43,27101,299466.05,10298.38,3.44,0,10298.38,3.44,0,0.00,299770.16,2997.70,3
406,Entry long,2019-04-16 17:30,Normal,11.05,27101,299466.05,10298.38,3.44,0,10298.38,3.44,0,0.00,299770.16,2997.70,3
407,Exit long,2019-05-01 15:30,Normal,12.63,26074,309759.12,19555.5,6.31,0,19555.5,6.31,-4171.84,-1.35,319325.66,3193.26,15
407,Entry long,2019-04-26 21:30,Normal,11.88,26074,309759.12,19555.5,6.31,0,19555.5,6.31,-4171.84,-1.35,319325.66,3193.26,15
408,Exit long,2019-05-06 15:30,Normal,11.11,26515,329316.3,-34734.65,-10.55,0,0,0.00,-34734.65,-10.55,284591.03,2845.91,1
408,Entry long,2019-05-03 21:30,Normal,12.42,26515,329316.3,-34734.65,-10.55,0,0,0.00,-34734.65,-10.55,284591.03,2845.91,1
409,Exit long,2019-05-10 15:30,Normal,10.48,29081,294590.53,10178.35,3.46,0,10178.35,3.46,0,0.00,294769.38,2947.69,5
409,Entry long,2019-05-09 17:30,Normal,10.13,29081,294590.53,10178.35,3.46,0,10178.35,3.46,0,0.00,294769.38,2947.69,5
410,Exit long,2019-05-15 16:30,Normal,9.82,32148,304763.04,10930.32,3.59,0,10930.32,3.59,-9322.92,-3.06,305699.7,3057.00,7
410,Entry long,2019-05-14 16:30,Normal,9.48,32148,304763.04,10930.32,3.59,0,10930.32,3.59,-9322.92,-3.06,305699.7,3057.00,7
411,Exit long,2019-05-21 15:30,Normal,8.17,41214,315699.24,21019.14,6.66,0,21019.14,6.66,0,0.00,326718.84,3267.19,1
411,Entry long,2019-05-20 21:30,Normal,7.66,41214,315699.24,21019.14,6.66,0,21019.14,6.66,0,0.00,326718.84,3267.19,1
412,Exit long,2019-05-23 21:30,Normal,7.27,47897,336715.91,11495.28,3.41,0,11495.28,3.41,-1915.88,-0.57,338214.12,3382.14,2
412,Entry long,2019-05-23 19:30,Normal,7.03,47897,336715.91,11495.28,3.41,0,11495.28,3.41,-1915.88,-0.57,338214.12,3382.14,2
413,Exit long,2019-05-29 15:30,Normal,6.76,47505,348211.65,-27077.85,-7.78,0,0,0.00,-27077.85,-7.78,311136.25,3111.36,14
413,Entry long,2019-05-24 15:30,Normal,7.33,47505,348211.65,-27077.85,-7.78,0,0,0.00,-27077.85,-7.78,311136.25,3111.36,14
414,Exit long,2019-06-04 16:30,Normal,7.46,44540,321133.4,11135,3.47,0,11135,3.47,-20043,-6.24,322271.25,3222.71,22
414,Entry long,2019-05-30 15:30,Normal,7.21,44540,321133.4,11135,3.47,0,11135,3.47,-20043,-6.24,322271.25,3222.71,22
415,Exit long,2019-06-10 15:30,Normal,8.57,41482,332270.82,23229.92,6.99,0,23229.92,6.99,-829.64,-0.25,345501.2,3455.01,7
415,Entry long,2019-06-07 15:30,Normal,8.01,41482,332270.82,23229.92,6.99,0,23229.92,6.99,-829.64,-0.25,345501.2,3455.01,7
416,Exit long,2019-06-18 15:30,Normal,8.01,45871,355500.25,11926.46,3.35,0,11926.46,3.35,-8715.49,-2.45,357427.62,3574.28,6
416,Entry long,2019-06-17 16:30,Normal,7.75,45871,355500.25,11926.46,3.35,0,11926.46,3.35,-8715.49,-2.45,357427.62,3574.28,6
417,Exit long,2019-06-26 15:30,Normal,9.16,41470,367424.2,12441,3.39,0,12441,3.39,-23223.2,-6.32,369868.62,3698.69,20
417,Entry long,2019-06-21 16:30,Normal,8.86,41470,367424.2,12441,3.39,0,12441,3.39,-23223.2,-6.32,369868.62,3698.69,20
418,Exit long,2019-07-01 15:30,Normal,10.94,39902,379867.04,56660.84,14.92,0,56660.84,14.92,-399.02,-0.11,426529.47,4265.29,8
418,Entry long,2019-06-27 21:30,Normal,9.52,39902,379867.04,56660.84,14.92,0,56660.84,14.92,-399.02,-0.11,426529.47,4265.29,8
419,Exit long,2019-07-10 15:30,Normal,9.87,45805,436521.65,15573.7,3.57,0,15573.7,3.57,-15115.65,-3.46,442103.2,4421.03,16
419,Entry long,2019-07-05 19:30,Normal,9.53,45805,436521.65,15573.7,3.57,0,15573.7,3.57,-15115.65,-3.46,442103.2,4421.03,16
420,Exit long,2019-07-12 15:30,Normal,10.23,45805,452095.35,16489.8,3.65,0,16489.8,3.65,-8244.9,-1.82,458592.97,4585.93,6
420,Entry long,2019-07-11 16:30,Normal,9.87,45805,452095.35,16489.8,3.65,0,16489.8,3.65,-8244.9,-1.82,458592.97,4585.93,6
421,Exit long,2019-07-19 15:30,Normal,11,44290,468588.2,18601.8,3.97,0,18601.8,3.97,-18601.8,-3.97,477194.78,4771.95,28
421,Entry long,2019-07-15 15:30,Normal,10.58,44290,468588.2,18601.8,3.97,0,18601.8,3.97,-18601.8,-3.97,477194.78,4771.95,28
422,Exit long,2019-07-23 19:30,Normal,11.75,42886,487184.96,16725.54,3.43,0,16725.54,3.43,-1286.58,-0.26,493920.3,4939.20,10
422,Entry long,2019-07-22 16:30,Normal,11.36,42886,487184.96,16725.54,3.43,0,16725.54,3.43,-1286.58,-0.26,493920.3,4939.20,10
423,Exit long,2019-07-31 20:30,Normal,11.26,41271,503918.91,-39207.45,-7.78,0,6190.65,1.23,-39207.45,-7.78,454712.88,4547.13,9
423,Entry long,2019-07-30 18:30,Normal,12.21,41271,503918.91,-39207.45,-7.78,0,6190.65,1.23,-39207.45,-7.78,454712.88,4547.13,9
424,Exit long,2019-08-01 19:30,Normal,10.45,40096,464712.64,-45709.44,-9.84,0,11226.88,2.42,-45709.44,-9.84,409003.44,4090.03,4
424,Entry long,2019-08-01 15:30,Normal,11.59,40096,464712.64,-45709.44,-9.84,0,11226.88,2.42,-45709.44,-9.84,409003.44,4090.03,4
425,Exit long,2019-08-06 15:30,Normal,9.3,48495,418996.8,32006.7,7.64,0,32006.7,7.64,0,0.00,441010.12,4410.10,1
425,Entry long,2019-08-05 21:30,Normal,8.64,48495,418996.8,32006.7,7.64,0,32006.7,7.64,0,0.00,441010.12,4410.10,1
426,Exit long,2019-08-08 15:30,Normal,9.39,50223,451002.54,20591.43,4.57,0,20591.43,4.57,-6528.99,-1.45,461601.56,4616.02,6
426,Entry long,2019-08-07 16:30,Normal,8.98,50223,451002.54,20591.43,4.57,0,20591.43,4.57,-6528.99,-1.45,461601.56,4616.02,6
427,Exit long,2019-08-16 15:30,Normal,9.22,53409,471601.47,20829.51,4.42,0,20829.51,4.42,0,0.00,482431.06,4824.31,1
427,Entry long,2019-08-15 21:30,Normal,8.83,53409,471601.47,20829.51,4.42,0,20829.51,4.42,0,0.00,482431.06,4824.31,1
428,Exit long,2019-08-23 16:30,Normal,9.4,48277,492425.4,-38621.6,-7.84,0,8207.09,1.67,-38621.6,-7.84,443809.47,4438.09,28
428,Entry long,2019-08-19 16:30,Normal,10.2,48277,492425.4,-38621.6,-7.84,0,8207.09,1.67,-38621.6,-7.84,443809.47,4438.09,28
429,Exit long,2019-08-29 15:30,Normal,9.63,49759,453802.08,25377.09,5.59,0,25377.09,5.59,-19903.6,-4.39,469186.56,4691.87,20
429,Entry long,2019-08-26 15:30,Normal,9.12,49759,453802.08,25377.09,5.59,0,25377.09,5.59,-19903.6,-4.39,469186.56,4691.87,20
430,Exit long,2019-09-03 15:30,Normal,9.34,47350,479182,-36933,-7.71,0,1420.5,0.30,-36933,-7.71,432253.56,4322.54,7
430,Entry long,2019-08-30 15:30,Normal,10.12,47350,479182,-36933,-7.71,0,1420.5,0.30,-36933,-7.71,432253.56,4322.54,7
431,Exit long,2019-09-05 15:30,Normal,10.92,44049,442251.96,38763.12,8.76,0,38763.12,8.76,0,0.00,471016.7,4710.17,5
431,Entry long,2019-09-04 17:30,Normal,10.04,44049,442251.96,38763.12,8.76,0,38763.12,8.76,0,0.00,471016.7,4710.17,5
432,Exit long,2019-09-09 16:30,Normal,11.66,42681,481014.87,16645.59,3.46,0,16645.59,3.46,-3414.48,-0.71,487662.28,4876.62,7
432,Entry long,2019-09-06 16:30,Normal,11.27,42681,481014.87,16645.59,3.46,0,16645.59,3.46,-3414.48,-0.71,487662.28,4876.62,7
433,Exit long,2019-09-12 15:30,Normal,12.35,41680,497659.2,17088.8,3.43,0,17088.8,3.43,-3751.2,-0.75,504751.06,5047.51,5
433,Entry long,2019-09-11 17:30,Normal,11.94,41680,497659.2,17088.8,3.43,0,17088.8,3.43,-3751.2,-0.75,504751.06,5047.51,5
434,Exit long,2019-09-24 17:30,Normal,10.92,43512,514746.96,-39595.92,-7.69,0,11748.24,2.28,-39595.92,-7.69,465155.16,4651.55,33
434,Entry long,2019-09-17 19:30,Normal,11.83,43512,514746.96,-39595.92,-7.69,0,11748.24,2.28,-39595.92,-7.69,465155.16,4651.55,33
435,Exit long,2019-09-25 20:30,Normal,11.4,43117,475149.34,16384.46,3.45,0,16384.46,3.45,-3018.19,-0.64,481539.62,4815.40,4
435,Entry long,2019-09-25 16:30,Normal,11.02,43117,475149.34,16384.46,3.45,0,16384.46,3.45,-3018.19,-0.64,481539.62,4815.40,4
436,Exit long,2019-09-27 20:30,Normal,10.44,43269,491535.84,-39807.48,-8.10,0,8221.11,1.67,-39807.48,-8.10,441732.12,4417.32,10
436,Entry long,2019-09-26 17:30,Normal,11.36,43269,491535.84,-39807.48,-8.10,0,8221.11,1.67,-39807.48,-8.10,441732.12,4417.32,10
437,Exit long,2019-10-01 15:30,Normal,11.23,41711,451730.13,16684.4,3.69,0,16684.4,3.69,0,0.00,458416.53,4584.17,6
437,Entry long,2019-09-30 16:30,Normal,10.83,41711,451730.13,16684.4,3.69,0,16684.4,3.69,0,0.00,458416.53,4584.17,6
438,Exit long,2019-10-03 17:30,Normal,10.52,46058,468409.86,16120.3,3.44,0,16120.3,3.44,-14738.56,-3.15,474536.84,4745.37,3
438,Entry long,2019-10-02 21:30,Normal,10.17,46058,468409.86,16120.3,3.44,0,16120.3,3.44,-14738.56,-3.15,474536.84,4745.37,3
439,Exit long,2019-10-07 15:30,Normal,11.34,44209,484530.64,16799.42,3.47,0,16799.42,3.47,-1768.36,-0.36,491336.25,4913.36,7
439,Entry long,2019-10-04 15:30,Normal,10.96,44209,484530.64,16799.42,3.47,0,16799.42,3.47,-1768.36,-0.36,491336.25,4913.36,7
440,Exit long,2019-10-10 15:30,Normal,10.87,47700,501327,17172,3.43,0,17172,3.43,-6678,-1.33,508508.25,5085.08,7
440,Entry long,2019-10-09 15:30,Normal,10.51,47700,501327,17172,3.43,0,17172,3.43,-6678,-1.33,508508.25,5085.08,7
441,Exit long,2019-10-18 17:30,Normal,11.28,42431,518506.82,-39885.14,-7.69,0,5940.34,1.15,-39885.14,-7.69,468623.12,4686.23,22
441,Entry long,2019-10-15 16:30,Normal,12.22,42431,518506.82,-39885.14,-7.69,0,5940.34,1.15,-39885.14,-7.69,468623.12,4686.23,22
442,Exit long,2019-10-25 15:30,Normal,12.26,40390,478621.5,16559.9,3.46,0,16559.9,3.46,-36351,-7.59,485183,4851.83,28
442,Entry long,2019-10-21 15:30,Normal,11.85,40390,478621.5,16559.9,3.46,0,16559.9,3.46,-36351,-7.59,485183,4851.83,28
443,Exit long,2019-11-01 14:30,Normal,13.21,38777,495182.29,17061.88,3.45,0,17061.88,3.45,0,0.00,502244.88,5022.45,1
443,Entry long,2019-10-31 20:30,Normal,12.77,38777,495182.29,17061.88,3.45,0,17061.88,3.45,0,0.00,502244.88,5022.45,1
444,Exit long,2019-11-21 15:30,Normal,13.78,34286,512232.84,-39771.76,-7.76,0,13371.54,2.61,-39771.76,-7.76,462473.12,4624.73,70
444,Entry long,2019-11-07 15:30,Normal,14.94,34286,512232.84,-39771.76,-7.76,0,13371.54,2.61,-39771.76,-7.76,462473.12,4624.73,70
445,Exit long,2019-11-25 15:30,Normal,14.17,34487,472471.9,16208.89,3.43,0,16208.89,3.43,-4138.44,-0.88,478682.03,4786.82,6
445,Entry long,2019-11-22 16:30,Normal,13.7,34487,472471.9,16208.89,3.43,0,16208.89,3.43,-4138.44,-0.88,478682.03,4786.82,6
446,Exit long,2019-12-04 15:30,Normal,13.57,37911,488672.79,25779.48,5.28,0,25779.48,5.28,-4170.21,-0.85,504461.5,5044.62,4
446,Entry long,2019-12-03 18:30,Normal,12.89,37911,488672.79,25779.48,5.28,0,25779.48,5.28,-4170.21,-0.85,504461.5,5044.62,4
447,Exit long,2019-12-06 15:30,Normal,14.3,37415,514456.25,20578.25,4.00,0,20578.25,4.00,-4489.8,-0.87,525039.75,5250.40,7
447,Entry long,2019-12-05 15:30,Normal,13.75,37415,514456.25,20578.25,4.00,0,20578.25,4.00,-4489.8,-0.87,525039.75,5250.40,7
448,Exit long,2019-12-19 21:30,Normal,17.29,32019,535037.49,18571.02,3.47,0,18571.02,3.47,-18891.21,-3.53,543610.75,5436.11,34
448,Entry long,2019-12-13 15:30,Normal,16.71,32019,535037.49,18571.02,3.47,0,18571.02,3.47,-18891.21,-3.53,543610.75,5436.11,34
449,Exit long,2020-01-02 15:30,Normal,18.47,31383,553596.12,26047.89,4.71,0,26047.89,4.71,-5648.94,-1.02,569658.7,5696.59,7
449,Entry long,2019-12-31 15:30,Normal,17.64,31383,553596.12,26047.89,4.71,0,26047.89,4.71,-5648.94,-1.02,569658.7,5696.59,7
450,Exit long,2020-01-09 15:30,Normal,18.85,32114,579657.7,25691.2,4.43,0,25691.2,4.43,-2569.12,-0.44,595349.9,5953.50,14
450,Entry long,2020-01-07 15:30,Normal,18.05,32114,579657.7,25691.2,4.43,0,25691.2,4.43,-2569.12,-0.44,595349.9,5953.50,14
451,Exit long,2020-01-17 15:30,Normal,19.43,32250,605332.5,21285,3.52,0,21285,3.52,-22252.5,-3.68,616634.9,6166.35,26
451,Entry long,2020-01-13 17:30,Normal,18.77,32250,605332.5,21285,3.52,0,21285,3.52,-22252.5,-3.68,616634.9,6166.35,26
452,Exit long,2020-01-24 15:30,Normal,21.26,30657,626629.08,25138.74,4.01,0,25138.74,4.01,-24525.6,-3.91,641773.6,6417.74,13
452,Entry long,2020-01-22 16:30,Normal,20.44,30657,626629.08,25138.74,4.01,0,25138.74,4.01,-24525.6,-3.91,641773.6,6417.74,13
453,Exit long,2020-01-30 16:30,Normal,17.05,35288,651769.36,-50108.96,-7.69,0,13409.44,2.06,-50108.96,-7.69,591664.6,5916.65,14
453,Entry long,2020-01-28 16:30,Normal,18.47,35288,651769.36,-50108.96,-7.69,0,13409.44,2.06,-50108.96,-7.69,591664.6,5916.65,14
454,Exit long,2020-02-04 15:30,Normal,17.74,37025,601656.25,55167.25,9.17,0,55167.25,9.17,-1851.25,-0.31,646831.9,6468.32,5
454,Entry long,2020-02-03 17:30,Normal,16.25,37025,601656.25,55167.25,9.17,0,55167.25,9.17,-1851.25,-0.31,646831.9,6468.32,5
455,Exit long,2020-02-05 20:30,Normal,18.99,35794,656819.9,22908.16,3.49,0,22908.16,3.49,-4295.28,-0.65,669740.06,6697.40,5
455,Entry long,2020-02-05 15:30,Normal,18.35,35794,656819.9,22908.16,3.49,0,22908.16,3.49,-4295.28,-0.65,669740.06,6697.40,5
456,Exit long,2020-02-11 15:30,Normal,19.01,37742,679733.42,37742,5.55,0,37742,5.55,-3774.2,-0.56,707482.06,7074.82,5
456,Entry long,2020-02-10 17:30,Normal,18.01,37742,679733.42,37742,5.55,0,37742,5.55,-3774.2,-0.56,707482.06,7074.82,5
457,Exit long,2020-02-14 15:30,Normal,21,35326,717471.06,24374.94,3.40,0,24374.94,3.40,-14130.4,-1.97,731857,7318.57,14
457,Entry long,2020-02-12 15:30,Normal,20.31,35326,717471.06,24374.94,3.40,0,24374.94,3.40,-14130.4,-1.97,731857,7318.57,14
458,Exit long,2020-02-20 17:30,Normal,19.24,35580,741843,-57283.8,-7.72,0,7116,0.96,-57283.8,-7.72,674573.2,6745.73,8
458,Entry long,2020-02-19 16:30,Normal,20.85,35580,741843,-57283.8,-7.72,0,7116,0.96,-57283.8,-7.72,674573.2,6745.73,8
459,Exit long,2020-02-26 15:30,Normal,14.76,47972,684560.44,23506.28,3.43,0,23506.28,3.43,0,0.00,698079.5,6980.80,1
459,Entry long,2020-02-25 21:30,Normal,14.27,47972,684560.44,23506.28,3.43,0,23506.28,3.43,0,0.00,698079.5,6980.80,1
460,Exit long,2020-02-27 17:30,Normal,13.52,54175,708067.25,24378.75,3.44,0,24378.75,3.44,-10293.25,-1.45,722458.25,7224.58,1
460,Entry long,2020-02-27 16:30,Normal,13.07,54175,708067.25,24378.75,3.44,0,24378.75,3.44,-10293.25,-1.45,722458.25,7224.58,1
461,Exit long,2020-03-02 15:30,Normal,13.94,57000,732450,62130,8.48,0,62130,8.48,-45600,-6.23,784588.25,7845.88,5
461,Entry long,2020-02-28 17:30,Normal,12.85,57000,732450,62130,8.48,0,62130,8.48,-45600,-6.23,784588.25,7845.88,5
462,Exit long,2020-03-03 18:30,Normal,13.67,53543,794578.12,-62645.31,-7.88,0,5354.3,0.67,-62645.31,-7.88,721942.94,7219.43,3
462,Entry long,2020-03-03 15:30,Normal,14.84,53543,794578.12,-62645.31,-7.88,0,5354.3,0.67,-62645.31,-7.88,721942.94,7219.43,3
463,Exit long,2020-03-04 18:30,Normal,14.62,51800,731934,25382,3.47,0,25382,3.47,-1554,-0.21,747324.94,7473.25,1
463,Entry long,2020-03-04 17:30,Normal,14.13,51800,731934,25382,3.47,0,25382,3.47,-1554,-0.21,747324.94,7473.25,1
464,Exit long,2020-03-13 19:30,Normal,7.17,109440,757324.8,27360,3.61,0,27360,3.61,-15321.6,-2.02,774684.94,7746.85,1
464,Entry long,2020-03-13 18:30,Normal,6.92,109440,757324.8,27360,3.61,0,27360,3.61,-15321.6,-2.02,774684.94,7746.85,1
465,Exit long,2020-03-17 18:30,Normal,5.57,145852,784683.76,27711.88,3.53,0,27711.88,3.53,-49589.68,-6.32,802396.8,8023.97,2
465,Entry long,2020-03-17 16:30,Normal,5.38,145852,784683.76,27711.88,3.53,0,27711.88,3.53,-49589.68,-6.32,802396.8,8023.97,2
466,Exit long,2020-03-19 17:30,Normal,4.58,183800,812396,29408,3.62,0,29408,3.62,-11028,-1.36,831804.8,8318.05,1
466,Entry long,2020-03-19 16:30,Normal,4.42,183800,812396,29408,3.62,0,29408,3.62,-11028,-1.36,831804.8,8318.05,1
467,Exit long,2020-03-20 16:30,Normal,4.58,169377,841803.69,-66057.03,-7.85,0,10162.62,1.21,-66057.03,-7.85,765747.75,7657.48,1
467,Entry long,2020-03-20 15:30,Normal,4.97,169377,841803.69,-66057.03,-7.85,0,10162.62,1.21,-66057.03,-7.85,765747.75,7657.48,1
468,Exit long,2020-03-23 19:30,Normal,4.54,176707,775743.73,26506.05,3.42,0,26506.05,3.42,0,0.00,792253.8,7922.54,1
468,Entry long,2020-03-23 18:30,Normal,4.39,176707,775743.73,26506.05,3.42,0,26506.05,3.42,0,0.00,792253.8,7922.54,1
469,Exit long,2020-03-25 17:30,Normal,6.55,126738,802251.54,27882.36,3.48,0,27882.36,3.48,-6336.9,-0.79,820136.2,8201.36,1
469,Entry long,2020-03-25 16:30,Normal,6.33,126738,802251.54,27882.36,3.48,0,27882.36,3.48,-6336.9,-0.79,820136.2,8201.36,1
470,Exit long,2020-03-26 20:30,Normal,6.92,124086,830135.34,28539.78,3.44,0,28539.78,3.44,-28539.78,-3.44,848675.94,8486.76,4
470,Entry long,2020-03-26 16:30,Normal,6.69,124086,830135.34,28539.78,3.44,0,28539.78,3.44,-28539.78,-3.44,848675.94,8486.76,4
471,Exit long,2020-04-02 17:30,Normal,5.57,159309,858675.51,28675.62,3.34,0,28675.62,3.34,0,0.00,877351.56,8773.52,1
471,Entry long,2020-04-02 16:30,Normal,5.39,159309,858675.51,28675.62,3.34,0,28675.62,3.34,0,0.00,877351.56,8773.52,1
472,Exit long,2020-04-06 19:30,Normal,6.59,139301,887347.37,30646.22,3.45,0,30646.22,3.45,-2786.02,-0.31,907997.8,9079.98,3
472,Entry long,2020-04-06 16:30,Normal,6.37,139301,887347.37,30646.22,3.45,0,30646.22,3.45,-2786.02,-0.31,907997.8,9079.98,3
473,Exit long,2020-04-07 17:30,Normal,7.25,131142,917994,32785.5,3.57,0,32785.5,3.57,-26228.4,-2.86,940783.3,9407.83,2
473,Entry long,2020-04-07 15:30,Normal,7,131142,917994,32785.5,3.57,0,32785.5,3.57,-26228.4,-2.86,940783.3,9407.83,2
474,Exit long,2020-04-09 15:30,Normal,7.8,128658,950782.62,52749.78,5.55,0,52749.78,5.55,-12865.8,-1.35,993533.06,9935.33,5
474,Entry long,2020-04-08 17:30,Normal,7.39,128658,950782.62,52749.78,5.55,0,52749.78,5.55,-12865.8,-1.35,993533.06,9935.33,5
475,Exit long,2020-04-14 15:30,Normal,7.75,138801,1003531.23,72176.52,7.19,0,72176.52,7.19,0,0.00,1065709.6,10657.10,1
475,Entry long,2020-04-13 21:30,Normal,7.23,138801,1003531.23,72176.52,7.19,0,72176.52,7.19,0,0.00,1065709.6,10657.10,1
476,Exit long,2020-04-16 17:30,Normal,8.16,136511,1075706.68,38223.08,3.55,0,38223.08,3.55,-8190.66,-0.76,1103932.6,11039.33,2
476,Entry long,2020-04-16 15:30,Normal,7.88,136511,1075706.68,38223.08,3.55,0,38223.08,3.55,-8190.66,-0.76,1103932.6,11039.33,2
477,Exit long,2020-04-21 15:30,Normal,7.41,135514,1113925.08,-109766.34,-9.85,0,10841.12,0.97,-109766.34,-9.85,994166.3,9941.66,5
477,Entry long,2020-04-20 17:30,Normal,8.22,135514,1113925.08,-109766.34,-9.85,0,10841.12,0.97,-109766.34,-9.85,994166.3,9941.66,5
478,Exit long,2020-04-22 19:30,Normal,7.68,135150,1004164.5,33787.5,3.36,0,33787.5,3.36,0,0.00,1027953.8,10279.54,3
478,Entry long,2020-04-22 16:30,Normal,7.43,135150,1004164.5,33787.5,3.36,0,33787.5,3.36,0,0.00,1027953.8,10279.54,3
479,Exit long,2020-04-27 15:30,Normal,8.34,131553,1037953.17,59198.85,5.70,0,59198.85,5.70,-64460.97,-6.21,1087152.6,10871.53,14
479,Entry long,2020-04-23 15:30,Normal,7.89,131553,1037953.17,59198.85,5.70,0,59198.85,5.70,-64460.97,-6.21,1087152.6,10871.53,14
480,Exit long,2020-04-29 15:30,Normal,9,126254,1097147.26,39138.74,3.57,0,39138.74,3.57,-56814.3,-5.18,1126291.4,11262.91,7
480,Entry long,2020-04-28 15:30,Normal,8.69,126254,1097147.26,39138.74,3.57,0,39138.74,3.57,-56814.3,-5.18,1126291.4,11262.91,7
481,Exit long,2020-05-04 21:30,Normal,7.33,160266,1136285.94,38463.84,3.39,0,38463.84,3.39,-11218.62,-0.99,1164755.2,11647.55,2
481,Entry long,2020-05-04 19:30,Normal,7.09,160266,1136285.94,38463.84,3.39,0,38463.84,3.39,-11218.62,-0.99,1164755.2,11647.55,2
482,Exit long,2020-05-06 16:30,Normal,8.3,146478,1174753.56,41013.84,3.49,0,41013.84,3.49,-58591.2,-4.99,1205769.1,12057.69,7
482,Entry long,2020-05-05 16:30,Normal,8.02,146478,1174753.56,41013.84,3.49,0,41013.84,3.49,-58591.2,-4.99,1205769.1,12057.69,7
483,Exit long,2020-05-08 15:30,Normal,8.62,145950,1215763.5,42325.5,3.48,0,42325.5,3.48,-14595,-1.20,1248094.6,12480.95,6
483,Entry long,2020-05-07 16:30,Normal,8.33,145950,1215763.5,42325.5,3.48,0,42325.5,3.48,-14595,-1.20,1248094.6,12480.95,6
484,Exit long,2020-05-14 20:30,Normal,8.03,162125,1258090,43773.75,3.48,0,43773.75,3.48,-95653.75,-7.60,1291868.4,12918.68,6
484,Entry long,2020-05-13 21:30,Normal,7.76,162125,1258090,43773.75,3.48,0,43773.75,3.48,-95653.75,-7.60,1291868.4,12918.68,6
485,Exit long,2020-05-18 15:30,Normal,8.43,165843,1301867.55,96188.94,7.39,0,96188.94,7.39,-19901.16,-1.53,1388057.2,13880.57,3
485,Entry long,2020-05-15 19:30,Normal,7.85,165843,1301867.55,96188.94,7.39,0,96188.94,7.39,-19901.16,-1.53,1388057.2,13880.57,3
486,Exit long,2020-05-26 15:30,Normal,9.95,151797,1398050.37,112329.78,8.03,0,112329.78,8.03,0,0.00,1500387.1,15003.87,1
486,Entry long,2020-05-22 21:30,Normal,9.21,151797,1398050.37,112329.78,8.03,0,112329.78,8.03,0,0.00,1500387.1,15003.87,1
487,Exit long,2020-05-28 16:30,Normal,9.94,157168,1510384.48,51865.44,3.43,0,51865.44,3.43,-4715.04,-0.31,1552252.5,15522.53,4
487,Entry long,2020-05-27 19:30,Normal,9.61,157168,1510384.48,51865.44,3.43,0,51865.44,3.43,-4715.04,-0.31,1552252.5,15522.53,4
488,Exit long,2020-05-29 21:30,Normal,10.03,161056,1562243.2,53148.48,3.40,0,53148.48,3.40,-51537.92,-3.30,1605401,16054.01,2
488,Entry long,2020-05-29 19:30,Normal,9.7,161056,1562243.2,53148.48,3.40,0,53148.48,3.40,-51537.92,-3.30,1605401,16054.01,2
489,Exit long,2020-06-02 19:30,Normal,10.22,163502,1615399.76,55590.68,3.44,0,55590.68,3.44,-24525.3,-1.52,1660991.6,16609.92,11
489,Entry long,2020-06-01 15:30,Normal,9.88,163502,1615399.76,55590.68,3.44,0,55590.68,3.44,-24525.3,-1.52,1660991.6,16609.92,11
490,Exit long,2020-06-05 15:30,Normal,12.47,143064,1670987.52,113020.56,6.76,0,113020.56,6.76,0,0.00,1774012.2,17740.12,1
490,Entry long,2020-06-04 21:30,Normal,11.68,143064,1670987.52,113020.56,6.76,0,113020.56,6.76,0,0.00,1774012.2,17740.12,1
491,Exit long,2020-06-10 15:30,Normal,12.91,142949,1784003.52,61468.07,3.45,0,61468.07,3.45,-24301.33,-1.36,1835480.2,18354.80,6
491,Entry long,2020-06-09 16:30,Normal,12.48,142949,1784003.52,61468.07,3.45,0,61468.07,3.45,-24301.33,-1.36,1835480.2,18354.80,6
492,Exit long,2020-06-15 19:30,Normal,10.94,174596,1845479.72,64600.52,3.50,0,64600.52,3.50,-108249.52,-5.87,1900080.9,19000.81,9
492,Entry long,2020-06-12 17:30,Normal,10.57,174596,1845479.72,64600.52,3.50,0,64600.52,3.50,-108249.52,-5.87,1900080.9,19000.81,9
493,Exit long,2020-06-17 15:30,Normal,12.04,164096,1910077.44,65638.4,3.44,0,65638.4,3.44,-39383.04,-2.06,1965719.2,19657.19,6
493,Entry long,2020-06-16 16:30,Normal,11.64,164096,1910077.44,65638.4,3.44,0,65638.4,3.44,-39383.04,-2.06,1965719.2,19657.19,6
494,Exit long,2020-06-23 17:30,Normal,12.42,164506,1975717.06,67447.46,3.41,0,67447.46,3.41,0,0.00,2033166.6,20331.67,3
494,Entry long,2020-06-22 21:30,Normal,12.01,164506,1975717.06,67447.46,3.41,0,67447.46,3.41,0,0.00,2033166.6,20331.67,3
495,Exit long,2020-06-26 15:30,Normal,11.6,182262,2043157.02,71082.18,3.48,0,71082.18,3.48,-32807.16,-1.61,2104248.8,21042.49,5
495,Entry long,2020-06-25 17:30,Normal,11.21,182262,2043157.02,71082.18,3.48,0,71082.18,3.48,-32807.16,-1.61,2104248.8,21042.49,5
496,Exit long,2020-06-30 15:30,Normal,11.41,192029,2114239.29,76811.6,3.63,0,76811.6,3.63,-5760.87,-0.27,2181060.5,21810.61,6
496,Entry long,2020-06-29 16:30,Normal,11.01,192029,2114239.29,76811.6,3.63,0,76811.6,3.63,-5760.87,-0.27,2181060.5,21810.61,6
497,Exit long,2020-07-06 15:30,Normal,12.71,179008,2191057.92,84133.76,3.84,0,84133.76,3.84,-32221.44,-1.47,2265194.2,22651.94,5
497,Entry long,2020-07-02 17:30,Normal,12.24,179008,2191057.92,84133.76,3.84,0,84133.76,3.84,-32221.44,-1.47,2265194.2,22651.94,5
498,Exit long,2020-07-09 18:30,Normal,13.55,173678,2275181.8,78155.1,3.44,0,78155.1,3.44,-100733.24,-4.43,2343349.2,23433.49,16
498,Entry long,2020-07-07 16:30,Normal,13.1,173678,2275181.8,78155.1,3.44,0,78155.1,3.44,-100733.24,-4.43,2343349.2,23433.49,16
499,Exit long,2020-07-13 15:30,Normal,14.13,174710,2353343.7,115308.6,4.90,0,115308.6,4.90,0,0.00,2458658,24586.58,1
499,Entry long,2020-07-10 21:30,Normal,13.47,174710,2353343.7,115308.6,4.90,0,115308.6,4.90,0,0.00,2458658,24586.58,1
500,Exit long,2020-07-15 15:30,Normal,13.76,186313,2468647.25,95019.63,3.85,0,95019.63,3.85,-35399.47,-1.43,2553677.5,25536.78,3
500,Entry long,2020-07-14 19:30,Normal,13.25,186313,2468647.25,95019.63,3.85,0,95019.63,3.85,-35399.47,-1.43,2553677.5,25536.78,3
501,Exit long,2020-07-20 15:30,Normal,13.6,194956,2563671.4,87730.2,3.42,0,87730.2,3.42,-11697.36,-0.46,2641407.8,26414.08,11
501,Entry long,2020-07-16 18:30,Normal,13.15,194956,2563671.4,87730.2,3.42,0,87730.2,3.42,-11697.36,-0.46,2641407.8,26414.08,11
502,Exit long,2020-07-23 19:30,Normal,13.16,185933,2651404.58,-204526.3,-7.71,0,40905.26,1.54,-204526.3,-7.71,2436881.5,24368.82,14
502,Entry long,2020-07-21 19:30,Normal,14.26,185933,2651404.58,-204526.3,-7.71,0,40905.26,1.54,-204526.3,-7.71,2436881.5,24368.82,14
503,Exit long,2020-07-30 17:30,Normal,14.47,174902,2446878.98,83952.96,3.43,0,83952.96,3.43,-146917.69,-6.00,2520834.5,25208.35,19
503,Entry long,2020-07-27 19:30,Normal,13.99,174902,2446878.98,83952.96,3.43,0,83952.96,3.43,-146917.69,-6.00,2520834.5,25208.35,19
504,Exit long,2020-08-04 16:30,Normal,15.98,163808,2530833.6,86818.24,3.43,0,86818.24,3.43,-9828.48,-0.39,2607652.8,26076.53,7
504,Entry long,2020-08-03 16:30,Normal,15.45,163808,2530833.6,86818.24,3.43,0,86818.24,3.43,-9828.48,-0.39,2607652.8,26076.53,7
505,Exit long,2020-08-12 15:30,Normal,15.96,169646,2617637.78,89912.38,3.43,0,89912.38,3.43,-84823,-3.24,2697565,26975.65,14
505,Entry long,2020-08-10 15:30,Normal,15.43,169646,2617637.78,89912.38,3.43,0,89912.38,3.43,-84823,-3.24,2697565,26975.65,14
506,Exit long,2020-08-17 18:30,Normal,16.74,167340,2707561.2,93710.4,3.46,0,93710.4,3.46,-58569,-2.16,2791275.5,27912.75,9
506,Entry long,2020-08-14 16:30,Normal,16.18,167340,2707561.2,93710.4,3.46,0,93710.4,3.46,-58569,-2.16,2791275.5,27912.75,9
507,Exit long,2020-08-26 15:30,Normal,16.98,171331,2801261.85,107938.53,3.85,0,107938.53,3.85,-191890.72,-6.85,2899214,28992.14,33
507,Entry long,2020-08-19 17:30,Normal,16.35,171331,2801261.85,107938.53,3.85,0,107938.53,3.85,-191890.72,-6.85,2899214,28992.14,33
508,Exit long,2020-08-31 17:30,Normal,17.35,173373,2909198.94,98822.61,3.40,0,98822.61,3.40,-32940.87,-1.13,2998036.5,29980.37,9
508,Entry long,2020-08-28 15:30,Normal,16.78,173373,2909198.94,98822.61,3.40,0,98822.61,3.40,-32940.87,-1.13,2998036.5,29980.37,9
509,Exit long,2020-09-02 20:30,Normal,19.98,155695,3008027.4,102758.7,3.42,0,102758.7,3.42,0,0.00,3100795.2,31007.95,3
509,Entry long,2020-09-02 17:30,Normal,19.32,155695,3008027.4,102758.7,3.42,0,102758.7,3.42,0,0.00,3100795.2,31007.95,3
510,Exit long,2020-09-04 20:30,Normal,16.16,199282,3110792.02,109605.1,3.52,0,109605.1,3.52,-83698.44,-2.69,3210400.2,32104.00,3
510,Entry long,2020-09-04 17:30,Normal,15.61,199282,3110792.02,109605.1,3.52,0,109605.1,3.52,-83698.44,-2.69,3210400.2,32104.00,3
511,Exit long,2020-09-10 15:30,Normal,15.37,218480,3220395.2,137642.4,4.27,0,137642.4,4.27,0,0.00,3348042.8,33480.43,6
511,Entry long,2020-09-09 16:30,Normal,14.74,218480,3220395.2,137642.4,4.27,0,137642.4,4.27,0,0.00,3348042.8,33480.43,6
512,Exit long,2020-09-14 15:30,Normal,15.25,228593,3358031.17,128012.08,3.81,0,128012.08,3.81,-210305.56,-6.26,3476054.8,34760.55,7
512,Entry long,2020-09-11 15:30,Normal,14.69,228593,3358031.17,128012.08,3.81,0,128012.08,3.81,-210305.56,-6.26,3476054.8,34760.55,7
513,Exit long,2020-09-17 15:30,Normal,14.27,216525,3486052.5,-396240.75,-11.37,0,15156.75,0.43,-396240.75,-11.37,3079814,30798.14,7
513,Entry long,2020-09-16 15:30,Normal,16.1,216525,3486052.5,-396240.75,-11.37,0,15156.75,0.43,-396240.75,-11.37,3079814,30798.14,7
514,Exit long,2020-09-21 15:30,Normal,13.52,210908,3089802.2,-238326.05,-7.71,0,0,0.00,-238326.05,-7.71,2841488,28414.88,1
514,Entry long,2020-09-18 21:30,Normal,14.65,210908,3089802.2,-238326.05,-7.71,0,0,0.00,-238326.05,-7.71,2841488,28414.88,1
515,Exit long,2020-09-22 21:30,Normal,15.07,195709,2851480.13,97854.5,3.43,0,97854.5,3.43,-21527.99,-0.75,2939342.5,29393.43,4
515,Entry long,2020-09-22 17:30,Normal,14.57,195709,2851480.13,97854.5,3.43,0,97854.5,3.43,-21527.99,-0.75,2939342.5,29393.43,4
516,Exit long,2020-09-28 15:30,Normal,15.51,198341,2949330.67,126938.24,4.30,0,126938.24,4.30,-214208.28,-7.26,3066280.8,30662.81,21
516,Entry long,2020-09-23 15:30,Normal,14.87,198341,2949330.67,126938.24,4.30,0,126938.24,4.30,-214208.28,-7.26,3066280.8,30662.81,21
517,Exit long,2020-10-01 15:30,Normal,17.17,185318,3076278.8,105631.26,3.43,0,105631.26,3.43,-88952.64,-2.89,3171912,31719.12,14
517,Entry long,2020-09-29 15:30,Normal,16.6,185318,3076278.8,105631.26,3.43,0,105631.26,3.43,-88952.64,-2.89,3171912,31719.12,14
518,Exit long,2020-10-06 15:30,Normal,17.51,187945,3181908.85,109008.1,3.43,0,109008.1,3.43,-9397.25,-0.30,3280920.2,32809.20,6
518,Entry long,2020-10-05 16:30,Normal,16.93,187945,3181908.85,109008.1,3.43,0,109008.1,3.43,-9397.25,-0.30,3280920.2,32809.20,6
519,Exit long,2020-10-08 16:30,Normal,18.75,181919,3290914.71,120066.54,3.65,0,120066.54,3.65,-18191.9,-0.55,3400986.8,34009.87,5
519,Entry long,2020-10-07 18:30,Normal,18.09,181919,3290914.71,120066.54,3.65,0,120066.54,3.65,-18191.9,-0.55,3400986.8,34009.87,5
520,Exit long,2020-10-12 15:30,Normal,20.36,176552,3410984.64,183614.08,5.38,0,183614.08,5.38,0,0.00,3584600.8,35846.01,7
520,Entry long,2020-10-09 15:30,Normal,19.32,176552,3410984.64,183614.08,5.38,0,183614.08,5.38,0,0.00,3584600.8,35846.01,7
521,Exit long,2020-10-19 15:30,Normal,20.56,181088,3594596.8,128572.48,3.58,0,128572.48,3.58,-18108.8,-0.50,3713173.2,37131.73,10
521,Entry long,2020-10-15 19:30,Normal,19.85,181088,3594596.8,128572.48,3.58,0,128572.48,3.58,-18108.8,-0.50,3713173.2,37131.73,10
522,Exit long,2020-10-23 17:30,Normal,18.33,187470,3723154.2,-286829.1,-7.70,0,0,0.00,-286829.1,-7.70,3426344.2,34263.44,19
522,Entry long,2020-10-20 19:30,Normal,19.86,187470,3723154.2,-286829.1,-7.70,0,0,0.00,-286829.1,-7.70,3426344.2,34263.44,19
523,Exit long,2020-10-27 14:30,Normal,17.96,199323,3436328.52,143512.56,4.18,0,143512.56,4.18,0,0.00,3569856.8,35698.57,3
523,Entry long,2020-10-26 18:30,Normal,17.24,199323,3436328.52,143512.56,4.18,0,143512.56,4.18,0,0.00,3569856.8,35698.57,3
524,Exit long,2020-10-29 15:30,Normal,16.7,223322,3579851.66,149625.73,4.18,0,149625.73,4.18,-84862.36,-2.37,3719482.5,37194.82,6
524,Entry long,2020-10-28 16:30,Normal,16.03,223322,3579851.66,149625.73,4.18,0,149625.73,4.18,-84862.36,-2.37,3719482.5,37194.82,6
525,Exit long,2020-11-03 15:30,Normal,17.39,221993,3729482.4,130975.87,3.51,0,130975.87,3.51,-168714.69,-4.52,3850458.2,38504.58,7
525,Entry long,2020-11-02 15:30,Normal,16.8,221993,3729482.4,130975.87,3.51,0,130975.87,3.51,-168714.69,-4.52,3850458.2,38504.58,7
526,Exit long,2020-11-06 15:30,Normal,22.17,180987,3860452.71,152029.08,3.94,0,152029.08,3.94,-41627.01,-1.08,4002487.5,40024.88,6
526,Entry long,2020-11-05 16:30,Normal,21.33,180987,3860452.71,152029.08,3.94,0,152029.08,3.94,-41627.01,-1.08,4002487.5,40024.88,6
527,Exit long,2020-11-13 15:30,Normal,22.47,184651,4012466.23,136641.73,3.41,0,136641.73,3.41,-138488.25,-3.45,4139129.2,41391.29,13
527,Entry long,2020-11-11 16:30,Normal,21.73,184651,4012466.23,136641.73,3.41,0,136641.73,3.41,-138488.25,-3.45,4139129.2,41391.29,13
528,Exit long,2020-11-23 15:30,Normal,24.25,176935,4149125.75,141548,3.41,0,141548,3.41,-230015.5,-5.54,4280677,42806.77,34
528,Entry long,2020-11-16 16:30,Normal,23.45,176935,4149125.75,141548,3.41,0,141548,3.41,-230015.5,-5.54,4280677,42806.77,34
529,Exit long,2020-11-27 15:30,Normal,25.22,175919,4290664.41,146012.77,3.40,0,146012.77,3.40,-31665.42,-0.74,4426690,44266.90,12
529,Entry long,2020-11-24 16:30,Normal,24.39,175919,4290664.41,146012.77,3.40,0,146012.77,3.40,-31665.42,-0.74,4426690,44266.90,12
530,Exit long,2020-12-01 15:30,Normal,27.02,173511,4436676.27,251590.95,5.67,0,251590.95,5.67,-1735.11,-0.04,4678281,46782.81,4
530,Entry long,2020-11-30 17:30,Normal,25.57,173511,4436676.27,251590.95,5.67,0,251590.95,5.67,-1735.11,-0.04,4678281,46782.81,4
531,Exit long,2020-12-14 15:30,Normal,28.02,174935,4688258,213420.7,4.55,0,213420.7,4.55,0,0.00,4891701.5,48917.02,4
531,Entry long,2020-12-11 18:30,Normal,26.8,174935,4688258,213420.7,4.55,0,213420.7,4.55,0,0.00,4891701.5,48917.02,4
532,Exit long,2021-01-04 15:30,Normal,30.91,167751,4901684.22,283499.2,5.78,0,283499.2,5.78,-308661.84,-6.30,5175201,51752.01,73
532,Entry long,2020-12-15 17:30,Normal,29.22,167751,4901684.22,283499.2,5.78,0,283499.2,5.78,-308661.84,-6.30,5175201,51752.01,73
533,Exit long,2021-01-06 19:30,Normal,32.52,164923,5185179.12,178116.84,3.44,0,178116.84,3.44,0,0.00,5353317.5,53533.18,4
533,Entry long,2021-01-06 15:30,Normal,31.44,164923,5185179.12,178116.84,3.44,0,178116.84,3.44,0,0.00,5353317.5,53533.18,4
534,Exit long,2021-01-19 20:30,Normal,40.22,137909,5363281.01,183418.97,3.42,0,183418.97,3.42,-5516.36,-0.10,5536736.5,55367.37,4
534,Entry long,2021-01-19 16:30,Normal,38.89,137909,5363281.01,183418.97,3.42,0,183418.97,3.42,-5516.36,-0.10,5536736.5,55367.37,4
535,Exit long,2021-01-27 15:30,Normal,35.65,141102,5546719.62,-516433.3,-9.31,0,64906.92,1.17,-516433.3,-9.31,5020303,50203.03,10
535,Entry long,2021-01-25 18:30,Normal,39.31,141102,5546719.62,-516433.3,-9.31,0,64906.92,1.17,-516433.3,-9.31,5020303,50203.03,10
536,Exit long,2021-01-28 19:30,Normal,35.37,147084,5030272.8,172088.28,3.42,0,172088.28,3.42,-8825.04,-0.18,5192391.5,51923.92,3
536,Entry long,2021-01-28 16:30,Normal,34.2,147084,5030272.8,172088.28,3.42,0,172088.28,3.42,-8825.04,-0.18,5192391.5,51923.92,3
537,Exit long,2021-02-01 15:30,Normal,34.31,157791,5202369.27,211439.94,4.06,0,211439.94,4.06,0,0.00,5403831.5,54038.32,1
537,Entry long,2021-01-29 21:30,Normal,32.97,157791,5202369.27,211439.94,4.06,0,211439.94,4.06,0,0.00,5403831.5,54038.32,1
538,Exit long,2021-02-03 15:30,Normal,38.16,146716,5413820.4,184862.16,3.41,0,184862.16,3.41,-77759.48,-1.44,5588693.5,55886.94,7
538,Entry long,2021-02-02 15:30,Normal,36.9,146716,5413820.4,184862.16,3.41,0,184862.16,3.41,-77759.48,-1.44,5588693.5,55886.94,7
539,Exit long,2021-02-08 20:30,Normal,38.64,149857,5598657.52,191816.95,3.43,0,191816.95,3.43,-16484.27,-0.29,5780510.5,57805.11,5
539,Entry long,2021-02-08 15:30,Normal,37.36,149857,5598657.52,191816.95,3.43,0,191816.95,3.43,-16484.27,-0.29,5780510.5,57805.11,5
540,Exit long,2021-02-11 15:30,Normal,40.46,148019,5790503.28,198345.45,3.43,0,198345.45,3.43,-279755.9,-4.83,5978856,59788.56,14
540,Entry long,2021-02-09 15:30,Normal,39.12,148019,5790503.28,198345.45,3.43,0,198345.45,3.43,-279755.9,-4.83,5978856,59788.56,14
541,Exit long,2021-02-16 15:30,Normal,45.77,135310,5988820.6,204318.1,3.41,0,204318.1,3.41,-124485.2,-2.08,6183174,61831.74,6
541,Entry long,2021-02-12 16:30,Normal,44.26,135310,5988820.6,204318.1,3.41,0,204318.1,3.41,-124485.2,-2.08,6183174,61831.74,6
542,Exit long,2021-02-22 20:30,Normal,40.51,141106,6193142.34,-476938.28,-7.70,0,110062.68,1.78,-476938.28,-7.70,5706236,57062.36,10
542,Entry long,2021-02-19 17:30,Normal,43.89,141106,6193142.34,-476938.28,-7.70,0,110062.68,1.78,-476938.28,-7.70,5706236,57062.36,10
543,Exit long,2021-02-23 20:30,Normal,38.89,151987,5716231.07,194543.36,3.40,0,194543.36,3.40,-18238.44,-0.32,5900779,59007.79,1
543,Entry long,2021-02-23 19:30,Normal,37.61,151987,5716231.07,194543.36,3.40,0,194543.36,3.40,-18238.44,-0.32,5900779,59007.79,1
544,Exit long,2021-02-24 17:30,Normal,40.34,152536,5910770,242532.23,4.10,0,242532.23,4.10,0,0.00,6143311.5,61433.12,1
544,Entry long,2021-02-24 16:30,Normal,38.75,152536,5910770,242532.23,4.10,0,242532.23,4.10,0,0.00,6143311.5,61433.12,1
545,Exit long,2021-02-26 17:30,Normal,38.07,167118,6153284.76,208897.5,3.39,0,208897.5,3.39,0,0.00,6352209,63522.09,1
545,Entry long,2021-02-26 16:30,Normal,36.82,167118,6153284.76,208897.5,3.39,0,208897.5,3.39,0,0.00,6352209,63522.09,1
546,Exit long,2021-03-02 15:30,Normal,41.57,159334,6362206.62,261307.77,4.11,0,261307.77,4.11,0,0.00,6613516.5,66135.16,6
546,Entry long,2021-03-01 16:30,Normal,39.93,159334,6362206.62,261307.77,4.11,0,261307.77,4.11,0,0.00,6613516.5,66135.16,6
547,Exit long,2021-03-08 19:30,Normal,28.59,213799,6623493.02,-510979.62,-7.71,0,211661.02,3.20,-510979.62,-7.71,6102537,61025.37,8
547,Entry long,2021-03-05 18:30,Normal,30.98,213799,6623493.02,-510979.62,-7.71,0,211661.02,3.20,-510979.62,-7.71,6102537,61025.37,8
548,Exit long,2021-03-09 19:30,Normal,31.58,200279,6112515.08,212295.73,3.47,0,212295.73,3.47,-24033.48,-0.39,6314833,63148.33,3
548,Entry long,2021-03-09 16:30,Normal,30.52,200279,6112515.08,212295.73,3.47,0,212295.73,3.47,-24033.48,-0.39,6314833,63148.33,3
549,Exit long,2021-03-12 15:30,Normal,31.02,188239,6324830.4,-485656.62,-7.68,0,33883.02,0.54,-485656.62,-7.68,5829176,58291.76,3
549,Entry long,2021-03-11 19:30,Normal,33.6,188239,6324830.4,-485656.62,-7.68,0,33883.02,0.54,-485656.62,-7.68,5829176,58291.76,3
550,Exit long,2021-03-15 20:30,Normal,34.24,176356,5839147.16,199282.28,3.41,0,199282.28,3.41,-96995.8,-1.66,6028458.5,60284.59,6
550,Entry long,2021-03-15 14:30,Normal,33.11,176356,5839147.16,199282.28,3.41,0,199282.28,3.41,-96995.8,-1.66,6028458.5,60284.59,6
551,Exit long,2021-03-17 14:30,Normal,34.22,162761,6038433.1,-468751.7,-7.76,0,22786.54,0.38,-468751.7,-7.76,5559707,55597.07,6
551,Entry long,2021-03-16 15:30,Normal,37.1,162761,6038433.1,-468751.7,-7.76,0,22786.54,0.38,-468751.7,-7.76,5559707,55597.07,6
552,Exit long,2021-03-22 14:30,Normal,34.89,165077,5569697.98,189838.55,3.41,0,189838.55,3.41,-128760.06,-2.31,5749545.5,57495.46,5
552,Entry long,2021-03-19 16:30,Normal,33.74,165077,5569697.98,189838.55,3.41,0,189838.55,3.41,-128760.06,-2.31,5749545.5,57495.46,5
553,Exit long,2021-03-24 20:30,Normal,31.77,167331,5759533.02,-443427.16,-7.70,0,0,0.00,-443427.16,-7.70,5306118,53061.18,5
553,Entry long,2021-03-24 15:30,Normal,34.42,167331,5759533.02,-443427.16,-7.70,0,0,0.00,-443427.16,-7.70,5306118,53061.18,5
554,Exit long,2021-03-26 14:30,Normal,32.56,168872,5316090.56,182381.77,3.43,0,182381.77,3.43,-202646.4,-3.81,5488500,54885.00,5
554,Entry long,2021-03-25 16:30,Normal,31.48,168872,5316090.56,182381.77,3.43,0,182381.77,3.43,-202646.4,-3.81,5488500,54885.00,5
555,Exit long,2021-03-31 20:30,Normal,37.79,150478,5498466.12,188097.5,3.42,0,188097.5,3.42,-60191.2,-1.09,5676597.5,56765.98,4
555,Entry long,2021-03-31 16:30,Normal,36.54,150478,5498466.12,188097.5,3.42,0,188097.5,3.42,-60191.2,-1.09,5676597.5,56765.98,4
556,Exit long,2021-04-14 19:30,Normal,40.15,130726,5686581,-437932.1,-7.70,0,57519.44,1.01,-437932.1,-7.70,5238665.5,52386.66,50
556,Entry long,2021-04-05 18:30,Normal,43.5,130726,5686581,-437932.1,-7.70,0,57519.44,1.01,-437932.1,-7.70,5238665.5,52386.66,50
557,Exit long,2021-04-19 16:30,Normal,38.52,125776,5248632.48,-403740.97,-7.69,0,77981.12,1.49,-403740.97,-7.69,4834924.5,48349.25,13
557,Entry long,2021-04-15 17:30,Normal,41.73,125776,5248632.48,-403740.97,-7.69,0,77981.12,1.49,-403740.97,-7.69,4834924.5,48349.25,13
558,Exit long,2021-04-21 15:30,Normal,37.78,132628,4844900.84,165785,3.42,0,165785,3.42,-34483.28,-0.71,5000709.5,50007.10,1
558,Entry long,2021-04-20 21:30,Normal,36.53,132628,4844900.84,165785,3.42,0,165785,3.42,-34483.28,-0.71,5000709.5,50007.10,1
559,Exit long,2021-04-26 15:30,Normal,39.8,130182,5010705.18,170538.42,3.40,0,170538.42,3.40,-300720.4,-6.00,5171248,51712.48,13
559,Entry long,2021-04-22 16:30,Normal,38.49,130182,5010705.18,170538.42,3.40,0,170538.42,3.40,-300720.4,-6.00,5171248,51712.48,13
560,Exit long,2021-05-03 15:30,Normal,35.29,135528,5181235.44,-398452.3,-7.69,0,119264.64,2.30,-398452.3,-7.69,4772795.5,47727.95,11
560,Entry long,2021-04-29 18:30,Normal,38.23,135528,5181235.44,-398452.3,-7.69,0,119264.64,2.30,-398452.3,-7.69,4772795.5,47727.95,11
561,Exit long,2021-05-04 21:30,Normal,32.8,150781,4782773.32,162843.48,3.40,0,162843.48,3.40,-25632.77,-0.54,4935639,49356.39,4
561,Entry long,2021-05-04 17:30,Normal,31.72,150781,4782773.32,162843.48,3.40,0,162843.48,3.40,-25632.77,-0.54,4935639,49356.39,4
562,Exit long,2021-05-07 15:30,Normal,35.48,147060,4945627.8,272061,5.50,0,272061,5.50,-213237,-4.31,5207700,52077.00,14
562,Entry long,2021-05-05 15:30,Normal,33.63,147060,4945627.8,272061,5.50,0,272061,5.50,-213237,-4.31,5207700,52077.00,14
563,Exit long,2021-05-11 19:30,Normal,31.23,172828,5217677.32,179741.12,3.44,0,179741.12,3.44,-53576.68,-1.03,5387441,53874.41,3
563,Entry long,2021-05-11 16:30,Normal,30.19,172828,5217677.32,179741.12,3.44,0,179741.12,3.44,-53576.68,-1.03,5387441,53874.41,3
564,Exit long,2021-05-14 15:30,Normal,29.6,190184,5397421.92,232024.48,4.30,0,232024.48,4.30,-174969.28,-3.24,5619465.5,56194.66,5
564,Entry long,2021-05-13 17:30,Normal,28.38,190184,5397421.92,232024.48,4.30,0,232024.48,4.30,-174969.28,-3.24,5619465.5,56194.66,5
565,Exit long,2021-05-19 15:30,Normal,27.61,186777,5629458.78,-472545.8,-8.39,0,183041.45,3.25,-472545.8,-8.39,5146920,51469.20,8
565,Entry long,2021-05-17 21:30,Normal,30.14,186777,5629458.78,-472545.8,-8.39,0,183041.45,3.25,-472545.8,-8.39,5146920,51469.20,8
566,Exit long,2021-05-20 20:30,Normal,33.81,157703,5156888.1,175050.33,3.39,0,175050.33,3.39,-17347.33,-0.34,5321970,53219.70,5
566,Entry long,2021-05-20 15:30,Normal,32.7,157703,5156888.1,175050.33,3.39,0,175050.33,3.39,-17347.33,-0.34,5321970,53219.70,5
567,Exit long,2021-05-28 15:30,Normal,37.44,147291,5331934.2,182640.84,3.43,0,182640.84,3.43,-160547.19,-3.01,5504611,55046.11,21
567,Entry long,2021-05-25 15:30,Normal,36.2,147291,5331934.2,182640.84,3.43,0,182640.84,3.43,-160547.19,-3.01,5504611,55046.11,21
568,Exit long,2021-06-14 17:30,Normal,39.17,145581,5514608.28,187799.48,3.41,0,187799.48,3.41,-356673.44,-6.47,5692410.5,56924.11,58
568,Entry long,2021-06-02 15:30,Normal,37.88,145581,5514608.28,187799.48,3.41,0,187799.48,3.41,-356673.44,-6.47,5692410.5,56924.11,58
569,Exit long,2021-06-18 16:30,Normal,36.57,143963,5702374.43,-437647.53,-7.67,0,47507.79,0.83,-437647.53,-7.67,5254763,52547.63,7
569,Entry long,2021-06-17 16:30,Normal,39.61,143963,5702374.43,-437647.53,-7.67,0,47507.79,0.83,-437647.53,-7.67,5254763,52547.63,7
570,Exit long,2021-06-22 16:30,Normal,37.63,144715,5264731.7,180893.75,3.44,0,180893.75,3.44,-20260.1,-0.38,5435656.5,54356.57,7
570,Entry long,2021-06-21 16:30,Normal,36.38,144715,5264731.7,180893.75,3.44,0,180893.75,3.44,-20260.1,-0.38,5435656.5,54356.57,7
571,Exit long,2021-06-24 15:30,Normal,39.55,142370,5445652.5,185081,3.40,0,185081,3.40,-71185,-1.31,5620737.5,56207.38,7
571,Entry long,2021-06-23 15:30,Normal,38.25,142370,5445652.5,185081,3.40,0,185081,3.40,-71185,-1.31,5620737.5,56207.38,7
572,Exit long,2021-06-28 16:30,Normal,41.59,139998,5630719.56,191797.27,3.41,0,191797.27,3.41,-158197.73,-2.81,5812535,58125.35,8
572,Entry long,2021-06-25 15:30,Normal,40.22,139998,5630719.56,191797.27,3.41,0,191797.27,3.41,-158197.73,-2.81,5812535,58125.35,8
573,Exit long,2021-07-07 16:30,Normal,39.9,134718,5822511.96,-447263.75,-7.68,0,0,0.00,-447263.75,-7.68,5365271,53652.71,23
573,Entry long,2021-06-30 21:30,Normal,43.22,134718,5822511.96,-447263.75,-7.68,0,0,0.00,-447263.75,-7.68,5365271,53652.71,23
574,Exit long,2021-07-09 16:30,Normal,39.98,139039,5375247.74,183531.48,3.41,0,183531.48,3.41,-102888.86,-1.91,5548802.5,55488.03,7
574,Entry long,2021-07-08 16:30,Normal,38.66,139039,5375247.74,183531.48,3.41,0,183531.48,3.41,-102888.86,-1.91,5548802.5,55488.03,7
575,Exit long,2021-07-14 15:30,Normal,42.33,135812,5558785.16,190136.8,3.42,0,190136.8,3.42,-20371.8,-0.37,5738939.5,57389.40,14
575,Entry long,2021-07-12 15:30,Normal,40.93,135812,5558785.16,190136.8,3.42,0,190136.8,3.42,-20371.8,-0.37,5738939.5,57389.40,14
576,Exit long,2021-07-19 15:30,Normal,34.16,150299,5748936.75,-614722.94,-10.69,0,145790.03,2.54,-614722.94,-10.69,5124216.5,51242.17,8
576,Entry long,2021-07-15 21:30,Normal,38.25,150299,5748936.75,-614722.94,-10.69,0,145790.03,2.54,-614722.94,-10.69,5124216.5,51242.17,8
577,Exit long,2021-07-20 18:30,Normal,37.3,142340,5134203.8,175078.2,3.41,0,175078.2,3.41,-21351,-0.42,5299295,52992.95,3
577,Entry long,2021-07-20 15:30,Normal,36.07,142340,5134203.8,175078.2,3.41,0,175078.2,3.41,-21351,-0.42,5299295,52992.95,3
578,Exit long,2021-07-27 17:30,Normal,36.34,134856,5309280.72,-408613.7,-7.70,0,164524.31,3.10,-408613.7,-7.70,4890681,48906.81,29
578,Entry long,2021-07-21 16:30,Normal,39.37,134856,5309280.72,-408613.7,-7.70,0,164524.31,3.10,-408613.7,-7.70,4890681,48906.81,29
579,Exit long,2021-07-28 20:30,Normal,40.07,126469,4900673.75,166939.08,3.41,0,166939.08,3.41,-46793.53,-0.95,5057620,50576.20,5
579,Entry long,2021-07-28 15:30,Normal,38.75,126469,4900673.75,166939.08,3.41,0,166939.08,3.41,-46793.53,-0.95,5057620,50576.20,5
580,Exit long,2021-08-02 15:30,Normal,43.85,121205,5067581.05,247258.2,4.88,0,247258.2,4.88,-113932.7,-2.25,5304878.5,53048.79,13
580,Entry long,2021-07-29 16:30,Normal,41.81,121205,5067581.05,247258.2,4.88,0,247258.2,4.88,-113932.7,-2.25,5304878.5,53048.79,13
581,Exit long,2021-08-04 16:30,Normal,45.98,119516,5314876.52,180469.16,3.40,0,180469.16,3.40,-40635.44,-0.76,5485347.5,54853.48,4
581,Entry long,2021-08-03 19:30,Normal,44.47,119516,5314876.52,180469.16,3.40,0,180469.16,3.40,-40635.44,-0.76,5485347.5,54853.48,4
582,Exit long,2021-08-17 17:30,Normal,38.74,130935,5495341.95,-422920.06,-7.70,0,128316.3,2.34,-422920.06,-7.70,5062427.5,50624.28,28
582,Entry long,2021-08-11 17:30,Normal,41.97,130935,5495341.95,-422920.06,-7.70,0,128316.3,2.34,-422920.06,-7.70,5062427.5,50624.28,28
583,Exit long,2021-08-19 15:30,Normal,36.4,128611,5072417.84,-390977.44,-7.71,0,14147.21,0.28,-390977.44,-7.71,4671450,46714.50,7
583,Entry long,2021-08-18 15:30,Normal,39.44,128611,5072417.84,-390977.44,-7.71,0,14147.21,0.28,-390977.44,-7.71,4671450,46714.50,7
584,Exit long,2021-08-23 15:30,Normal,40.26,120998,4681412.62,189966.86,4.06,0,189966.86,4.06,-101638.32,-2.17,4861417,48614.17,7
584,Entry long,2021-08-20 15:30,Normal,38.69,120998,4681412.62,189966.86,4.06,0,189966.86,4.06,-101638.32,-2.17,4861417,48614.17,7
585,Exit long,2021-08-25 15:30,Normal,44.01,114486,4871379.3,167149.56,3.43,0,167149.56,3.43,-44649.54,-0.92,5028566.5,50285.67,7
585,Entry long,2021-08-24 15:30,Normal,42.55,114486,4871379.3,167149.56,3.43,0,167149.56,3.43,-44649.54,-0.92,5028566.5,50285.67,7
586,Exit long,2021-08-27 15:30,Normal,45.11,115510,5038546.2,172109.9,3.42,0,172109.9,3.42,-78546.8,-1.56,5200676.5,52006.77,5
586,Entry long,2021-08-26 17:30,Normal,43.62,115510,5038546.2,172109.9,3.42,0,172109.9,3.42,-78546.8,-1.56,5200676.5,52006.77,5
587,Exit long,2021-09-10 15:30,Normal,46.91,114873,5210639.28,178053.16,3.42,0,178053.16,3.42,-329685.5,-6.33,5378729.5,53787.30,40
587,Entry long,2021-09-01 17:30,Normal,45.36,114873,5210639.28,178053.16,3.42,0,178053.16,3.42,-329685.5,-6.33,5378729.5,53787.30,40
588,Exit long,2021-09-16 20:30,Normal,47.92,116286,5388693.24,183731.88,3.41,0,183731.88,3.41,-110471.7,-2.05,5562461.5,55624.61,19
588,Entry long,2021-09-14 15:30,Normal,46.34,116286,5388693.24,183731.88,3.41,0,183731.88,3.41,-110471.7,-2.05,5562461.5,55624.61,19
589,Exit long,2021-09-21 20:30,Normal,43.13,133600,5572456,189712,3.40,0,189712,3.40,-82832,-1.49,5752173.5,57521.74,5
589,Entry long,2021-09-21 15:30,Normal,41.71,133600,5572456,189712,3.40,0,189712,3.40,-82832,-1.49,5752173.5,57521.74,5
590,Exit long,2021-09-23 15:30,Normal,45.68,130454,5762153.18,196985.55,3.42,0,196985.55,3.42,-45658.9,-0.79,5949159,59491.59,6
590,Entry long,2021-09-22 16:30,Normal,44.17,130454,5762153.18,196985.55,3.42,0,196985.55,3.42,-45658.9,-0.79,5949159,59491.59,6
591,Exit long,2021-09-28 15:30,Normal,43.13,127523,5959149.79,-459082.8,-7.70,0,2550.46,0.04,-459082.8,-7.70,5490076,54900.76,11
591,Entry long,2021-09-24 18:30,Normal,46.73,127523,5959149.79,-459082.8,-7.70,0,2550.46,0.04,-459082.8,-7.70,5490076,54900.76,11
592,Exit long,2021-09-30 15:30,Normal,40.37,140883,5500072.32,187374.39,3.41,0,187374.39,3.41,-46491.39,-0.85,5677450.5,56774.51,4
592,Entry long,2021-09-29 18:30,Normal,39.04,140883,5500072.32,187374.39,3.41,0,187374.39,3.41,-46491.39,-0.85,5677450.5,56774.51,4
593,Exit long,2021-10-07 15:30,Normal,39.38,149355,5687438.4,194161.5,3.41,0,194161.5,3.41,-386829.44,-6.80,5871612,58716.12,27
593,Entry long,2021-10-01 16:30,Normal,38.08,149355,5687438.4,194161.5,3.41,0,194161.5,3.41,-386829.44,-6.80,5871612,58716.12,27
594,Exit long,2021-10-12 18:30,Normal,36.01,150771,5881576.71,-452313,-7.69,0,6030.84,0.10,-452313,-7.69,5419299,54192.99,9
594,Entry long,2021-10-11 16:30,Normal,39.01,150771,5881576.71,-452313,-7.69,0,6030.84,0.10,-452313,-7.69,5419299,54192.99,9
595,Exit long,2021-10-14 15:30,Normal,38.51,148503,5429269.68,289580.84,5.33,0,289580.84,5.33,-49005.99,-0.90,5708880,57088.80,7
595,Entry long,2021-10-13 15:30,Normal,36.56,148503,5429269.68,289580.84,5.33,0,289580.84,5.33,-49005.99,-0.90,5708880,57088.80,7
596,Exit long,2021-10-18 21:30,Normal,41.56,142296,5718876.24,194945.52,3.41,0,194945.52,3.41,-132335.28,-2.31,5903825.5,59038.26,13
596,Entry long,2021-10-15 15:30,Normal,40.19,142296,5718876.24,194945.52,3.41,0,194945.52,3.41,-132335.28,-2.31,5903825.5,59038.26,13
597,Exit long,2021-10-21 20:30,Normal,43.56,140404,5913816.48,202181.77,3.42,0,202181.77,3.42,-42121.2,-0.71,6106007,61060.07,19
597,Entry long,2021-10-19 15:30,Normal,42.12,140404,5913816.48,202181.77,3.42,0,202181.77,3.42,-42121.2,-0.71,6106007,61060.07,19
598,Exit long,2021-10-28 15:30,Normal,45.29,139634,6115969.2,208054.66,3.40,0,208054.66,3.40,-206658.31,-3.38,6314062,63140.62,20
598,Entry long,2021-10-25 16:30,Normal,43.8,139634,6115969.2,208054.66,3.40,0,208054.66,3.40,-206658.31,-3.38,6314062,63140.62,20
599,Exit long,2021-11-01 14:30,Normal,47.08,138929,6324048.08,216729.23,3.43,0,216729.23,3.43,-37510.83,-0.59,6530791,65307.91,6
599,Entry long,2021-10-29 16:30,Normal,45.52,138929,6324048.08,216729.23,3.43,0,216729.23,3.43,-37510.83,-0.59,6530791,65307.91,6
600,Exit long,2021-11-03 15:30,Normal,50.8,133159,6540770.08,223707.12,3.42,0,223707.12,3.42,-18642.26,-0.29,6754498,67544.98,8
600,Entry long,2021-11-02 14:30,Normal,49.12,133159,6540770.08,223707.12,3.42,0,223707.12,3.42,-18642.26,-0.29,6754498,67544.98,8
601,Exit long,2021-11-12 15:30,Normal,60.27,116068,6764443.04,230975.31,3.41,0,230975.31,3.41,-20892.24,-0.31,6985473.5,69854.74,7
601,Entry long,2021-11-11 15:30,Normal,58.28,116068,6764443.04,230975.31,3.41,0,230975.31,3.41,-20892.24,-0.31,6985473.5,69854.74,7
602,Exit long,2021-11-19 15:30,Normal,66.53,108726,6995430.84,238109.94,3.40,0,238109.94,3.40,-28268.76,-0.40,7223583.5,72235.83,7
602,Entry long,2021-11-18 15:30,Normal,64.34,108726,6995430.84,238109.94,3.40,0,238109.94,3.40,-28268.76,-0.40,7223583.5,72235.83,7
603,Exit long,2021-11-29 17:30,Normal,64.93,115202,7233533.58,246532.28,3.41,0,246532.28,3.41,-543753.44,-7.52,7470115.5,74701.16,14
603,Entry long,2021-11-23 21:30,Normal,62.79,115202,7233533.58,246532.28,3.41,0,246532.28,3.41,-543753.44,-7.52,7470115.5,74701.16,14
604,Exit long,2021-11-30 17:30,Normal,61.4,112449,7480107.48,-575738.9,-7.70,0,44979.6,0.60,-575738.9,-7.70,6894377,68943.77,2
604,Entry long,2021-11-30 15:30,Normal,66.52,112449,7480107.48,-575738.9,-7.70,0,44979.6,0.60,-575738.9,-7.70,6894377,68943.77,2
605,Exit long,2021-12-01 20:30,Normal,63.13,100955,6904312.45,-531023.3,-7.69,0,25238.75,0.37,-531023.3,-7.69,6363353.5,63633.54,4
605,Entry long,2021-12-01 16:30,Normal,68.39,100955,6904312.45,-531023.3,-7.69,0,25238.75,0.37,-531023.3,-7.69,6363353.5,63633.54,4
606,Exit long,2021-12-06 19:30,Normal,60.9,108224,6373311.36,217530.23,3.41,0,217530.23,3.41,-56276.48,-0.88,6580884,65808.84,2
606,Entry long,2021-12-06 17:30,Normal,58.89,108224,6373311.36,217530.23,3.41,0,217530.23,3.41,-56276.48,-0.88,6580884,65808.84,2
607,Exit long,2021-12-09 19:30,Normal,64.43,94425,6590865,-507062.25,-7.69,0,50045.25,0.76,-507062.25,-7.69,6073821.5,60738.22,15
607,Entry long,2021-12-07 18:30,Normal,69.8,94425,6590865,-507062.25,-7.69,0,50045.25,0.76,-507062.25,-7.69,6073821.5,60738.22,15
608,Exit long,2021-12-15 16:30,Normal,60.2,104515,6083818.15,207984.84,3.42,0,207984.84,3.42,-47031.75,-0.77,6281806.5,62818.07,5
608,Entry long,2021-12-14 18:30,Normal,58.21,104515,6083818.15,207984.84,3.42,0,207984.84,3.42,-47031.75,-0.77,6281806.5,62818.07,5
609,Exit long,2021-12-20 15:30,Normal,54.48,106550,6291777.5,-486933.5,-7.74,0,8524,0.14,-486933.5,-7.74,5794873,57948.73,6
609,Entry long,2021-12-17 16:30,Normal,59.05,106550,6291777.5,-486933.5,-7.74,0,8524,0.14,-486933.5,-7.74,5794873,57948.73,6
610,Exit long,2021-12-21 18:30,Normal,59.5,100884,5804865.36,197732.64,3.41,0,197732.64,3.41,-48424.32,-0.83,5992605.5,59926.05,3
610,Entry long,2021-12-21 15:30,Normal,57.54,100884,5804865.36,197732.64,3.41,0,197732.64,3.41,-48424.32,-0.83,5992605.5,59926.05,3
611,Exit long,2021-12-23 15:30,Normal,64.42,96350,6002605,204262,3.40,0,204262,3.40,-76116.5,-1.27,6196867.5,61968.68,6
611,Entry long,2021-12-22 16:30,Normal,62.3,96350,6002605,204262,3.40,0,204262,3.40,-76116.5,-1.27,6196867.5,61968.68,6
612,Exit long,2022-01-03 15:30,Normal,68.9,93154,6206851.02,211459.58,3.41,0,211459.58,3.41,-74523.2,-1.20,6408327,64083.27,4
612,Entry long,2021-12-31 18:30,Normal,66.63,93154,6206851.02,211459.58,3.41,0,211459.58,3.41,-74523.2,-1.20,6408327,64083.27,4
613,Exit long,2022-01-10 19:30,Normal,55.88,118769,6418276.76,218534.95,3.40,0,218534.95,3.40,0,0.00,6626862,66268.62,1
613,Entry long,2022-01-10 18:30,Normal,54.04,118769,6418276.76,218534.95,3.40,0,218534.95,3.40,0,0.00,6626862,66268.62,1
614,Exit long,2022-01-11 17:30,Normal,60.28,113839,6636813.7,225401.22,3.40,0,225401.22,3.40,-141160.36,-2.13,6852263.5,68522.64,2
614,Entry long,2022-01-11 15:30,Normal,58.3,113839,6636813.7,225401.22,3.40,0,225401.22,3.40,-141160.36,-2.13,6852263.5,68522.64,2
615,Exit long,2022-01-13 15:30,Normal,65.51,109184,6862214.4,290429.44,4.23,0,290429.44,4.23,-99357.44,-1.45,7142692.5,71426.93,3
615,Entry long,2022-01-12 19:30,Normal,62.85,109184,6862214.4,290429.44,4.23,0,290429.44,4.23,-99357.44,-1.45,7142692.5,71426.93,3
616,Exit long,2022-01-18 15:30,Normal,57.77,114278,7152660.02,-550819.94,-7.70,0,0,0.00,-550819.94,-7.70,6591873,65918.73,1
616,Entry long,2022-01-14 21:30,Normal,62.59,114278,7152660.02,-550819.94,-7.70,0,0,0.00,-550819.94,-7.70,6591873,65918.73,1
617,Exit long,2022-01-20 20:30,Normal,48.57,125463,6601863.06,-508125.16,-7.70,0,16310.19,0.25,-508125.16,-7.70,6083747.5,60837.47,10
617,Entry long,2022-01-19 17:30,Normal,52.62,125463,6601863.06,-508125.16,-7.70,0,16310.19,0.25,-508125.16,-7.70,6083747.5,60837.47,10
618,Exit long,2022-01-24 15:30,Normal,39.75,135446,6093715.54,-709737.06,-11.65,0,82622.06,1.36,-709737.06,-11.65,5374010.5,53740.11,5
618,Entry long,2022-01-21 17:30,Normal,44.99,135446,6093715.54,-709737.06,-11.65,0,82622.06,1.36,-709737.06,-11.65,5374010.5,53740.11,5
619,Exit long,2022-01-26 15:30,Normal,42.49,132350,5383998,239553.5,4.45,0,239553.5,4.45,-325581,-6.05,5613564,56135.64,7
619,Entry long,2022-01-25 15:30,Normal,40.68,132350,5383998,239553.5,4.45,0,239553.5,4.45,-325581,-6.05,5613564,56135.64,7
620,Exit long,2022-01-28 21:30,Normal,36.33,160078,5623540.14,192093.6,3.42,0,192093.6,3.42,-292942.75,-5.21,5805657.5,58056.58,4
620,Entry long,2022-01-28 17:30,Normal,35.13,160078,5623540.14,192093.6,3.42,0,192093.6,3.42,-292942.75,-5.21,5805657.5,58056.58,4
621,Exit long,2022-01-31 19:30,Normal,41.83,143773,5815617.85,198406.73,3.41,0,198406.73,3.41,0,0.00,6004064.5,60040.65,3
621,Entry long,2022-01-31 16:30,Normal,40.45,143773,5815617.85,198406.73,3.41,0,198406.73,3.41,0,0.00,6004064.5,60040.65,3
622,Exit long,2022-02-01 17:30,Normal,43.87,141774,6014053.08,205572.3,3.42,0,205572.3,3.42,-100659.54,-1.67,6209636.5,62096.37,2
622,Entry long,2022-02-01 15:30,Normal,42.42,141774,6014053.08,205572.3,3.42,0,205572.3,3.42,-100659.54,-1.67,6209636.5,62096.37,2
623,Exit long,2022-02-02 21:30,Normal,48.01,133957,6219623.51,211652.06,3.40,0,211652.06,3.40,-178162.81,-2.86,6421289,64212.89,6
623,Entry long,2022-02-02 15:30,Normal,46.43,133957,6219623.51,211652.06,3.40,0,211652.06,3.40,-178162.81,-2.86,6421289,64212.89,6
624,Exit long,2022-02-04 20:30,Normal,43.13,154190,6431264.9,218949.8,3.40,0,218949.8,3.40,-37005.6,-0.58,6640238.5,66402.39,2
624,Entry long,2022-02-04 18:30,Normal,41.71,154190,6431264.9,218949.8,3.40,0,218949.8,3.40,-37005.6,-0.58,6640238.5,66402.39,2
625,Exit long,2022-02-08 18:30,Normal,44.55,154369,6650216.52,226922.44,3.41,0,226922.44,3.41,-277864.2,-4.18,6867161,68671.61,10
625,Entry long,2022-02-07 15:30,Normal,43.08,154369,6650216.52,226922.44,3.41,0,226922.44,3.41,-277864.2,-4.18,6867161,68671.61,10
626,Exit long,2022-02-09 17:30,Normal,48,148150,6877123,234077,3.40,0,234077,3.40,-11852,-0.17,7101238,71012.38,2
626,Entry long,2022-02-09 15:30,Normal,46.42,148150,6877123,234077,3.40,0,234077,3.40,-11852,-0.17,7101238,71012.38,2
627,Exit long,2022-02-14 19:30,Normal,36.82,178271,7111230.19,-547292,-7.70,0,24957.94,0.35,-547292,-7.70,6553946,65539.46,3
627,Entry long,2022-02-14 16:30,Normal,39.89,178271,7111230.19,-547292,-7.70,0,24957.94,0.35,-547292,-7.70,6553946,65539.46,3
628,Exit long,2022-02-16 21:30,Normal,45.08,150583,6563912.97,224368.67,3.42,0,224368.67,3.42,-272555.22,-4.15,6778314.5,67783.15,10
628,Entry long,2022-02-15 18:30,Normal,43.59,150583,6563912.97,224368.67,3.42,0,224368.67,3.42,-272555.22,-4.15,6778314.5,67783.15,10
629,Exit long,2022-02-23 20:30,Normal,35.76,175227,6788293.98,-522176.47,-7.69,0,10513.62,0.15,-522176.47,-7.69,6256138,62561.38,3
629,Entry long,2022-02-23 17:30,Normal,38.74,175227,6788293.98,-522176.47,-7.69,0,10513.62,0.15,-522176.47,-7.69,6256138,62561.38,3
630,Exit long,2022-02-24 19:30,Normal,35.04,184950,6266106,214542,3.42,0,214542,3.42,-133164,-2.13,6470680,64706.80,3
630,Entry long,2022-02-24 16:30,Normal,33.88,184950,6266106,214542,3.42,0,214542,3.42,-133164,-2.13,6470680,64706.80,3
631,Exit long,2022-02-25 16:30,Normal,39.88,168023,6480647.11,220110.12,3.40,0,220110.12,3.40,-78970.81,-1.22,6690790.5,66907.91,1
631,Entry long,2022-02-25 15:30,Normal,38.57,168023,6480647.11,220110.12,3.40,0,220110.12,3.40,-78970.81,-1.22,6690790.5,66907.91,1
632,Exit long,2022-03-03 16:30,Normal,36.23,170720,6700760,-515574.4,-7.69,0,69995.2,1.04,-515574.4,-7.69,6175216,61752.16,5
632,Entry long,2022-03-02 18:30,Normal,39.25,170720,6700760,-515574.4,-7.69,0,69995.2,1.04,-515574.4,-7.69,6175216,61752.16,5
633,Exit long,2022-03-07 16:30,Normal,31.14,183374,6185205.02,-474938.66,-7.68,0,150366.69,2.43,-474938.66,-7.68,5700277.5,57002.77,2
633,Entry long,2022-03-04 21:30,Normal,33.73,183374,6185205.02,-474938.66,-7.68,0,150366.69,2.43,-474938.66,-7.68,5700277.5,57002.77,2
634,Exit long,2022-03-08 17:30,Normal,29.71,198756,5710259.88,194780.88,3.41,0,194780.88,3.41,-123228.72,-2.16,5895058,58950.58,1
634,Entry long,2022-03-08 16:30,Normal,28.73,198756,5710259.88,194780.88,3.41,0,194780.88,3.41,-123228.72,-2.16,5895058,58950.58,1
635,Exit long,2022-03-09 18:30,Normal,33.93,179977,5905045.37,201574.23,3.41,0,201574.23,3.41,-7199.08,-0.12,6096632.5,60966.33,2
635,Entry long,2022-03-09 16:30,Normal,32.81,179977,5905045.37,201574.23,3.41,0,201574.23,3.41,-7199.08,-0.12,6096632.5,60966.33,2
636,Exit long,2022-03-15 14:30,Normal,27.92,226171,6106617,208077.31,3.41,0,208077.31,3.41,0,0.00,6304709.5,63047.10,1
636,Entry long,2022-03-14 20:30,Normal,27,226171,6106617,208077.31,3.41,0,208077.31,3.41,0,0.00,6304709.5,63047.10,1
637,Exit long,2022-03-16 18:30,Normal,31.8,183300,6314685,-485745,-7.69,0,31161,0.49,-485745,-7.69,5818964.5,58189.65,3
637,Entry long,2022-03-16 15:30,Normal,34.45,183300,6314685,-485745,-7.69,0,31161,0.49,-485745,-7.69,5818964.5,58189.65,3
638,Exit long,2022-03-18 19:30,Normal,38.2,157795,5828947.3,198821.7,3.41,0,198821.7,3.41,-156217.05,-2.68,6017786.5,60177.87,5
638,Entry long,2022-03-18 14:30,Normal,36.94,157795,5828947.3,198821.7,3.41,0,198821.7,3.41,-156217.05,-2.68,6017786.5,60177.87,5
639,Exit long,2022-03-22 14:30,Normal,39.06,159591,6027752.07,205872.39,3.42,0,205872.39,3.42,-41493.66,-0.69,6223659,62236.59,1
639,Entry long,2022-03-21 20:30,Normal,37.77,159591,6027752.07,205872.39,3.42,0,205872.39,3.42,-41493.66,-0.69,6223659,62236.59,1
640,Exit long,2022-03-24 15:30,Normal,38.2,168750,6233625,212625,3.41,0,212625,3.41,-32062.5,-0.51,6436284,64362.84,1
640,Entry long,2022-03-24 14:30,Normal,36.94,168750,6233625,212625,3.41,0,212625,3.41,-32062.5,-0.51,6436284,64362.84,1
641,Exit long,2022-03-28 21:30,Normal,41.16,161966,6446246.8,220273.77,3.42,0,220273.77,3.42,-17816.26,-0.28,6656557.5,66565.58,2
641,Entry long,2022-03-28 19:30,Normal,39.8,161966,6446246.8,220273.77,3.42,0,220273.77,3.42,-17816.26,-0.28,6656557.5,66565.58,2
642,Exit long,2022-03-29 20:30,Normal,44.17,156088,6666518.48,227888.48,3.42,0,227888.48,3.42,-95213.68,-1.43,6884446,68844.46,5
642,Entry long,2022-03-29 15:30,Normal,42.71,156088,6666518.48,227888.48,3.42,0,227888.48,3.42,-95213.68,-1.43,6884446,68844.46,5
643,Exit long,2022-04-04 15:30,Normal,35.82,199088,6894417.44,236914.72,3.44,0,236914.72,3.44,-131398.08,-1.91,7121361,71213.61,3
643,Entry long,2022-04-01 19:30,Normal,34.63,199088,6894417.44,236914.72,3.44,0,236914.72,3.44,-131398.08,-1.91,7121361,71213.61,3
644,Exit long,2022-04-06 19:30,Normal,30.44,242316,7131359.88,244739.16,3.43,0,244739.16,3.43,-19385.28,-0.27,7366100,73661.00,1
644,Entry long,2022-04-06 18:30,Normal,29.43,242316,7131359.88,244739.16,3.43,0,244739.16,3.43,-19385.28,-0.27,7366100,73661.00,1
645,Exit long,2022-04-07 20:30,Normal,29.99,254348,7376092,251804.52,3.41,0,251804.52,3.41,-83934.84,-1.14,7617904.5,76179.05,2
645,Entry long,2022-04-07 18:30,Normal,29,254348,7376092,251804.52,3.41,0,251804.52,3.41,-83934.84,-1.14,7617904.5,76179.05,2
646,Exit long,2022-04-12 15:30,Normal,27.22,290586,7627882.5,281868.4,3.70,0,281868.4,3.70,-191786.77,-2.51,7899773,78997.73,4
646,Entry long,2022-04-11 18:30,Normal,26.25,290586,7627882.5,281868.4,3.70,0,281868.4,3.70,-191786.77,-2.51,7899773,78997.73,4
647,Exit long,2022-04-14 20:30,Normal,25.42,287210,7909763.4,-608885.2,-7.70,0,51697.8,0.65,-608885.2,-7.70,7290887.5,72908.88,11
647,Entry long,2022-04-13 16:30,Normal,27.54,287210,7909763.4,-608885.2,-7.70,0,51697.8,0.65,-608885.2,-7.70,7290887.5,72908.88,11
648,Exit long,2022-04-18 19:30,Normal,26.77,281996,7300876.44,248156.48,3.40,0,248156.48,3.40,-174837.52,-2.39,7539044,75390.44,3
648,Entry long,2022-04-18 16:30,Normal,25.89,281996,7300876.44,248156.48,3.40,0,248156.48,3.40,-174837.52,-2.39,7539044,75390.44,3
649,Exit long,2022-04-20 15:30,Normal,29.18,274410,7549019.1,458264.7,6.07,0,458264.7,6.07,-104275.8,-1.38,7997309,79973.09,5
649,Entry long,2022-04-19 17:30,Normal,27.51,274410,7549019.1,458264.7,6.07,0,458264.7,6.07,-104275.8,-1.38,7997309,79973.09,5
650,Exit long,2022-04-21 18:30,Normal,26.46,279389,8007288.74,-614655.8,-7.68,0,64259.47,0.80,-614655.8,-7.68,7382653,73826.53,3
650,Entry long,2022-04-21 15:30,Normal,28.66,279389,8007288.74,-614655.8,-7.68,0,64259.47,0.80,-614655.8,-7.68,7382653,73826.53,3
651,Exit long,2022-04-25 21:30,Normal,24.78,308541,7392642.36,253003.62,3.42,0,253003.62,3.42,-120330.99,-1.63,7635656.5,76356.57,4
651,Entry long,2022-04-25 17:30,Normal,23.96,308541,7392642.36,253003.62,3.42,0,253003.62,3.42,-120330.99,-1.63,7635656.5,76356.57,4
652,Exit long,2022-04-27 15:30,Normal,20.99,334017,7645649.13,-634632.3,-8.30,0,23381.19,0.31,-634632.3,-8.30,7001024.5,70010.25,5
652,Entry long,2022-04-26 17:30,Normal,22.89,334017,7645649.13,-634632.3,-8.30,0,23381.19,0.31,-634632.3,-8.30,7001024.5,70010.25,5
653,Exit long,2022-04-28 16:30,Normal,22.76,318682,7011004,242198.31,3.45,0,242198.31,3.45,-79670.5,-1.14,7243222.5,72432.23,1
653,Entry long,2022-04-28 15:30,Normal,22,318682,7011004,242198.31,3.45,0,242198.31,3.45,-79670.5,-1.14,7243222.5,72432.23,1
654,Exit long,2022-05-02 21:30,Normal,23.39,320655,7253216.1,246904.34,3.40,0,246904.34,3.40,-464949.75,-6.41,7490127,74901.27,4
654,Entry long,2022-05-02 17:30,Normal,22.62,320655,7253216.1,246904.34,3.40,0,246904.34,3.40,-464949.75,-6.41,7490127,74901.27,4
655,Exit long,2022-05-04 20:30,Normal,25.05,309666,7500110.52,257022.78,3.43,0,257022.78,3.43,-492368.94,-6.56,7747150,77471.50,11
655,Entry long,2022-05-03 16:30,Normal,24.22,309666,7500110.52,257022.78,3.43,0,257022.78,3.43,-492368.94,-6.56,7747150,77471.50,11
656,Exit long,2022-05-10 15:30,Normal,20.9,384017,7757143.4,268811.9,3.47,0,268811.9,3.47,-552984.5,-7.13,8015961.5,80159.61,5
656,Entry long,2022-05-09 17:30,Normal,20.2,384017,7757143.4,268811.9,3.47,0,268811.9,3.47,-552984.5,-7.13,8015961.5,80159.61,5
657,Exit long,2022-05-12 20:30,Normal,17.49,423533,8025950.35,-618358.2,-7.70,0,38117.97,0.47,-618358.2,-7.70,7397603.5,73976.04,4
657,Entry long,2022-05-12 16:30,Normal,18.95,423533,8025950.35,-618358.2,-7.70,0,38117.97,0.47,-618358.2,-7.70,7397603.5,73976.04,4
658,Exit long,2022-05-17 15:30,Normal,22.44,341521,7407590.49,256140.75,3.46,0,256140.75,3.46,-372257.88,-5.03,7653744.5,76537.45,3
658,Entry long,2022-05-16 19:30,Normal,21.69,341521,7407590.49,256140.75,3.46,0,256140.75,3.46,-372257.88,-5.03,7653744.5,76537.45,3
659,Exit long,2022-05-20 20:30,Normal,18.21,435192,7663731.12,261115.2,3.41,0,261115.2,3.41,-95742.24,-1.25,7914859.5,79148.60,1
659,Entry long,2022-05-20 19:30,Normal,17.61,435192,7663731.12,261115.2,3.41,0,261115.2,3.41,-95742.24,-1.25,7914859.5,79148.60,1
660,Exit long,2022-05-23 17:30,Normal,19.97,410401,7924843.31,270864.66,3.42,0,270864.66,3.42,-168264.4,-2.12,8185724,81857.24,2
660,Entry long,2022-05-23 15:30,Normal,19.31,410401,7924843.31,270864.66,3.42,0,270864.66,3.42,-168264.4,-2.12,8185724,81857.24,2
661,Exit long,2022-05-25 20:30,Normal,19.8,428198,8195709.72,282610.7,3.45,0,282610.7,3.45,-244072.86,-2.98,8468335,84683.35,5
661,Entry long,2022-05-25 15:30,Normal,19.14,428198,8195709.72,282610.7,3.45,0,282610.7,3.45,-244072.86,-2.98,8468335,84683.35,5
662,Exit long,2022-05-27 15:30,Normal,22.91,395629,8478329.47,585530.94,6.91,0,585530.94,6.91,-90994.67,-1.07,9053866,90538.66,6
662,Entry long,2022-05-26 16:30,Normal,21.43,395629,8478329.47,585530.94,6.91,0,585530.94,6.91,-90994.67,-1.07,9053866,90538.66,6
663,Exit long,2022-06-02 20:30,Normal,25.27,371013,9063847.59,311650.9,3.44,0,311650.9,3.44,-81622.86,-0.90,9365517,93655.17,4
663,Entry long,2022-06-02 16:30,Normal,24.43,371013,9063847.59,311650.9,3.44,0,311650.9,3.44,-81622.86,-0.90,9365517,93655.17,4
664,Exit long,2022-06-09 15:30,Normal,21.69,398111,9375514.05,-740486.44,-7.90,0,183131.06,1.95,-740486.44,-7.90,8625030,86250.30,11
664,Entry long,2022-06-07 18:30,Normal,23.55,398111,9375514.05,-740486.44,-7.90,0,183131.06,1.95,-740486.44,-7.90,8625030,86250.30,11
665,Exit long,2022-06-10 19:30,Normal,19.06,468531,8635026.33,295174.53,3.42,0,295174.53,3.42,-46853.1,-0.54,8920205,89202.05,2
665,Entry long,2022-06-10 17:30,Normal,18.43,468531,8635026.33,295174.53,3.42,0,295174.53,3.42,-46853.1,-0.54,8920205,89202.05,2
666,Exit long,2022-06-15 15:30,Normal,16.09,573920,8930195.2,304177.6,3.41,0,304177.6,3.41,-453396.8,-5.08,9224382,92243.82,11
666,Entry long,2022-06-13 18:30,Normal,15.56,573920,8930195.2,304177.6,3.41,0,304177.6,3.41,-453396.8,-5.08,9224382,92243.82,11
667,Exit long,2022-06-17 15:30,Normal,13.59,702768,9234371.52,316245.6,3.42,0,316245.6,3.42,-21083.04,-0.23,9540628,95406.28,1
667,Entry long,2022-06-16 21:30,Normal,13.14,702768,9234371.52,316245.6,3.42,0,316245.6,3.42,-21083.04,-0.23,9540628,95406.28,1
668,Exit long,2022-06-23 15:30,Normal,13.52,651919,9550613.35,-736668.5,-7.71,0,71711.09,0.75,-736668.5,-7.71,8803959,88039.59,13
668,Entry long,2022-06-21 16:30,Normal,14.65,651919,9550613.35,-736668.5,-7.71,0,71711.09,0.75,-736668.5,-7.71,8803959,88039.59,13
669,Exit long,2022-06-27 15:30,Normal,15.84,586034,8813951.36,468827.2,5.32,0,468827.2,5.32,-58603.4,-0.66,9272787,92727.87,6
669,Entry long,2022-06-24 16:30,Normal,15.04,586034,8813951.36,468827.2,5.32,0,468827.2,5.32,-58603.4,-0.66,9272787,92727.87,6
670,Exit long,2022-07-01 15:30,Normal,11.99,707529,9282780.48,-799507.75,-8.61,0,134430.52,1.45,-799507.75,-8.61,8473279,84732.79,4
670,Entry long,2022-06-30 18:30,Normal,13.12,707529,9282780.48,-799507.75,-8.61,0,134430.52,1.45,-799507.75,-8.61,8473279,84732.79,4
671,Exit long,2022-07-05 20:30,Normal,11.35,773316,8483276.52,293860.1,3.46,0,293860.1,3.46,-185595.84,-2.19,8767139,87671.39,3
671,Entry long,2022-07-05 17:30,Normal,10.97,773316,8483276.52,293860.1,3.46,0,293860.1,3.46,-185595.84,-2.19,8767139,87671.39,3
672,Exit long,2022-07-06 19:30,Normal,11.89,763229,8777133.5,297659.3,3.39,0,297659.3,3.39,-83955.19,-0.96,9064798,90647.98,3
672,Entry long,2022-07-06 16:30,Normal,11.5,763229,8777133.5,297659.3,3.39,0,297659.3,3.39,-83955.19,-0.96,9064798,90647.98,3
673,Exit long,2022-07-07 19:30,Normal,13.43,699137,9074798.26,314611.66,3.47,0,314611.66,3.47,-48939.59,-0.54,9379410,93794.10,3
673,Entry long,2022-07-07 16:30,Normal,12.98,699137,9074798.26,314611.66,3.47,0,314611.66,3.47,-48939.59,-0.54,9379410,93794.10,3
674,Exit long,2022-07-13 15:30,Normal,11.88,722262,9389406,-808933.44,-8.62,0,43335.72,0.46,-808933.44,-8.62,8570477,85704.77,6
674,Entry long,2022-07-12 16:30,Normal,13,722262,9389406,-808933.44,-8.62,0,43335.72,0.46,-808933.44,-8.62,8570477,85704.77,6
675,Exit long,2022-07-15 21:30,Normal,14.67,605111,8580473.98,296504.38,3.46,0,296504.38,3.46,-169431.08,-1.97,8866981,88669.81,6
675,Entry long,2022-07-15 15:30,Normal,14.18,605111,8580473.98,296504.38,3.46,0,296504.38,3.46,-169431.08,-1.97,8866981,88669.81,6
676,Exit long,2022-07-18 17:30,Normal,15.71,584396,8876975.24,303885.9,3.42,0,303885.9,3.42,-17531.88,-0.20,9170867,91708.67,2
676,Entry long,2022-07-18 15:30,Normal,15.19,584396,8876975.24,303885.9,3.42,0,303885.9,3.42,-17531.88,-0.20,9170867,91708.67,2
677,Exit long,2022-07-20 15:30,Normal,17.05,557091,9180859.68,317541.88,3.46,0,317541.88,3.46,-239549.12,-2.61,9488409,94884.09,1
677,Entry long,2022-07-19 21:30,Normal,16.48,557091,9180859.68,317541.88,3.46,0,317541.88,3.46,-239549.12,-2.61,9488409,94884.09,1
678,Exit long,2022-07-27 15:30,Normal,17.38,565381,9498400.8,327920.97,3.45,0,327920.97,3.45,-565381,-5.95,9816330,98163.30,8
678,Entry long,2022-07-25 21:30,Normal,16.8,565381,9498400.8,327920.97,3.45,0,327920.97,3.45,-565381,-5.95,9816330,98163.30,8
679,Exit long,2022-07-29 18:30,Normal,19,534911,9826315.07,336993.94,3.43,0,336993.94,3.43,-299550.16,-3.05,10153324,101533.24,8
679,Entry long,2022-07-28 17:30,Normal,18.37,534911,9826315.07,336993.94,3.43,0,336993.94,3.43,-299550.16,-3.05,10153324,101533.24,8
680,Exit long,2022-08-03 18:30,Normal,20.41,515120,10163317.6,350281.6,3.45,0,350281.6,3.45,-592388,-5.83,10503605,105036.05,16
680,Entry long,2022-08-01 16:30,Normal,19.73,515120,10163317.6,350281.6,3.45,0,350281.6,3.45,-592388,-5.83,10503605,105036.05,16
681,Exit long,2022-08-08 17:30,Normal,19.47,498275,10513602.5,-812188.25,-7.73,0,264085.75,2.51,-812188.25,-7.73,9691417,96914.17,16
681,Entry long,2022-08-04 15:30,Normal,21.1,498275,10513602.5,-812188.25,-7.73,0,264085.75,2.51,-812188.25,-7.73,9691417,96914.17,16
682,Exit long,2022-08-10 15:30,Normal,18.54,565021,9701410.57,774078.75,7.98,0,774078.75,7.98,0,0.00,10465496,104654.96,1
682,Entry long,2022-08-09 21:30,Normal,17.17,565021,9701410.57,774078.75,7.98,0,774078.75,7.98,0,0.00,10465496,104654.96,1
683,Exit long,2022-08-12 16:30,Normal,20.62,525614,10475487.02,362673.66,3.46,0,362673.66,3.46,-415235.06,-3.96,10828169,108281.69,7
683,Entry long,2022-08-11 16:30,Normal,19.93,525614,10475487.02,362673.66,3.46,0,362673.66,3.46,-415235.06,-3.96,10828169,108281.69,7
684,Exit long,2022-08-17 15:30,Normal,19.37,516349,10838165.51,-836485.4,-7.72,0,185885.64,1.72,-836485.4,-7.72,9991684,99916.84,11
684,Entry long,2022-08-15 18:30,Normal,20.99,516349,10838165.51,-836485.4,-7.72,0,185885.64,1.72,-836485.4,-7.72,9991684,99916.84,11
685,Exit long,2022-08-18 16:30,Normal,20.48,505135,10001673,343491.8,3.43,0,343491.8,3.43,-50513.5,-0.51,10335176,103351.76,1
685,Entry long,2022-08-18 15:30,Normal,19.8,505135,10001673,343491.8,3.43,0,343491.8,3.43,-50513.5,-0.51,10335176,103351.76,1
686,Exit long,2022-08-25 15:30,Normal,17.8,601114,10345171.94,354657.25,3.43,0,354657.25,3.43,-541002.6,-5.23,10689833,106898.33,14
686,Entry long,2022-08-23 15:30,Normal,17.21,601114,10345171.94,354657.25,3.43,0,354657.25,3.43,-541002.6,-5.23,10689833,106898.33,14
687,Exit long,2022-09-01 15:30,Normal,12.66,759391,10699819.19,-1085929.1,-10.15,0,144284.3,1.35,-1085929.1,-10.15,9603904,96039.04,8
687,Entry long,2022-08-30 21:30,Normal,14.09,759391,10699819.19,-1085929.1,-10.15,0,144284.3,1.35,-1085929.1,-10.15,9603904,96039.04,8
688,Exit long,2022-09-02 19:30,Normal,12.38,716920,9613897.2,-738427.6,-7.68,0,236583.6,2.46,-738427.6,-7.68,8865476,88654.76,4
688,Entry long,2022-09-02 15:30,Normal,13.41,716920,9613897.2,-738427.6,-7.68,0,236583.6,2.46,-738427.6,-7.68,8865476,88654.76,4
689,Exit long,2022-09-07 20:30,Normal,12.76,719244,8875470.96,302082.47,3.40,0,302082.47,3.40,-122271.48,-1.38,9167559,91675.59,4
689,Entry long,2022-09-07 16:30,Normal,12.34,719244,8875470.96,302082.47,3.40,0,302082.47,3.40,-122271.48,-1.38,9167559,91675.59,4
690,Exit long,2022-09-09 15:30,Normal,13.86,689005,9177546.6,372062.7,4.05,0,372062.7,4.05,-496083.6,-5.41,9539622,95396.22,6
690,Entry long,2022-09-08 16:30,Normal,13.32,689005,9177546.6,372062.7,4.05,0,372062.7,4.05,-496083.6,-5.41,9539622,95396.22,6
691,Exit long,2022-09-13 15:30,Normal,12.81,658594,9549613,-1113023.9,-11.66,0,46101.58,0.48,-1113023.9,-11.66,8426598,84265.98,7
691,Entry long,2022-09-12 15:30,Normal,14.5,658594,9549613,-1113023.9,-11.66,0,46101.58,0.48,-1113023.9,-11.66,8426598,84265.98,7
692,Exit long,2022-09-16 15:30,Normal,11.15,696088,8436586.56,-675205.4,-8.00,0,174022,2.06,-675205.4,-8.00,7751392.5,77513.92,13
692,Entry long,2022-09-14 16:30,Normal,12.12,696088,8436586.56,-675205.4,-8.00,0,174022,2.06,-675205.4,-8.00,7751392.5,77513.92,13
693,Exit long,2022-09-21 20:30,Normal,12.24,656077,7761390.91,268991.56,3.47,0,268991.56,3.47,-446132.38,-5.75,8020384,80203.84,19
693,Entry long,2022-09-19 15:30,Normal,11.83,656077,7761390.91,268991.56,3.47,0,268991.56,3.47,-446132.38,-5.75,8020384,80203.84,19
694,Exit long,2022-09-26 15:30,Normal,10.07,825322,8030383.06,280609.47,3.49,0,280609.47,3.49,-90785.42,-1.13,8300993.5,83009.94,1
694,Entry long,2022-09-23 21:30,Normal,9.73,825322,8030383.06,280609.47,3.49,0,280609.47,3.49,-90785.42,-1.13,8300993.5,83009.94,1
695,Exit long,2022-09-28 17:30,Normal,9.89,869350,8310986,286885.5,3.45,0,286885.5,3.45,-347740,-4.18,8587879,85878.79,8
695,Entry long,2022-09-27 16:30,Normal,9.56,869350,8310986,286885.5,3.45,0,286885.5,3.45,-347740,-4.18,8587879,85878.79,8
696,Exit long,2022-09-30 16:30,Normal,9.32,954259,8597873.59,295820.28,3.44,0,295820.28,3.44,-324448.06,-3.77,8883699,88836.99,2
696,Entry long,2022-09-29 21:30,Normal,9.01,954259,8597873.59,295820.28,3.44,0,295820.28,3.44,-324448.06,-3.77,8883699,88836.99,2
697,Exit long,2022-10-04 15:30,Normal,10.34,934212,8893698.24,766053.8,8.61,0,766053.8,8.61,-214868.77,-2.42,9649753,96497.53,6
697,Entry long,2022-10-03 16:30,Normal,9.52,934212,8893698.24,766053.8,8.61,0,766053.8,8.61,-214868.77,-2.42,9649753,96497.53,6
698,Exit long,2022-10-06 15:30,Normal,11.4,876565,9659746.3,333094.7,3.45,0,333094.7,3.45,-78890.85,-0.82,9982848,99828.48,4
698,Entry long,2022-10-05 18:30,Normal,11.02,876565,9659746.3,333094.7,3.45,0,333094.7,3.45,-78890.85,-0.82,9982848,99828.48,4
699,Exit long,2022-10-11 15:30,Normal,7.35,1253807,9992841.79,-777360.3,-7.78,0,300913.7,3.01,-777360.3,-7.78,9205487,92054.87,3
699,Entry long,2022-10-10 19:30,Normal,7.97,1253807,9992841.79,-777360.3,-7.78,0,300913.7,3.01,-777360.3,-7.78,9205487,92054.87,3
700,Exit long,2022-10-13 15:30,Normal,6.3,1272857,9215484.68,-1196485.6,-12.98,0,63642.85,0.69,-1196485.6,-12.98,8009002,80090.02,4
700,Entry long,2022-10-12 18:30,Normal,7.24,1272857,9215484.68,-1196485.6,-12.98,0,63642.85,0.69,-1196485.6,-12.98,8009002,80090.02,4
701,Exit long,2022-10-18 15:30,Normal,7.84,1110665,8019001.3,688612.3,8.59,0,688612.3,8.59,-144386.45,-1.80,8697614,86976.14,6
701,Entry long,2022-10-17 16:30,Normal,7.22,1110665,8019001.3,688612.3,8.59,0,688612.3,8.59,-144386.45,-1.80,8697614,86976.14,6
702,Exit long,2022-10-20 15:30,Normal,7.84,1148761,8707608.38,298677.88,3.43,0,298677.88,3.43,-505454.84,-5.80,8996292,89962.92,7
702,Entry long,2022-10-19 15:30,Normal,7.58,1148761,8707608.38,298677.88,3.43,0,298677.88,3.43,-505454.84,-5.80,8996292,89962.92,7
703,Exit long,2022-10-21 17:30,Normal,8.12,1148761,9006286.24,321653.1,3.57,0,321653.1,3.57,0,0.00,9317945,93179.45,1
703,Entry long,2022-10-21 16:30,Normal,7.84,1148761,9006286.24,321653.1,3.57,0,321653.1,3.57,0,0.00,9317945,93179.45,1
704,Exit long,2022-10-25 15:30,Normal,8.71,1109149,9327943.09,332744.7,3.57,0,332744.7,3.57,-177463.84,-1.90,9650690,96506.90,5
704,Entry long,2022-10-24 17:30,Normal,8.41,1109149,9327943.09,332744.7,3.57,0,332744.7,3.57,-177463.84,-1.90,9650690,96506.90,5
705,Exit long,2022-10-28 16:30,Normal,9.03,1106608,9660687.84,331982.4,3.44,0,331982.4,3.44,-77462.56,-0.80,9982672,99826.72,1
705,Entry long,2022-10-28 15:30,Normal,8.73,1106608,9660687.84,331982.4,3.44,0,331982.4,3.44,-77462.56,-0.80,9982672,99826.72,1
706,Exit long,2022-11-02 18:30,Normal,9.27,1115253,9992666.88,345728.44,3.46,0,345728.44,3.46,-178440.48,-1.79,10328401,103284.01,11
706,Entry long,2022-11-01 14:30,Normal,8.96,1115253,9992666.88,345728.44,3.46,0,345728.44,3.46,-178440.48,-1.79,10328401,103284.01,11
707,Exit long,2022-11-08 15:30,Normal,9.85,1104529,10338391.44,541219.2,5.24,0,541219.2,5.24,0,0.00,10869620,108696.20,1
707,Entry long,2022-11-07 21:30,Normal,9.36,1104529,10338391.44,541219.2,5.24,0,541219.2,5.24,0,0.00,10869620,108696.20,1
708,Exit long,2022-11-10 20:30,Normal,11.56,974003,10879613.51,379861.16,3.49,0,379861.16,3.49,-107140.33,-0.98,11249481,112494.81,3
708,Entry long,2022-11-10 17:30,Normal,11.17,974003,10879613.51,379861.16,3.49,0,379861.16,3.49,-107140.33,-0.98,11249481,112494.81,3
709,Exit long,2022-11-18 15:30,Normal,12.67,927469,11259473.66,491558.56,4.37,0,491558.56,4.37,-287515.38,-2.55,11741039,117410.39,4
709,Entry long,2022-11-17 18:30,Normal,12.14,927469,11259473.66,491558.56,4.37,0,491558.56,4.37,-287515.38,-2.55,11741039,117410.39,4
710,Exit long,2022-11-22 16:30,Normal,12.01,1012148,11751038.28,404859.2,3.45,0,404859.2,3.45,-50607.4,-0.43,12145899,121458.99,4
710,Entry long,2022-11-21 19:30,Normal,11.61,1012148,11751038.28,404859.2,3.45,0,404859.2,3.45,-50607.4,-0.43,12145899,121458.99,4
711,Exit long,2022-11-30 19:30,Normal,12.2,1030160,12155888,412064,3.39,0,412064,3.39,-607794.4,-5.00,12557963,125579.63,11
711,Entry long,2022-11-29 15:30,Normal,11.8,1030160,12155888,412064,3.39,0,412064,3.39,-607794.4,-5.00,12557963,125579.63,11
712,Exit long,2022-12-06 15:30,Normal,11.72,988824,12567953.04,-978935.75,-7.79,0,108770.64,0.87,-978935.75,-7.79,11579027,115790.27,8
712,Entry long,2022-12-02 21:30,Normal,12.71,988824,12567953.04,-978935.75,-7.79,0,108770.64,0.87,-978935.75,-7.79,11579027,115790.27,8
713,Exit long,2022-12-08 15:30,Normal,11.72,1022862,11589026.46,398916.2,3.44,0,398916.2,3.44,-163657.92,-1.41,11977943,119779.43,7
713,Entry long,2022-12-07 15:30,Normal,11.33,1022862,11589026.46,398916.2,3.44,0,398916.2,3.44,-163657.92,-1.41,11977943,119779.43,7
714,Exit long,2022-12-13 15:30,Normal,14.34,970683,11987935.05,1931659.1,16.11,0,1931659.1,16.11,-679478.1,-5.67,13909602,139096.02,14
714,Entry long,2022-12-09 15:30,Normal,12.35,970683,11987935.05,1931659.1,16.11,0,1931659.1,16.11,-679478.1,-5.67,13909602,139096.02,14
715,Exit long,2022-12-14 20:30,Normal,12.5,1028035,13919593.9,-1069156.4,-7.68,0,41121.4,0.30,-1069156.4,-7.68,12840446,128404.46,5
715,Entry long,2022-12-14 15:30,Normal,13.54,1028035,13919593.9,-1069156.4,-7.68,0,41121.4,0.30,-1069156.4,-7.68,12840446,128404.46,5
716,Exit long,2022-12-21 19:30,Normal,11.01,1206614,12850439.1,434381.03,3.38,0,434381.03,3.38,-844629.8,-6.57,13274827,132748.27,21
716,Entry long,2022-12-16 19:30,Normal,10.65,1206614,12850439.1,434381.03,3.38,0,434381.03,3.38,-844629.8,-6.57,13274827,132748.27,21
717,Exit long,2022-12-29 15:30,Normal,9.08,1514803,13284822.31,469588.94,3.53,0,469588.94,3.53,-318108.62,-2.39,13744416,137444.16,4
717,Entry long,2022-12-28 18:30,Normal,8.77,1514803,13284822.31,469588.94,3.53,0,469588.94,3.53,-318108.62,-2.39,13744416,137444.16,4
718,Exit long,2023-01-03 15:30,Normal,9.94,1450887,13754408.76,667408,4.85,0,667408,4.85,0,0.00,14411824,144118.24,1
718,Entry long,2022-12-30 21:30,Normal,9.48,1450887,13754408.76,667408,4.85,0,667408,4.85,0,0.00,14411824,144118.24,1
719,Exit long,2023-01-04 17:30,Normal,9.84,1516490,14421819.9,500441.7,3.47,0,500441.7,3.47,-197143.7,-1.37,14912266,149122.66,2
719,Entry long,2023-01-04 15:30,Normal,9.51,1516490,14421819.9,500441.7,3.47,0,500441.7,3.47,-197143.7,-1.37,14912266,149122.66,2
720,Exit long,2023-01-06 16:30,Normal,10.03,1538377,14922256.9,507664.4,3.40,0,507664.4,3.40,0,0.00,15419930,154199.30,1
720,Entry long,2023-01-06 15:30,Normal,9.7,1538377,14922256.9,507664.4,3.40,0,507664.4,3.40,0,0.00,15419930,154199.30,1
721,Exit long,2023-01-11 21:30,Normal,12.09,1319925,15429923.25,527970,3.42,0,527970,3.42,-369579,-2.40,15947900,159479.00,9
721,Entry long,2023-01-10 19:30,Normal,11.69,1319925,15429923.25,527970,3.42,0,527970,3.42,-369579,-2.40,15947900,159479.00,9
722,Exit long,2023-01-12 17:30,Normal,12.59,1311248,15957888.16,550724.2,3.45,0,550724.2,3.45,-314699.53,-1.97,16498624,164986.24,2
722,Entry long,2023-01-12 15:30,Normal,12.17,1311248,15957888.16,550724.2,3.45,0,550724.2,3.45,-314699.53,-1.97,16498624,164986.24,2
723,Exit long,2023-01-17 15:30,Normal,13,1314380,16508612.8,578327.2,3.50,0,578327.2,3.50,-78862.8,-0.48,17076952,170769.52,3
723,Entry long,2023-01-13 19:30,Normal,12.56,1314380,16508612.8,578327.2,3.50,0,578327.2,3.50,-78862.8,-0.48,17076952,170769.52,3
724,Exit long,2023-01-20 20:30,Normal,12.33,1433469,17086950.48,587722.3,3.44,0,587722.3,3.44,-616391.7,-3.61,17664674,176646.74,8
724,Entry long,2023-01-19 19:30,Normal,11.92,1433469,17086950.48,587722.3,3.44,0,587722.3,3.44,-616391.7,-3.61,17664674,176646.74,8
725,Exit long,2023-01-23 18:30,Normal,14.4,1269732,17674669.44,609471.4,3.45,0,609471.4,3.45,0,0.00,18274144,182741.44,2
725,Entry long,2023-01-23 16:30,Normal,13.92,1269732,17674669.44,609471.4,3.45,0,609471.4,3.45,0,0.00,18274144,182741.44,2
726,Exit long,2023-01-26 15:30,Normal,14.7,1306010,18284140,914207,5.00,0,914207,5.00,-78360.6,-0.43,19188352,191883.52,3
726,Entry long,2023-01-25 19:30,Normal,14,1306010,18284140,914207,5.00,0,914207,5.00,-78360.6,-0.43,19188352,191883.52,3
727,Exit long,2023-02-01 15:30,Normal,14.43,1376225,19198338.75,660588,3.44,0,660588,3.44,-220196,-1.15,19848940,198489.40,6
727,Entry long,2023-01-31 16:30,Normal,13.95,1376225,19198338.75,660588,3.44,0,660588,3.44,-220196,-1.15,19848940,198489.40,6
728,Exit long,2023-02-02 18:30,Normal,17.62,1166115,19858938.45,688007.9,3.46,0,688007.9,3.46,-186578.4,-0.94,20536948,205369.48,3
728,Entry long,2023-02-02 15:30,Normal,17.03,1166115,19858938.45,688007.9,3.46,0,688007.9,3.46,-186578.4,-0.94,20536948,205369.48,3
729,Exit long,2023-02-07 20:30,Normal,16.83,1262873,20546943.71,707208.9,3.44,0,707208.9,3.44,-568292.9,-2.77,21244156,212441.56,2
729,Entry long,2023-02-07 18:30,Normal,16.27,1262873,20546943.71,707208.9,3.44,0,707208.9,3.44,-568292.9,-2.77,21244156,212441.56,2
730,Exit long,2023-02-09 15:30,Normal,17.49,1256898,21254145.18,729000.8,3.43,0,729000.8,3.43,-1131208.2,-5.32,21973158,219731.58,7
730,Entry long,2023-02-08 15:30,Normal,16.91,1256898,21254145.18,729000.8,3.43,0,729000.8,3.43,-1131208.2,-5.32,21973158,219731.58,7
731,Exit long,2023-02-13 16:30,Normal,15.95,1425626,21983152.92,755581.75,3.44,0,755581.75,3.44,-256612.69,-1.17,22728740,227287.40,2
731,Entry long,2023-02-10 21:30,Normal,15.42,1425626,21983152.92,755581.75,3.44,0,755581.75,3.44,-256612.69,-1.17,22728740,227287.40,2
732,Exit long,2023-02-17 15:30,Normal,15.44,1359159,22738730.07,-1753315.1,-7.71,0,652396.3,2.87,-1753315.1,-7.71,20975424,209754.24,21
732,Entry long,2023-02-14 15:30,Normal,16.73,1359159,22738730.07,-1753315.1,-7.71,0,652396.3,2.87,-1753315.1,-7.71,20975424,209754.24,21
733,Exit long,2023-02-23 15:30,Normal,14.81,1537393,20985414.45,1783375.9,8.50,0,1783375.9,8.50,-614957.2,-2.93,22758800,227588.00,5
733,Entry long,2023-02-22 17:30,Normal,13.65,1537393,20985414.45,1783375.9,8.50,0,1783375.9,8.50,-614957.2,-2.93,22758800,227588.00,5
734,Exit long,2023-02-27 15:30,Normal,14.64,1629835,22768794.95,1091989.5,4.80,0,1091989.5,4.80,0,0.00,23850790,238507.90,1
734,Entry long,2023-02-24 21:30,Normal,13.97,1629835,22768794.95,1091989.5,4.80,0,1091989.5,4.80,0,0.00,23850790,238507.90,1
735,Exit long,2023-02-28 19:30,Normal,14.92,1654701,23860788.42,827350.5,3.47,0,827350.5,3.47,-115829.07,-0.49,24678140,246781.40,3
735,Entry long,2023-02-28 16:30,Normal,14.42,1654701,23860788.42,827350.5,3.47,0,827350.5,3.47,-115829.07,-0.49,24678140,246781.40,3
736,Exit long,2023-03-03 19:30,Normal,15.2,1679465,24688135.5,839732.5,3.40,0,839732.5,3.40,-604607.4,-2.45,25517872,255178.72,5
736,Entry long,2023-03-02 21:30,Normal,14.7,1679465,24688135.5,839732.5,3.40,0,839732.5,3.40,-604607.4,-2.45,25517872,255178.72,5
737,Exit long,2023-03-09 15:30,Normal,15.61,1691707,25527858.63,879687.6,3.45,0,879687.6,3.45,-118419.49,-0.46,26397560,263975.60,7
737,Entry long,2023-03-08 15:30,Normal,15.09,1691707,25527858.63,879687.6,3.45,0,879687.6,3.45,-118419.49,-0.46,26397560,263975.60,7
738,Exit long,2023-03-14 14:30,Normal,14.44,1916368,26407551.04,1264802.9,4.79,0,1264802.9,4.79,-536583.06,-2.03,27662364,276623.64,5
738,Entry long,2023-03-13 16:30,Normal,13.78,1916368,26407551.04,1264802.9,4.79,0,1264802.9,4.79,-536583.06,-2.03,27662364,276623.64,5
739,Exit long,2023-03-16 14:30,Normal,14.64,1955644,27672362.6,958265.56,3.46,0,958265.56,3.46,-293346.6,-1.06,28620628,286206.28,3
739,Entry long,2023-03-15 18:30,Normal,14.15,1955644,27672362.6,958265.56,3.46,0,958265.56,3.46,-293346.6,-1.06,28620628,286206.28,3
740,Exit long,2023-03-21 14:30,Normal,16.66,1780511,28630616.88,1032696.4,3.61,0,1032696.4,3.61,-17805.11,-0.06,29653326,296533.26,4
740,Entry long,2023-03-20 17:30,Normal,16.08,1780511,28630616.88,1032696.4,3.61,0,1032696.4,3.61,-17805.11,-0.06,29653326,296533.26,4
741,Exit long,2023-03-23 15:30,Normal,17.78,1725615,29663321.85,1018112.9,3.43,0,1018112.9,3.43,-2243299.5,-7.56,30671438,306714.38,4
741,Entry long,2023-03-22 18:30,Normal,17.19,1725615,29663321.85,1018112.9,3.43,0,1018112.9,3.43,-2243299.5,-7.56,30671438,306714.38,4
742,Exit long,2023-03-28 16:30,Normal,14.71,1926016,30681434.88,-2349739.5,-7.66,0,327422.72,1.07,-2349739.5,-7.66,28321698,283216.98,4
742,Entry long,2023-03-27 19:30,Normal,15.93,1926016,30681434.88,-2349739.5,-7.66,0,327422.72,1.07,-2349739.5,-7.66,28321698,283216.98,4
743,Exit long,2023-03-29 20:30,Normal,16.88,1736010,28331683.2,972165.6,3.43,0,972165.6,3.43,-34720.2,-0.12,29293864,292938.64,4
743,Entry long,2023-03-29 16:30,Normal,16.32,1736010,28331683.2,972165.6,3.43,0,972165.6,3.43,-34720.2,-0.12,29293864,292938.64,4
744,Exit long,2023-04-04 20:30,Normal,16.36,1652784,29303860.32,-2264314,-7.73,0,396668.16,1.35,-2264314,-7.73,27029550,270295.50,25
744,Entry long,2023-03-30 16:30,Normal,17.73,1652784,29303860.32,-2264314,-7.73,0,396668.16,1.35,-2264314,-7.73,27029550,270295.50,25
745,Exit long,2023-04-10 18:30,Normal,15.83,1766136,27039542.16,918390.75,3.40,0,918390.75,3.40,-918390.75,-3.40,27947940,279479.40,13
745,Entry long,2023-04-05 19:30,Normal,15.31,1766136,27039542.16,918390.75,3.40,0,918390.75,3.40,-918390.75,-3.40,27947940,279479.40,13
746,Exit long,2023-04-12 20:30,Normal,15.01,1718373,27957928.71,-2165150,-7.74,0,223388.48,0.80,-2165150,-7.74,25782790,257827.90,12
746,Entry long,2023-04-11 15:30,Normal,16.27,1718373,27957928.71,-2165150,-7.74,0,223388.48,0.80,-2165150,-7.74,25782790,257827.90,12
747,Exit long,2023-04-14 15:30,Normal,15.71,1698011,25792787.09,882965.75,3.42,0,882965.75,3.42,-16980.11,-0.07,26665756,266657.56,6
747,Entry long,2023-04-13 16:30,Normal,15.19,1698011,25792787.09,882965.75,3.42,0,882965.75,3.42,-16980.11,-0.07,26665756,266657.56,6
748,Exit long,2023-04-18 15:30,Normal,15.68,1793931,26675753.97,1453084.1,5.45,0,1453084.1,5.45,-197332.4,-0.74,28118840,281188.40,4
748,Entry long,2023-04-17 18:30,Normal,14.87,1793931,26675753.97,1453084.1,5.45,0,1453084.1,5.45,-197332.4,-0.74,28118840,281188.40,4
749,Exit long,2023-04-20 18:30,Normal,15.57,1869025,28128826.25,971893,3.46,0,971893,3.46,-299044,-1.06,29090734,290907.34,3
749,Entry long,2023-04-20 15:30,Normal,15.05,1869025,28128826.25,971893,3.46,0,971893,3.46,-299044,-1.06,29090734,290907.34,3
750,Exit long,2023-04-25 16:30,Normal,13.52,1986398,29100730.7,-2244629.8,-7.71,0,178775.81,0.61,-2244629.8,-7.71,26846104,268461.04,11
750,Entry long,2023-04-21 19:30,Normal,14.65,1986398,29100730.7,-2244629.8,-7.71,0,178775.81,0.61,-2244629.8,-7.71,26846104,268461.04,11
751,Exit long,2023-04-28 15:30,Normal,13.63,2037640,26856095.2,916938,3.41,0,916938,3.41,-1854252.4,-6.90,27763042,277630.42,14
751,Entry long,2023-04-26 15:30,Normal,13.18,2037640,26856095.2,916938,3.41,0,916938,3.41,-1854252.4,-6.90,27763042,277630.42,14
752,Exit long,2023-05-02 15:30,Normal,14.58,1971117,27773038.53,965847.3,3.48,0,965847.3,3.48,-39422.34,-0.14,28728890,287288.90,7
752,Entry long,2023-05-01 15:30,Normal,14.09,1971117,27773038.53,965847.3,3.48,0,965847.3,3.48,-39422.34,-0.14,28728890,287288.90,7
753,Exit long,2023-05-05 17:30,Normal,13.91,2136720,28738884,982891.2,3.42,0,982891.2,3.42,-598281.6,-2.08,29711780,297117.80,6
753,Entry long,2023-05-04 18:30,Normal,13.45,2136720,28738884,982891.2,3.42,0,982891.2,3.42,-598281.6,-2.08,29711780,297117.80,6
754,Exit long,2023-05-15 21:30,Normal,14.73,2087203,29721770.72,1022729.5,3.44,0,1022729.5,3.44,-1920226.8,-6.46,30734510,307345.10,39
754,Entry long,2023-05-08 17:30,Normal,14.24,2087203,29721770.72,1022729.5,3.44,0,1022729.5,3.44,-1920226.8,-6.46,30734510,307345.10,39
755,Exit long,2023-05-17 16:30,Normal,15.47,2056488,30744495.6,1069373.8,3.48,0,1069373.8,3.48,-472992.25,-1.54,31803884,318038.84,8
755,Entry long,2023-05-16 15:30,Normal,14.95,2056488,30744495.6,1069373.8,3.48,0,1069373.8,3.48,-472992.25,-1.54,31803884,318038.84,8
756,Exit long,2023-05-24 15:30,Normal,15.57,1860461,31813883.1,-2846505.2,-8.95,0,502324.47,1.58,-2846505.2,-8.95,28957378,289573.78,13
756,Entry long,2023-05-22 16:30,Normal,17.1,1860461,31813883.1,-2846505.2,-8.95,0,502324.47,1.58,-2846505.2,-8.95,28957378,289573.78,13
757,Exit long,2023-05-25 19:30,Normal,18.84,1589867,28967376.74,985717.56,3.40,0,985717.56,3.40,-222581.38,-0.77,29943096,299430.96,3
757,Entry long,2023-05-25 16:30,Normal,18.22,1589867,28967376.74,985717.56,3.40,0,985717.56,3.40,-222581.38,-0.77,29943096,299430.96,3
758,Exit long,2023-05-26 19:30,Normal,22.13,1400331,29953080.09,1036244.94,3.46,0,1036244.94,3.46,-14003.31,-0.05,30979340,309793.40,3
758,Entry long,2023-05-26 16:30,Normal,21.39,1400331,29953080.09,1036244.94,3.46,0,1036244.94,3.46,-14003.31,-0.05,30979340,309793.40,3
759,Exit long,2023-06-07 15:30,Normal,22.31,1436687,30989338.59,1063148.4,3.43,0,1063148.4,3.43,-2212498,-7.14,32042488,320424.88,15
759,Entry long,2023-06-02 21:30,Normal,21.57,1436687,30989338.59,1063148.4,3.43,0,1063148.4,3.43,-2212498,-7.14,32042488,320424.88,15
760,Exit long,2023-06-09 15:30,Normal,22.56,1474355,32052477.7,1208971.1,3.77,0,1208971.1,3.77,-589742,-1.84,33251460,332514.60,4
760,Entry long,2023-06-08 18:30,Normal,21.74,1474355,32052477.7,1208971.1,3.77,0,1208971.1,3.77,-589742,-1.84,33251460,332514.60,4
761,Exit long,2023-06-12 21:30,Normal,24.15,1424473,33261444.55,1139578.4,3.43,0,1139578.4,3.43,0,0.00,34391040,343910.40,5
761,Entry long,2023-06-12 16:30,Normal,23.35,1424473,33261444.55,1139578.4,3.43,0,1139578.4,3.43,0,0.00,34391040,343910.40,5
762,Exit long,2023-06-22 15:30,Normal,21.87,1426245,34401029.4,-3209051.2,-9.33,0,0,0.00,-3209051.2,-9.33,31181988,311819.88,8
762,Entry long,2023-06-20 21:30,Normal,24.12,1426245,34401029.4,-3209051.2,-9.33,0,0,0.00,-3209051.2,-9.33,31181988,311819.88,8
763,Exit long,2023-06-26 15:30,Normal,22.25,1449441,31191970.32,1058091.9,3.39,0,1058091.9,3.39,-347865.84,-1.12,32240080,322400.80,5
763,Entry long,2023-06-23 17:30,Normal,21.52,1449441,31191970.32,1058091.9,3.39,0,1058091.9,3.39,-347865.84,-1.12,32240080,322400.80,5
764,Exit long,2023-06-30 15:30,Normal,24.17,1379977,32250062.49,1103981.6,3.42,0,1103981.6,3.42,0,0.00,33344060,333440.60,1
764,Entry long,2023-06-29 21:30,Normal,23.37,1379977,32250062.49,1103981.6,3.42,0,1103981.6,3.42,0,0.00,33344060,333440.60,1
765,Exit long,2023-07-06 15:30,Normal,22.18,1350913,33354041.97,-3390791.8,-10.17,0,459310.4,1.38,-3390791.8,-10.17,29953270,299532.70,11
765,Entry long,2023-07-03 15:30,Normal,24.69,1350913,33354041.97,-3390791.8,-10.17,0,459310.4,1.38,-3390791.8,-10.17,29953270,299532.70,11
766,Exit long,2023-07-07 18:30,Normal,23.57,1314755,29963266.45,1025508.9,3.42,0,1025508.9,3.42,-197213.25,-0.66,30978778,309787.78,3
766,Entry long,2023-07-07 15:30,Normal,22.79,1314755,29963266.45,1025508.9,3.42,0,1025508.9,3.42,-197213.25,-0.66,30978778,309787.78,3
767,Exit long,2023-07-12 15:30,Normal,24.97,1314755,30988775.35,1840657,5.94,0,1840657,5.94,-946623.6,-3.05,32819436,328194.36,13
767,Entry long,2023-07-10 16:30,Normal,23.57,1314755,30988775.35,1840657,5.94,0,1840657,5.94,-946623.6,-3.05,32819436,328194.36,13
768,Exit long,2023-07-13 20:30,Normal,26.63,1274929,32829421.75,1121937.5,3.42,0,1121937.5,3.42,-25498.58,-0.08,33941372,339413.72,5
768,Entry long,2023-07-13 15:30,Normal,25.75,1274929,32829421.75,1121937.5,3.42,0,1121937.5,3.42,-25498.58,-0.08,33941372,339413.72,5
769,Exit long,2023-07-17 20:30,Normal,27.99,1254206,33951356.42,1153869.5,3.40,0,1153869.5,3.40,-2232486.8,-6.58,35095244,350952.44,12
769,Entry long,2023-07-14 15:30,Normal,27.07,1254206,33951356.42,1153869.5,3.40,0,1153869.5,3.40,-2232486.8,-6.58,35095244,350952.44,12
770,Exit long,2023-07-20 15:30,Normal,25.31,1269169,35105214.54,-2982547.2,-8.50,0,456900.84,1.30,-2982547.2,-8.50,32112694,321126.94,10
770,Entry long,2023-07-18 19:30,Normal,27.66,1269169,35105214.54,-2982547.2,-8.50,0,456900.84,1.30,-2982547.2,-8.50,32112694,321126.94,10
771,Exit long,2023-07-21 19:30,Normal,24.97,1330132,32122687.8,1090708.2,3.40,0,1090708.2,3.40,-26602.64,-0.08,33203404,332034.04,4
771,Entry long,2023-07-21 15:30,Normal,24.15,1330132,32122687.8,1090708.2,3.40,0,1090708.2,3.40,-26602.64,-0.08,33203404,332034.04,4
772,Exit long,2023-07-25 15:30,Normal,25.27,1359533,33213391.19,1142007.8,3.44,0,1142007.8,3.44,0,0.00,34345412,343454.12,1
772,Entry long,2023-07-24 21:30,Normal,24.43,1359533,33213391.19,1142007.8,3.44,0,1142007.8,3.44,0,0.00,34345412,343454.12,1
773,Exit long,2023-07-31 15:30,Normal,28.11,1263995,34355384.1,1175515.4,3.42,0,1175515.4,3.42,-240159.05,-0.70,35520930,355209.30,7
773,Entry long,2023-07-28 15:30,Normal,27.18,1263995,34355384.1,1175515.4,3.42,0,1175515.4,3.42,-240159.05,-0.70,35520930,355209.30,7
774,Exit long,2023-08-02 15:30,Normal,25.68,1276713,35530922.79,-2744933,-7.73,0,459616.7,1.29,-2744933,-7.73,32775994,327759.94,5
774,Entry long,2023-08-01 17:30,Normal,27.83,1276713,35530922.79,-2744933,-7.73,0,459616.7,1.29,-2744933,-7.73,32775994,327759.94,5
775,Exit long,2023-08-04 17:30,Normal,25.18,1346447,32785984.45,1117551,3.41,0,1117551,3.41,-955977.4,-2.92,33893544,338935.44,8
775,Entry long,2023-08-03 16:30,Normal,24.35,1346447,32785984.45,1117551,3.41,0,1117551,3.41,-955977.4,-2.92,33893544,338935.44,8
776,Exit long,2023-08-08 15:30,Normal,23.17,1350200,33903522,-2619388,-7.73,0,162024,0.48,-2619388,-7.73,31274156,312741.56,7
776,Entry long,2023-08-07 15:30,Normal,25.11,1350200,33903522,-2619388,-7.73,0,162024,0.48,-2619388,-7.73,31274156,312741.56,7
777,Exit long,2023-08-10 15:30,Normal,23.93,1352535,31284134.55,1082028,3.46,0,1082028,3.46,-716843.56,-2.29,32356184,323561.84,4
777,Entry long,2023-08-09 18:30,Normal,23.13,1352535,31284134.55,1082028,3.46,0,1082028,3.46,-716843.56,-2.29,32356184,323561.84,4
778,Exit long,2023-08-14 16:30,Normal,21.59,1550847,32366176.89,1116609.9,3.45,0,1116609.9,3.45,-914999.75,-2.83,33472794,334727.94,6
778,Entry long,2023-08-11 17:30,Normal,20.87,1550847,32366176.89,1116609.9,3.45,0,1116609.9,3.45,-914999.75,-2.83,33472794,334727.94,6
779,Exit long,2023-08-17 15:30,Normal,19.98,1546549,33482785.85,-2582736.8,-7.71,0,231982.34,0.69,-2582736.8,-7.71,30890058,308900.58,10
779,Entry long,2023-08-15 19:30,Normal,21.65,1546549,33482785.85,-2582736.8,-7.71,0,231982.34,0.69,-2582736.8,-7.71,30890058,308900.58,10
780,Exit long,2023-08-18 20:30,Normal,19.93,1603531,30900042.37,1058330.5,3.43,0,1058330.5,3.43,-272600.28,-0.88,31948388,319483.88,4
780,Entry long,2023-08-18 16:30,Normal,19.27,1603531,30900042.37,1058330.5,3.43,0,1058330.5,3.43,-272600.28,-0.88,31948388,319483.88,4
781,Exit long,2023-08-21 18:30,Normal,20.97,1575857,31958379.96,1087341.4,3.40,0,1087341.4,3.40,-236378.55,-0.74,33035730,330357.30,3
781,Entry long,2023-08-21 15:30,Normal,20.28,1575857,31958379.96,1087341.4,3.40,0,1087341.4,3.40,-236378.55,-0.74,33035730,330357.30,3
782,Exit long,2023-08-23 19:30,Normal,22.26,1535582,33045724.64,1136330.6,3.44,0,1136330.6,3.44,-1550937.9,-4.69,34172060,341720.60,10
782,Entry long,2023-08-22 16:30,Normal,21.52,1535582,33045724.64,1136330.6,3.44,0,1136330.6,3.44,-1550937.9,-4.69,34172060,341720.60,10
783,Exit long,2023-08-28 15:30,Normal,20.95,1687169,34182043.94,1164146.6,3.41,0,1164146.6,3.41,-185588.6,-0.54,35336210,353362.10,3
783,Entry long,2023-08-25 19:30,Normal,20.26,1687169,34182043.94,1164146.6,3.41,0,1164146.6,3.41,-185588.6,-0.54,35336210,353362.10,3
784,Exit long,2023-09-07 15:30,Normal,21.47,1500263,35346196.28,-3135549.8,-8.87,0,840147.25,2.38,-3135549.8,-8.87,32200656,322006.56,25
784,Entry long,2023-08-31 18:30,Normal,23.56,1500263,35346196.28,-3135549.8,-8.87,0,840147.25,2.38,-3135549.8,-8.87,32200656,322006.56,25
785,Exit long,2023-09-15 16:30,Normal,19.85,1497473,32210644.23,-2485805.2,-7.72,0,584014.5,1.81,-2485805.2,-7.72,29714852,297148.52,36
785,Entry long,2023-09-08 15:30,Normal,21.51,1497473,32210644.23,-2485805.2,-7.72,0,584014.5,1.81,-2485805.2,-7.72,29714852,297148.52,36
786,Exit long,2023-09-20 21:30,Normal,18.23,1505055,29724836.25,-2287683.5,-7.70,0,90303.3,0.30,-2287683.5,-7.70,27427168,274271.68,18
786,Entry long,2023-09-18 17:30,Normal,19.75,1505055,29724836.25,-2287683.5,-7.70,0,90303.3,0.30,-2287683.5,-7.70,27427168,274271.68,18
787,Exit long,2023-09-28 16:30,Normal,18.25,1554513,27437154.45,932707.8,3.40,0,932707.8,3.40,-1616693.5,-5.89,28359876,283598.76,33
787,Entry long,2023-09-21 18:30,Normal,17.65,1554513,27437154.45,932707.8,3.40,0,932707.8,3.40,-1616693.5,-5.89,28359876,283598.76,33
788,Exit long,2023-10-03 19:30,Normal,17.45,1500257,28369859.87,-2190375.2,-7.72,0,510087.38,1.80,-2190375.2,-7.72,26169500,261695.00,18
788,Entry long,2023-09-29 15:30,Normal,18.91,1500257,28369859.87,-2190375.2,-7.72,0,510087.38,1.80,-2190375.2,-7.72,26169500,261695.00,18
789,Exit long,2023-10-06 16:30,Normal,18.69,1448782,26179490.74,898244.8,3.43,0,898244.8,3.43,-1028635.25,-3.93,27067746,270677.46,14
789,Entry long,2023-10-04 16:30,Normal,18.07,1448782,26179490.74,898244.8,3.43,0,898244.8,3.43,-1028635.25,-3.93,27067746,270677.46,14
790,Exit long,2023-10-12 15:30,Normal,20.79,1346481,27077732.91,915607.06,3.38,0,915607.06,3.38,-834818.25,-3.08,27983352,279833.52,12
790,Entry long,2023-10-10 17:30,Normal,20.11,1346481,27077732.91,915607.06,3.38,0,915607.06,3.38,-834818.25,-3.08,27983352,279833.52,12
791,Exit long,2023-10-17 15:30,Normal,18.03,1433351,27993345.03,-2150026.5,-7.68,0,172002.12,0.61,-2150026.5,-7.68,25833326,258333.26,7
791,Entry long,2023-10-16 15:30,Normal,19.53,1433351,27993345.03,-2150026.5,-7.68,0,172002.12,0.61,-2150026.5,-7.68,25833326,258333.26,7
792,Exit long,2023-10-20 16:30,Normal,16.9,1410661,25843309.52,-2003138.6,-7.75,0,409091.7,1.58,-2003138.6,-7.75,23830188,238301.88,12
792,Entry long,2023-10-18 18:30,Normal,18.32,1410661,25843309.52,-2003138.6,-7.75,0,409091.7,1.58,-2003138.6,-7.75,23830188,238301.88,12
793,Exit long,2023-10-25 17:30,Normal,15.24,1443110,23840177.2,-1847180.8,-7.75,0,649399.5,2.72,-1847180.8,-7.75,21983006,219830.06,15
793,Entry long,2023-10-23 16:30,Normal,16.52,1443110,23840177.2,-1847180.8,-7.75,0,649399.5,2.72,-1847180.8,-7.75,21983006,219830.06,15
794,Exit long,2023-11-01 19:30,Normal,15.4,1478024,21992997.12,768572.5,3.49,0,768572.5,3.49,-1640606.6,-7.46,22751578,227515.78,20
794,Entry long,2023-10-27 21:30,Normal,14.88,1478024,21992997.12,768572.5,3.49,0,768572.5,3.49,-1640606.6,-7.46,22751578,227515.78,20
795,Exit long,2023-11-03 14:30,Normal,17.3,1369529,22761571.98,931279.75,4.09,0,931279.75,4.09,-136952.9,-0.60,23682858,236828.58,6
795,Entry long,2023-11-02 15:30,Normal,16.62,1369529,22761571.98,931279.75,4.09,0,931279.75,4.09,-136952.9,-0.60,23682858,236828.58,6
796,Exit long,2023-11-08 15:30,Normal,18.59,1318467,23692851.99,817449.56,3.45,0,817449.56,3.45,-276878.06,-1.17,24500308,245003.08,8
796,Entry long,2023-11-06 21:30,Normal,17.97,1318467,23692851.99,817449.56,3.45,0,817449.56,3.45,-276878.06,-1.17,24500308,245003.08,8
797,Exit long,2023-11-10 17:30,Normal,19.57,1294786,24510298.98,828663.06,3.38,0,828663.06,3.38,-1242994.5,-5.07,25328972,253289.72,9
797,Entry long,2023-11-09 15:30,Normal,18.93,1294786,24510298.98,828663.06,3.38,0,828663.06,3.38,-1242994.5,-5.07,25328972,253289.72,9
798,Exit long,2023-11-15 15:30,Normal,22.47,1166082,25338961.86,862900.7,3.41,0,862900.7,3.41,-303181.3,-1.20,26191872,261918.72,6
798,Entry long,2023-11-14 16:30,Normal,21.73,1166082,25338961.86,862900.7,3.41,0,862900.7,3.41,-303181.3,-1.20,26191872,261918.72,6
799,Exit long,2023-11-20 15:30,Normal,23.09,1173393,26201865.69,891778.7,3.40,0,891778.7,3.40,-398953.62,-1.52,27083650,270836.50,8
799,Entry long,2023-11-16 21:30,Normal,22.33,1173393,26201865.69,891778.7,3.40,0,891778.7,3.40,-398953.62,-1.52,27083650,270836.50,8
800,Exit long,2023-11-29 15:30,Normal,23.63,1185717,27093633.45,924859.25,3.41,0,924859.25,3.41,-1470289.1,-5.43,28008510,280085.10,24
800,Entry long,2023-11-22 16:30,Normal,22.85,1185717,27093633.45,924859.25,3.41,0,924859.25,3.41,-1470289.1,-5.43,28008510,280085.10,24
801,Exit long,2023-12-08 15:30,Normal,23.15,1251384,28018487.76,951051.8,3.39,0,951051.8,3.39,-1827020.6,-6.52,28959562,289595.62,36
801,Entry long,2023-11-30 21:30,Normal,22.39,1251384,28018487.76,951051.8,3.39,0,951051.8,3.39,-1827020.6,-6.52,28959562,289595.62,36
802,Exit long,2023-12-11 19:30,Normal,25.94,1155086,28969556.88,993373.94,3.43,0,993373.94,3.43,-323424.1,-1.12,29952936,299529.36,3
802,Entry long,2023-12-11 16:30,Normal,25.08,1155086,28969556.88,993373.94,3.43,0,993373.94,3.43,-323424.1,-1.12,29952936,299529.36,3
803,Exit long,2023-12-13 19:30,Normal,26.71,1160005,29962929.15,1020804.4,3.41,0,1020804.4,3.41,-185600.8,-0.62,30973740,309737.40,11
803,Entry long,2023-12-12 15:30,Normal,25.83,1160005,29962929.15,1020804.4,3.41,0,1020804.4,3.41,-185600.8,-0.62,30973740,309737.40,11
804,Exit long,2023-12-22 15:30,Normal,30.51,1050296,30983732,1060799,3.42,0,1060799,3.42,-525148,-1.69,32034540,320345.40,6
804,Entry long,2023-12-21 16:30,Normal,29.5,1050296,30983732,1060799,3.42,0,1060799,3.42,-525148,-1.69,32034540,320345.40,6
805,Exit long,2023-12-28 16:30,Normal,32.28,1026410,32044520.2,1087994.6,3.40,0,1087994.6,3.40,-215546.1,-0.67,33122534,331225.34,15
805,Entry long,2023-12-26 15:30,Normal,31.22,1026410,32044520.2,1087994.6,3.40,0,1087994.6,3.40,-215546.1,-0.67,33122534,331225.34,15
806,Exit long,2024-01-04 15:30,Normal,24.61,1200454,33132530.4,-3589357.5,-10.83,0,0,0.00,-3589357.5,-10.83,29533176,295331.76,8
806,Entry long,2024-01-02 21:30,Normal,27.6,1200454,33132530.4,-3589357.5,-10.83,0,0,0.00,-3589357.5,-10.83,29533176,295331.76,8
807,Exit long,2024-01-08 15:30,Normal,26.84,1138465,29543166.75,1013233.9,3.43,0,1013233.9,3.43,-888002.7,-3.01,30546410,305464.10,7
807,Entry long,2024-01-05 15:30,Normal,25.95,1138465,29543166.75,1013233.9,3.43,0,1013233.9,3.43,-888002.7,-3.01,30546410,305464.10,7
808,Exit long,2024-01-16 16:30,Normal,29.34,1077067,30556390.79,1044755,3.42,0,1044755,3.42,-2132592.8,-6.98,31591166,315911.66,26
808,Entry long,2024-01-09 18:30,Normal,28.37,1077067,30556390.79,1044755,3.42,0,1044755,3.42,-2132592.8,-6.98,31591166,315911.66,26
809,Exit long,2024-01-18 15:30,Normal,30.26,1128613,31601164,2550665.5,8.07,0,2550665.5,8.07,0,0.00,34141830,341418.30,1
809,Entry long,2024-01-17 21:30,Normal,28,1128613,31601164,2550665.5,8.07,0,2550665.5,8.07,0,0.00,34141830,341418.30,1
810,Exit long,2024-01-24 15:30,Normal,36.56,992785,34151804,2144415.5,6.28,0,2144415.5,6.28,-675093.8,-1.98,36286250,362862.50,14
810,Entry long,2024-01-22 15:30,Normal,34.4,992785,34151804,2144415.5,6.28,0,2144415.5,6.28,-675093.8,-1.98,36286250,362862.50,14
811,Exit long,2024-01-31 15:30,Normal,31.13,1076082,36296245.86,-2797813.2,-7.71,0,957713,2.64,-2797813.2,-7.71,33488432,334884.32,12
811,Entry long,2024-01-29 17:30,Normal,33.73,1076082,36296245.86,-2797813.2,-7.71,0,957713,2.64,-2797813.2,-7.71,33488432,334884.32,12
812,Exit long,2024-02-02 15:30,Normal,32.51,1065810,33498408.3,1151074.8,3.44,0,1151074.8,3.44,-298426.8,-0.89,34639508,346395.08,5
812,Entry long,2024-02-01 17:30,Normal,31.43,1065810,33498408.3,1151074.8,3.44,0,1151074.8,3.44,-298426.8,-0.89,34639508,346395.08,5
813,Exit long,2024-02-05 18:30,Normal,34.64,1034622,34649490.78,1189815.2,3.43,0,1189815.2,3.43,-579388.3,-1.67,35829324,358293.24,3
813,Entry long,2024-02-05 15:30,Normal,33.49,1034622,34649490.78,1189815.2,3.43,0,1189815.2,3.43,-579388.3,-1.67,35829324,358293.24,3
814,Exit long,2024-02-08 15:30,Normal,35.82,1034622,35839306.08,1220854,3.41,0,1220854,3.41,-755274.06,-2.11,37050176,370501.76,7
814,Entry long,2024-02-07 15:30,Normal,34.64,1034622,35839306.08,1220854,3.41,0,1220854,3.41,-755274.06,-2.11,37050176,370501.76,7
815,Exit long,2024-02-12 15:30,Normal,39.48,970924,37060169.08,1271910.5,3.43,0,1271910.5,3.43,-97092.4,-0.26,38322090,383220.90,5
815,Entry long,2024-02-09 17:30,Normal,38.17,970924,37060169.08,1271910.5,3.43,0,1271910.5,3.43,-97092.4,-0.26,38322090,383220.90,5
816,Exit long,2024-02-15 15:30,Normal,39.41,1019470,38332072,1845240.8,4.81,0,1845240.8,4.81,-316035.7,-0.82,40167330,401673.30,6
816,Entry long,2024-02-14 16:30,Normal,37.6,1019470,38332072,1845240.8,4.81,0,1845240.8,4.81,-316035.7,-0.82,40167330,401673.30,6
817,Exit long,2024-02-16 16:30,Normal,39.38,1055076,40177294.08,1371598.8,3.41,0,1371598.8,3.41,-200464.44,-0.50,41538930,415389.30,1
817,Entry long,2024-02-16 15:30,Normal,38.08,1055076,40177294.08,1371598.8,3.41,0,1371598.8,3.41,-200464.44,-0.50,41538930,415389.30,1
818,Exit long,2024-02-22 15:30,Normal,39.85,1158642,41548902.12,4622981.5,11.13,0,4622981.5,11.13,-2073969.1,-4.99,46161908,461619.08,8
818,Entry long,2024-02-20 21:30,Normal,35.86,1158642,41548902.12,4622981.5,11.13,0,4622981.5,11.13,-2073969.1,-4.99,46161908,461619.08,8
819,Exit long,2024-02-29 19:30,Normal,42.06,1135002,46171881.36,1566302.8,3.39,0,1566302.8,3.39,-2383504.2,-5.16,47728212,477282.12,25
819,Entry long,2024-02-26 15:30,Normal,40.68,1135002,46171881.36,1566302.8,3.39,0,1566302.8,3.39,-2383504.2,-5.16,47728212,477282.12,25
820,Exit long,2024-03-07 15:30,Normal,51.64,955911,47738195.34,1625048.8,3.40,0,1625048.8,3.40,-1376511.9,-2.88,49353260,493532.60,6
820,Entry long,2024-03-06 16:30,Normal,49.94,955911,47738195.34,1625048.8,3.40,0,1625048.8,3.40,-1376511.9,-2.88,49353260,493532.60,6
821,Exit long,2024-03-12 15:30,Normal,48.51,1052297,49363252.27,1683675.2,3.41,0,1683675.2,3.41,0,0.00,51036936,510369.36,1
821,Entry long,2024-03-12 14:30,Normal,46.91,1052297,49363252.27,1683675.2,3.41,0,1683675.2,3.41,0,0.00,51036936,510369.36,1
822,Exit long,2024-03-14 19:30,Normal,42.14,1118224,51046925.6,-3924966.2,-7.69,0,503200.8,0.99,-3924966.2,-7.69,47111970,471119.70,8
822,Entry long,2024-03-13 18:30,Normal,45.65,1118224,51046925.6,-3924966.2,-7.69,0,503200.8,0.99,-3924966.2,-7.69,47111970,471119.70,8
823,Exit long,2024-03-18 14:30,Normal,44.06,1106149,47121947.4,1614977.5,3.43,0,1614977.5,3.43,-707935.4,-1.50,48726948,487269.48,6
823,Entry long,2024-03-15 15:30,Normal,42.6,1106149,47121947.4,1614977.5,3.43,0,1614977.5,3.43,-707935.4,-1.50,48726948,487269.48,6
824,Exit long,2024-03-19 17:30,Normal,40.46,1245831,48736908.72,1669413.5,3.43,0,1669413.5,3.43,-37374.93,-0.08,50396360,503963.60,2
824,Entry long,2024-03-19 15:30,Normal,39.12,1245831,48736908.72,1669413.5,3.43,0,1669413.5,3.43,-37374.93,-0.08,50396360,503963.60,2
825,Exit long,2024-03-20 19:30,Normal,42.28,1232730,50406329.7,1713494.8,3.40,0,1713494.8,3.40,-1010838.6,-2.01,52109856,521098.56,5
825,Entry long,2024-03-20 14:30,Normal,40.89,1232730,50406329.7,1713494.8,3.40,0,1713494.8,3.40,-1010838.6,-2.01,52109856,521098.56,5
826,Exit long,2024-04-01 15:30,Normal,48.26,1116774,52119842.58,1775670.6,3.41,0,1775670.6,3.41,-3763528.5,-7.22,53885524,538855.24,32
826,Entry long,2024-03-22 17:30,Normal,46.67,1116774,52119842.58,1775670.6,3.41,0,1775670.6,3.41,-3763528.5,-7.22,53885524,538855.24,32
827,Exit long,2024-04-04 15:30,Normal,47.48,1191851,53895502.22,2693583.2,5.00,0,2693583.2,5.00,-1918880.1,-3.56,56579108,565791.08,8
827,Entry long,2024-04-02 21:30,Normal,45.22,1191851,53895502.22,2693583.2,5.00,0,2693583.2,5.00,-1918880.1,-3.56,56579108,565791.08,8
828,Exit long,2024-04-09 15:30,Normal,44.79,1306606,56589105.86,1933776.9,3.42,0,1933776.9,3.42,-1019152.7,-1.80,58512884,585128.84,12
828,Entry long,2024-04-05 17:30,Normal,43.31,1306606,56589105.86,1933776.9,3.42,0,1933776.9,3.42,-1019152.7,-1.80,58512884,585128.84,12
829,Exit long,2024-04-11 18:30,Normal,44.12,1371844,58522865.04,2002892.2,3.42,0,2002892.2,3.42,-123465.96,-0.21,60515776,605157.76,3
829,Entry long,2024-04-11 15:30,Normal,42.66,1371844,58522865.04,2002892.2,3.42,0,2002892.2,3.42,-123465.96,-0.21,60515776,605157.76,3
830,Exit long,2024-04-16 19:30,Normal,40.56,1543237,60525755.14,2067937.6,3.42,0,2067937.6,3.42,-833348,-1.38,62583716,625837.16,5
830,Entry long,2024-04-15 21:30,Normal,39.22,1543237,60525755.14,2067937.6,3.42,0,2067937.6,3.42,-833348,-1.38,62583716,625837.16,5
831,Exit long,2024-04-19 15:30,Normal,33.18,1741132,62593695.4,-4822935.5,-7.71,0,156701.88,0.25,-4822935.5,-7.71,57760780,577607.80,6
831,Entry long,2024-04-18 16:30,Normal,35.95,1741132,62593695.4,-4822935.5,-7.71,0,156701.88,0.25,-4822935.5,-7.71,57760780,577607.80,6
832,Exit long,2024-04-22 18:30,Normal,31.63,1889168,57770757.44,1983626.4,3.43,0,1983626.4,3.43,-132241.77,-0.23,59744404,597444.04,2
832,Entry long,2024-04-22 16:30,Normal,30.58,1889168,57770757.44,1983626.4,3.43,0,1983626.4,3.43,-132241.77,-0.23,59744404,597444.04,2
833,Exit long,2024-04-24 15:30,Normal,36.41,1776818,59754389.34,4939554,8.27,0,4939554,8.27,-373131.78,-0.62,64683960,646839.60,6
833,Entry long,2024-04-23 16:30,Normal,33.63,1776818,59754389.34,4939554,8.27,0,4939554,8.27,-373131.78,-0.62,64683960,646839.60,6
834,Exit long,2024-04-26 15:30,Normal,37.71,1773895,64693950.65,2199629.8,3.40,0,2199629.8,3.40,-1915806.6,-2.96,66883588,668835.88,7
834,Entry long,2024-04-25 15:30,Normal,36.47,1773895,64693950.65,2199629.8,3.40,0,2199629.8,3.40,-1915806.6,-2.96,66883588,668835.88,7
835,Exit long,2024-05-01 20:30,Normal,36.44,1898228,66893554.72,2277873.5,3.41,0,2277873.5,3.41,-2069068.5,-3.09,69161464,691614.64,1
835,Entry long,2024-05-01 19:30,Normal,35.24,1898228,66893554.72,2277873.5,3.41,0,2277873.5,3.41,-2069068.5,-3.09,69161464,691614.64,1
836,Exit long,2024-05-02 20:30,Normal,36.3,1970696,69171429.6,2364835.2,3.42,0,2364835.2,3.42,-768571.44,-1.11,71526296,715262.96,4
836,Entry long,2024-05-02 16:30,Normal,35.1,1970696,69171429.6,2364835.2,3.42,0,2364835.2,3.42,-768571.44,-1.11,71526296,715262.96,4
837,Exit long,2024-05-06 15:30,Normal,39.55,1870719,71536294.56,2450642,3.43,0,2450642,3.43,-430265.38,-0.60,73976940,739769.40,6
837,Entry long,2024-05-03 16:30,Normal,38.24,1870719,71536294.56,2450642,3.43,0,2450642,3.43,-430265.38,-0.60,73976940,739769.40,6
838,Exit long,2024-05-10 15:30,Normal,41.21,1856635,73986904.75,2525023.5,3.41,0,2525023.5,3.41,-2005165.8,-2.71,76501970,765019.70,8
838,Entry long,2024-05-08 21:30,Normal,39.85,1856635,73986904.75,2525023.5,3.41,0,2525023.5,3.41,-2005165.8,-2.71,76501970,765019.70,8
839,Exit long,2024-05-14 20:30,Normal,42.43,1864780,76511923.4,2610692,3.41,0,2610692,3.41,-969685.6,-1.27,79112660,791126.60,11
839,Entry long,2024-05-13 16:30,Normal,41.03,1864780,76511923.4,2610692,3.41,0,2610692,3.41,-969685.6,-1.27,79112660,791126.60,11
840,Exit long,2024-05-15 18:30,Normal,45.64,1792944,79122618.72,2707345.5,3.42,0,2707345.5,3.42,-161364.95,-0.20,81820000,818200.00,3
840,Entry long,2024-05-15 15:30,Normal,44.13,1792944,79122618.72,2707345.5,3.42,0,2707345.5,3.42,-161364.95,-0.20,81820000,818200.00,3
841,Exit long,2024-05-23 15:30,Normal,52.43,1690004,81829993.68,6776916,8.28,0,6776916,8.28,-1673104,-2.04,88596920,885969.20,7
841,Entry long,2024-05-22 15:30,Normal,48.42,1690004,81829993.68,6776916,8.28,0,6776916,8.28,-1673104,-2.04,88596920,885969.20,7
842,Exit long,2024-05-28 15:30,Normal,52.74,1737390,88606890,3023058.5,3.41,0,3023058.5,3.41,-1407285.9,-1.59,91619976,916199.76,6
842,Entry long,2024-05-24 16:30,Normal,51,1737390,88606890,3023058.5,3.41,0,3023058.5,3.41,-1407285.9,-1.59,91619976,916199.76,6
843,Exit long,2024-05-31 21:30,Normal,46.93,2019170,91629934.6,3129713.5,3.42,0,3129713.5,3.42,-1494185.8,-1.63,94749690,947496.90,3
843,Entry long,2024-05-31 18:30,Normal,45.38,2019170,91629934.6,3129713.5,3.42,0,3129713.5,3.42,-1494185.8,-1.63,94749690,947496.90,3
844,Exit long,2024-06-05 15:30,Normal,50.2,1951795,94759647.25,3220461.8,3.40,0,3220461.8,3.40,-5992010.5,-6.32,97970150,979701.50,14
844,Entry long,2024-06-03 15:30,Normal,48.55,1951795,94759647.25,3220461.8,3.40,0,3220461.8,3.40,-5992010.5,-6.32,97970150,979701.50,14
845,Exit long,2024-06-10 17:30,Normal,53.6,1890413,97980105.79,3346031,3.42,0,3346031,3.42,-3969867.2,-4.05,101316184,1013161.84,6
845,Entry long,2024-06-07 18:30,Normal,51.83,1890413,97980105.79,3346031,3.42,0,3346031,3.42,-3969867.2,-4.05,101316184,1013161.84,6
846,Exit long,2024-06-12 15:30,Normal,56.46,1895719,101326180.6,5706114,5.63,0,5706114,5.63,0,0.00,107022296,1070222.96,1
846,Entry long,2024-06-11 21:30,Normal,53.45,1895719,101326180.6,5706114,5.63,0,5706114,5.63,0,0.00,107022296,1070222.96,1
847,Exit long,2024-06-17 18:30,Normal,60.63,1825555,107032289.7,3651110,3.41,0,3651110,3.41,-1989855,-1.86,110673410,1106734.10,17
847,Entry long,2024-06-13 15:30,Normal,58.63,1825555,107032289.7,3651110,3.41,0,3651110,3.41,-1989855,-1.86,110673410,1106734.10,17
848,Exit long,2024-06-26 15:30,Normal,55.35,2068075,110683374,3784577.2,3.42,0,3784577.2,3.42,-1716502.2,-1.55,114457980,1144579.80,7
848,Entry long,2024-06-25 15:30,Normal,53.52,2068075,110683374,3784577.2,3.42,0,3784577.2,3.42,-1716502.2,-1.55,114457980,1144579.80,7
849,Exit long,2024-06-28 15:30,Normal,56.05,2111955,114467961,3907116.8,3.41,0,3907116.8,3.41,-4118312.2,-3.60,118365100,1183651.00,7
849,Entry long,2024-06-27 15:30,Normal,54.2,2111955,114467961,3907116.8,3.41,0,3907116.8,3.41,-4118312.2,-3.60,118365100,1183651.00,7
850,Exit long,2024-07-02 15:30,Normal,56.16,2179618,118375053.6,4032293.2,3.41,0,4032293.2,3.41,-1743694.4,-1.47,122397390,1223973.90,5
850,Entry long,2024-07-01 17:30,Normal,54.31,2179618,118375053.6,4032293.2,3.41,0,4032293.2,3.41,-1743694.4,-1.47,122397390,1223973.90,5
851,Exit long,2024-07-03 17:30,Normal,59.85,2115213,122407376.3,4188121.8,3.42,0,4188121.8,3.42,-423042.6,-0.35,126585510,1265855.10,2
851,Entry long,2024-07-03 15:30,Normal,57.87,2115213,122407376.3,4188121.8,3.42,0,4188121.8,3.42,-423042.6,-0.35,126585510,1265855.10,2
852,Exit long,2024-07-08 15:30,Normal,63.28,2068554,126595504.8,4302592.5,3.40,0,4302592.5,3.40,-2337466,-1.85,130888110,1308881.10,5
852,Entry long,2024-07-05 17:30,Normal,61.2,2068554,126595504.8,4302592.5,3.40,0,4302592.5,3.40,-2337466,-1.85,130888110,1308881.10,5
853,Exit long,2024-07-10 15:30,Normal,65.64,2062036,130898045.3,4453998,3.40,0,4453998,3.40,0,0.00,135342110,1353421.10,1
853,Entry long,2024-07-09 21:30,Normal,63.48,2062036,130898045.3,4453998,3.40,0,4453998,3.40,0,0.00,135342110,1353421.10,1
854,Exit long,2024-07-12 19:30,Normal,66.07,2118517,135352051.1,4618367,3.41,0,4618367,3.41,-402518.22,-0.30,139960480,1399604.80,4
854,Entry long,2024-07-12 15:30,Normal,63.89,2118517,135352051.1,4618367,3.41,0,4618367,3.41,-402518.22,-0.30,139960480,1399604.80,4
855,Exit long,2024-07-17 15:30,Normal,57.94,2196648,139970410.6,-12696625,-9.07,0,2526145.2,1.80,-12696625,-9.07,127263850,1272638.50,6
855,Entry long,2024-07-16 16:30,Normal,63.72,2196648,139970410.6,-12696625,-9.07,0,2526145.2,1.80,-12696625,-9.07,127263850,1272638.50,6
856,Exit long,2024-07-22 18:30,Normal,50.77,2592663,127273826.7,4355674,3.42,0,4355674,3.42,-1348184.8,-1.06,131619520,1316195.20,2
856,Entry long,2024-07-22 16:30,Normal,49.09,2592663,127273826.7,4355674,3.42,0,4355674,3.42,-1348184.8,-1.06,131619520,1316195.20,2
857,Exit long,2024-07-24 15:30,Normal,46.74,2599832,131629494.2,-10113346,-7.68,0,389974.8,0.30,-10113346,-7.68,121506180,1215061.80,6
857,Entry long,2024-07-23 16:30,Normal,50.63,2599832,131629494.2,-10113346,-7.68,0,389974.8,0.30,-10113346,-7.68,121506180,1215061.80,6
858,Exit long,2024-07-25 17:30,Normal,42.1,2984188,121516135.4,4118179.5,3.39,0,4118179.5,3.39,-1700987.1,-1.40,125624350,1256243.50,1
858,Entry long,2024-07-25 16:30,Normal,40.72,2984188,121516135.4,4118179.5,3.39,0,4118179.5,3.39,-1700987.1,-1.40,125624350,1256243.50,1
859,Exit long,2024-07-26 18:30,Normal,42.44,3061265,125634315.6,4285771,3.41,0,4285771,3.41,-2357174,-1.88,129910130,1299101.30,3
859,Entry long,2024-07-26 15:30,Normal,41.04,3061265,125634315.6,4285771,3.41,0,4285771,3.41,-2357174,-1.88,129910130,1299101.30,3
860,Exit long,2024-07-30 15:30,Normal,39.76,3015787,129920104,-10012413,-7.71,0,965051.8,0.74,-10012413,-7.71,119897710,1198977.10,7
860,Entry long,2024-07-29 15:30,Normal,43.08,3015787,129920104,-10012413,-7.71,0,965051.8,0.74,-10012413,-7.71,119897710,1198977.10,7
861,Exit long,2024-07-31 20:30,Normal,43.92,2822686,119907701.3,4064667.8,3.39,0,4064667.8,3.39,-3217862,-2.68,123962380,1239623.80,3
861,Entry long,2024-07-31 17:30,Normal,42.48,2822686,119907701.3,4064667.8,3.39,0,4064667.8,3.39,-3217862,-2.68,123962380,1239623.80,3
862,Exit long,2024-08-05 17:30,Normal,28.52,4495010,123972375.8,4225309.5,3.41,0,4225309.5,3.41,-404550.9,-0.33,128187690,1281876.90,1
862,Entry long,2024-08-05 16:30,Normal,27.58,4495010,123972375.8,4225309.5,3.41,0,4225309.5,3.41,-404550.9,-0.33,128187690,1281876.90,1
863,Exit long,2024-08-06 16:30,Normal,29.25,4533157,128197680,4397162.5,3.43,0,4397162.5,3.43,-1133289.2,-0.88,132584850,1325848.50,1
863,Entry long,2024-08-06 15:30,Normal,28.28,4533157,128197680,4397162.5,3.43,0,4397162.5,3.43,-1133289.2,-0.88,132584850,1325848.50,1
864,Exit long,2024-08-07 16:30,Normal,30.5,4496264,132594825.4,4541226.5,3.42,0,4541226.5,3.42,-539551.7,-0.41,137126080,1371260.80,1
864,Entry long,2024-08-07 15:30,Normal,29.49,4496264,132594825.4,4541226.5,3.42,0,4541226.5,3.42,-539551.7,-0.41,137126080,1371260.80,1
865,Exit long,2024-08-08 19:30,Normal,30.73,4614269,137136074.7,4660411.5,3.40,0,4660411.5,3.40,-876711.1,-0.64,141786500,1417865.00,3
865,Entry long,2024-08-08 16:30,Normal,29.72,4614269,137136074.7,4660411.5,3.40,0,4660411.5,3.40,-876711.1,-0.64,141786500,1417865.00,3
866,Exit long,2024-08-13 15:30,Normal,32.33,4544759,141796480.8,5135577.5,3.62,0,5135577.5,3.62,-5862739,-4.13,146922060,1469220.60,11
866,Entry long,2024-08-09 18:30,Normal,31.2,4544759,141796480.8,5135577.5,3.62,0,5135577.5,3.62,-5862739,-4.13,146922060,1469220.60,11
867,Exit long,2024-08-15 15:30,Normal,36.95,4247819,146932059.2,10024853,6.82,0,10024853,6.82,0,0.00,156946930,1569469.30,1
867,Entry long,2024-08-14 21:30,Normal,34.59,4247819,146932059.2,10024853,6.82,0,10024853,6.82,0,0.00,156946930,1569469.30,1
868,Exit long,2024-08-19 20:30,Normal,40.7,3987726,156956895.4,5343553,3.40,0,5343553,3.40,-239263.56,-0.15,162290480,1622904.80,2
868,Entry long,2024-08-19 18:30,Normal,39.36,3987726,156956895.4,5343553,3.40,0,5343553,3.40,-239263.56,-0.15,162290480,1622904.80,2
869,Exit long,2024-08-21 20:30,Normal,41.83,4012372,162300447.4,5537073.5,3.41,0,5537073.5,3.41,-2246928.2,-1.38,167827550,1678275.50,5
869,Entry long,2024-08-21 15:30,Normal,40.45,4012372,162300447.4,5537073.5,3.41,0,5537073.5,3.41,-2246928.2,-1.38,167827550,1678275.50,5
870,Exit long,2024-08-26 16:30,Normal,36.76,4214905,167837517.1,-12897609,-7.68,0,1348769.6,0.80,-12897609,-7.68,154929940,1549299.40,7
870,Entry long,2024-08-23 16:30,Normal,39.82,4214905,167837517.1,-12897609,-7.68,0,1348769.6,0.80,-12897609,-7.68,154929940,1549299.40,7
871,Exit long,2024-08-30 15:30,Normal,38.63,4148324,154939901.4,5309854.5,3.43,0,5309854.5,3.43,-10121911,-6.53,160239790,1602397.90,21
871,Entry long,2024-08-27 15:30,Normal,37.35,4148324,154939901.4,5309854.5,3.43,0,5309854.5,3.43,-10121911,-6.53,160239790,1602397.90,21
872,Exit long,2024-09-06 15:30,Normal,28.34,5218163,160249785.7,-12367046,-7.72,0,1826357,1.14,-12367046,-7.72,147872750,1478727.50,12
872,Entry long,2024-09-04 17:30,Normal,30.71,5218163,160249785.7,-12367046,-7.72,0,1826357,1.14,-12367046,-7.72,147872750,1478727.50,12
873,Exit long,2024-09-10 19:30,Normal,27.58,5544909,147882723,5045867,3.41,0,5045867,3.41,-4491376.5,-3.04,152918610,1529186.10,11
873,Entry long,2024-09-09 15:30,Normal,26.67,5544909,147882723,5045867,3.41,0,5045867,3.41,-4491376.5,-3.04,152918610,1529186.10,11
874,Exit long,2024-09-11 17:30,Normal,28.51,5546921,152928612,5214105.5,3.41,0,5214105.5,3.41,-4326598.5,-2.83,158132720,1581327.20,2
874,Entry long,2024-09-11 15:30,Normal,27.57,5546921,152928612,5214105.5,3.41,0,5214105.5,3.41,-4326598.5,-2.83,158132720,1581327.20,2
875,Exit long,2024-09-13 18:30,Normal,33.17,4931173,158142718.1,5424290.5,3.43,0,5424290.5,3.43,-4733926,-2.99,163557010,1635570.10,6
875,Entry long,2024-09-12 19:30,Normal,32.07,4931173,158142718.1,5424290.5,3.43,0,5424290.5,3.43,-4733926,-2.99,163557010,1635570.10,6
876,Exit long,2024-09-19 15:30,Normal,34.28,4989841,163566988,7484761.5,4.58,0,7484761.5,4.58,-10328971,-6.31,171041780,1710417.80,14
876,Entry long,2024-09-17 15:30,Normal,32.78,4989841,163566988,7484761.5,4.58,0,7484761.5,4.58,-10328971,-6.31,171041780,1710417.80,14
877,Exit long,2024-09-24 15:30,Normal,34.7,5096894,171051762.6,5810459,3.40,0,5810459,3.40,-3771701.5,-2.21,176852220,1768522.20,7
877,Entry long,2024-09-23 15:30,Normal,33.56,5096894,171051762.6,5810459,3.40,0,5810459,3.40,-3771701.5,-2.21,176852220,1768522.20,7
878,Exit long,2024-09-26 15:30,Normal,39.82,4973628,176862211.7,21187656,11.98,0,21187656,11.98,-3978902.5,-2.25,198039890,1980398.90,7
878,Entry long,2024-09-25 15:30,Normal,35.56,4973628,176862211.7,21187656,11.98,0,21187656,11.98,-3978902.5,-2.25,198039890,1980398.90,7
879,Exit long,2024-10-01 15:30,Normal,33.5,5455919,198049859.7,-15276573,-7.71,0,1855012.5,0.94,-15276573,-7.71,182763310,1827633.10,1
879,Entry long,2024-09-30 21:30,Normal,36.3,5455919,198049859.7,-15276573,-7.71,0,1855012.5,0.94,-15276573,-7.71,182763310,1827633.10,1
880,Exit long,2024-10-04 15:30,Normal,37.03,5208700,182773283,10104878,5.53,0,10104878,5.53,-7448441,-4.08,192868200,1928682.00,11
880,Entry long,2024-10-02 18:30,Normal,35.09,5208700,182773283,10104878,5.53,0,10104878,5.53,-7448441,-4.08,192868200,1928682.00,11
881,Exit long,2024-10-09 16:30,Normal,37.71,5288680,192878159.6,6557963,3.40,0,6557963,3.40,-6557963,-3.40,199426160,1994261.60,13
881,Entry long,2024-10-07 17:30,Normal,36.47,5288680,192878159.6,6557963,3.40,0,6557963,3.40,-6557963,-3.40,199426160,1994261.60,13
882,Exit long,2024-10-14 15:30,Normal,39.47,5224945,199436150.7,6792428.5,3.41,0,6792428.5,3.41,-2560223,-1.28,206218580,2062185.80,7
882,Entry long,2024-10-11 15:30,Normal,38.17,5224945,199436150.7,6792428.5,3.41,0,6792428.5,3.41,-2560223,-1.28,206218580,2062185.80,7
883,Exit long,2024-10-21 16:30,Normal,33.7,5648550,206228560.5,-15872425,-7.70,0,847282.5,0.41,-15872426,-7.70,190346160,1903461.60,13
883,Entry long,2024-10-17 17:30,Normal,36.51,5648550,206228560.5,-15872425,-7.70,0,847282.5,0.41,-15872426,-7.70,190346160,1903461.60,13
884,Exit long,2024-10-25 15:30,Normal,35.35,5569226,190356144.7,6515994.5,3.42,0,6515994.5,3.42,-12252297,-6.44,196862140,1968621.40,18
884,Entry long,2024-10-22 18:30,Normal,34.18,5569226,190356144.7,6515994.5,3.42,0,6515994.5,3.42,-12252297,-6.44,196862140,1968621.40,18
885,Exit long,2024-10-29 17:30,Normal,36.93,5511538,196872137.4,6668961,3.39,0,6668961,3.39,-55115.38,-0.03,203531100,2035311.00,3
885,Entry long,2024-10-29 14:30,Normal,35.72,5511538,196872137.4,6668961,3.39,0,6668961,3.39,-55115.38,-0.03,203531100,2035311.00,3
886,Exit long,2024-11-01 14:30,Normal,30.72,6853236,203541109.2,6990300.5,3.43,0,6990300.5,3.43,0,0.00,210521400,2105214.00,1
886,Entry long,2024-10-31 20:30,Normal,29.7,6853236,203541109.2,6990300.5,3.43,0,6990300.5,3.43,0,0.00,210521400,2105214.00,1
887,Exit long,2024-11-06 15:30,Normal,32.92,6760803,210531405.4,12034229,5.72,0,12034229,5.72,-7977747.5,-3.79,222555650,2225556.50,13
887,Entry long,2024-11-04 16:30,Normal,31.14,6760803,210531405.4,12034229,5.72,0,12034229,5.72,-7977747.5,-3.79,222555650,2225556.50,13
888,Exit long,2024-11-11 15:30,Normal,32.85,6253600,222565624,-17134864,-7.70,0,2751584,1.24,-17134864,-7.70,205420780,2054207.80,13
888,Entry long,2024-11-07 16:30,Normal,35.59,6253600,222565624,-17134864,-7.70,0,2751584,1.24,-17134864,-7.70,205420780,2054207.80,13
889,Exit long,2024-11-15 15:30,Normal,27.75,6546551,205430770.4,-23763980,-11.57,0,0,0.00,-23763980,-11.57,181656800,1816568.00,15
889,Entry long,2024-11-12 21:30,Normal,31.38,6546551,205430770.4,-23763980,-11.57,0,0,0.00,-23763980,-11.57,181656800,1816568.00,15
890,Exit long,2024-11-21 15:30,Normal,27.98,6713481,181666795.9,6176402.5,3.40,0,6176402.5,3.40,-8727525,-4.80,187833200,1878332.00,21
890,Entry long,2024-11-18 15:30,Normal,27.06,6713481,181666795.9,6176402.5,3.40,0,6176402.5,3.40,-8727525,-4.80,187833200,1878332.00,21
891,Exit long,2024-11-25 15:30,Normal,29.3,6661106,187843189.2,7327216.5,3.90,0,7327216.5,3.90,0,0.00,195160420,1951604.20,1
891,Entry long,2024-11-22 21:30,Normal,28.2,6661106,187843189.2,7327216.5,3.90,0,7327216.5,3.90,0,0.00,195160420,1951604.20,1
892,Exit long,2024-11-29 15:30,Normal,27.29,7395620,195170411.8,6656058,3.41,0,6656058,3.41,-443737.2,-0.23,201816480,2018164.80,3
892,Entry long,2024-11-27 19:30,Normal,26.39,7395620,195170411.8,6656058,3.41,0,6656058,3.41,-443737.2,-0.23,201816480,2018164.80,3
893,Exit long,2024-12-04 15:30,Normal,31.25,6678572,201826445.8,6878929,3.41,0,6878929,3.41,-7279643.5,-3.61,208695410,2086954.10,12
893,Entry long,2024-12-02 17:30,Normal,30.22,6678572,201826445.8,6878929,3.41,0,6878929,3.41,-7279643.5,-3.61,208695410,2086954.10,12
894,Exit long,2024-12-10 17:30,Normal,27.08,7115765,208705387.4,-16010471,-7.67,0,5052193,2.42,-16010471,-7.67,192684930,1926849.30,14
894,Entry long,2024-12-06 17:30,Normal,29.33,7115765,208705387.4,-16010471,-7.67,0,5052193,2.42,-16010471,-7.67,192684930,1926849.30,14
895,Exit long,2024-12-11 20:30,Normal,29,6872144,192694917.8,6597258,3.42,0,6597258,3.42,-3436072,-1.78,199282190,1992821.90,5
895,Entry long,2024-12-11 15:30,Normal,28.04,6872144,192694917.8,6597258,3.42,0,6597258,3.42,-3436072,-1.78,199282190,1992821.90,5
896,Exit long,2024-12-16 15:30,Normal,30.95,6658609,199292167.4,6791781,3.41,0,6791781,3.41,-532688.75,-0.27,206073970,2060739.70,4
896,Entry long,2024-12-13 18:30,Normal,29.93,6658609,199292167.4,6791781,3.41,0,6791781,3.41,-532688.75,-0.27,206073970,2060739.70,4
897,Exit long,2024-12-18 20:30,Normal,29.22,6509285,206083963.1,-15882655,-7.71,0,2603714,1.26,-15882655,-7.71,190191310,1901913.10,5
897,Entry long,2024-12-18 15:30,Normal,31.66,6509285,206083963.1,-15882655,-7.71,0,2603714,1.26,-15882655,-7.71,190191310,1901913.10,5
898,Exit long,2024-12-20 16:30,Normal,27.64,7115649,190201297.8,6475240.5,3.40,0,6475240.5,3.40,-142312.98,-0.07,196666560,1966665.60,1
898,Entry long,2024-12-20 15:30,Normal,26.73,7115649,190201297.8,6475240.5,3.40,0,6475240.5,3.40,-142312.98,-0.07,196666560,1966665.60,1
899,Exit long,2024-12-24 15:30,Normal,30.05,6871997,196676554.1,9826956,5.00,0,9826956,5.00,-893359.6,-0.45,206493520,2064935.20,6
899,Entry long,2024-12-23 16:30,Normal,28.62,6871997,196676554.1,9826956,5.00,0,9826956,5.00,-893359.6,-0.45,206493520,2064935.20,6
900,Exit long,2024-12-30 15:30,Normal,28.09,6733078,206503502.3,-17371342,-8.41,0,807969.4,0.39,-17371342,-8.41,189122180,1891221.80,12
900,Entry long,2024-12-26 17:30,Normal,30.67,6733078,206503502.3,-17371342,-8.41,0,807969.4,0.39,-17371342,-8.41,189122180,1891221.80,12
901,Exit long,2025-01-03 17:30,Normal,29.18,6704437,189132167.8,6503304,3.44,0,6503304,3.44,-9050990,-4.79,195625470,1956254.70,8
901,Entry long,2025-01-02 16:30,Normal,28.21,6704437,189132167.8,6503304,3.44,0,6503304,3.44,-9050990,-4.79,195625470,1956254.70,8
902,Exit long,2025-01-15 15:30,Normal,29.45,6947282,195635461.1,8961994,4.58,0,8961994,4.58,-14450347,-7.39,204587470,2045874.70,17
902,Entry long,2025-01-10 19:30,Normal,28.16,6947282,195635461.1,8961994,4.58,0,8961994,4.58,-14450347,-7.39,204587470,2045874.70,17
903,Exit long,2025-01-17 15:30,Normal,31.81,6703717,204597442.8,8647795,4.23,0,8647795,4.23,-4826676,-2.36,213235260,2132352.60,7
903,Entry long,2025-01-16 15:30,Normal,30.52,6703717,204597442.8,8647795,4.23,0,8647795,4.23,-4826676,-2.36,213235260,2132352.60,7
904,Exit long,2025-01-21 18:30,Normal,34.21,6446350,213245258,7284375.5,3.42,0,7284375.5,3.42,-3029784.5,-1.42,220519630,2205196.30,3
904,Entry long,2025-01-21 15:30,Normal,33.08,6446350,213245258,7284375.5,3.42,0,7284375.5,3.42,-3029784.5,-1.42,220519630,2205196.30,3
905,Exit long,2025-01-24 19:30,Normal,32.47,6268608,220529629.4,-16987928,-7.70,0,4576084,2.08,-16987928,-7.70,203531710,2035317.10,18
905,Entry long,2025-01-22 15:30,Normal,35.18,6268608,220529629.4,-16987928,-7.70,0,4576084,2.08,-16987928,-7.70,203531710,2035317.10,18
906,Exit long,2025-01-29 15:30,Normal,25.94,8141668,203541700,7653168,3.76,0,7653168,3.76,-8955835,-4.40,211184880,2111848.80,7
906,Entry long,2025-01-28 15:30,Normal,25,8141668,203541700,7653168,3.76,0,7653168,3.76,-8955835,-4.40,211184880,2111848.80,7
907,Exit long,2025-01-30 19:30,Normal,27.04,8076286,211194878.9,7187894.5,3.40,0,7187894.5,3.40,-1453731.5,-0.69,218372770,2183727.70,4
907,Entry long,2025-01-30 15:30,Normal,26.15,8076286,211194878.9,7187894.5,3.40,0,7187894.5,3.40,-1453731.5,-0.69,218372770,2183727.70,4
908,Exit long,2025-01-31 20:30,Normal,26.55,7590642,218382770.3,-16851226,-7.72,0,1062689.9,0.49,-16851226,-7.72,201521550,2015215.50,4
908,Entry long,2025-01-31 16:30,Normal,28.77,7590642,218382770.3,-16851226,-7.72,0,1062689.9,0.49,-16851226,-7.72,201521550,2015215.50,4
909,Exit long,2025-02-05 17:30,Normal,27.11,7686176,201531534.7,6840696.5,3.39,0,6840696.5,3.39,-6533249.5,-3.24,208362240,2083622.40,9
909,Entry long,2025-02-04 15:30,Normal,26.22,7686176,201531534.7,6840696.5,3.39,0,6840696.5,3.39,-6533249.5,-3.24,208362240,2083622.40,9
910,Exit long,2025-02-07 15:30,Normal,27.92,7720349,208372219.5,7179924.5,3.45,0,7179924.5,3.45,-3010936,-1.44,215542180,2155421.80,6
910,Entry long,2025-02-06 16:30,Normal,26.99,7720349,208372219.5,7179924.5,3.45,0,7179924.5,3.45,-3010936,-1.44,215542180,2155421.80,6
911,Exit long,2025-02-11 16:30,Normal,27.71,8045993,215552152.5,7402313.5,3.43,0,7402313.5,3.43,-2252878,-1.05,222944480,2229444.80,8
911,Entry long,2025-02-10 15:30,Normal,26.79,8045993,215552152.5,7402313.5,3.43,0,7402313.5,3.43,-2252878,-1.05,222944480,2229444.80,8
912,Exit long,2025-02-18 15:30,Normal,29.02,7976904,222954466.8,8535287,3.83,0,8535287,3.83,-3110992.5,-1.40,231479780,2314797.80,14
912,Entry long,2025-02-13 15:30,Normal,27.95,7976904,222954466.8,8535287,3.83,0,8535287,3.83,-3110992.5,-1.40,231479780,2314797.80,14
913,Exit long,2025-02-19 17:30,Normal,31.11,7695803,231489754.2,7926677,3.42,0,7926677,3.42,0,0.00,239406450,2394064.50,2
913,Entry long,2025-02-19 15:30,Normal,30.08,7695803,231489754.2,7926677,3.42,0,7926677,3.42,0,0.00,239406450,2394064.50,2
914,Exit long,2025-02-21 18:30,Normal,28.86,7658875,239416432.5,-18381300,-7.68,0,3752848.8,1.57,-18381300,-7.68,221025150,2210251.50,6
914,Entry long,2025-02-20 19:30,Normal,31.26,7658875,239416432.5,-18381300,-7.68,0,3752848.8,1.57,-18381300,-7.68,221025150,2210251.50,6
915,Exit long,2025-02-26 16:30,Normal,26.34,8678254,221035129.4,7550081,3.42,0,7550081,3.42,-7029385.5,-3.18,228575230,2285752.30,6
915,Entry long,2025-02-25 17:30,Normal,25.47,8678254,221035129.4,7550081,3.42,0,7550081,3.42,-7029385.5,-3.18,228575230,2285752.30,6
916,Exit long,2025-03-03 15:30,Normal,23.56,10319874,228585209.1,14551022,6.37,0,14551022,6.37,-10629470,-4.65,243126260,2431262.60,6
916,Entry long,2025-02-28 16:30,Normal,22.15,10319874,228585209.1,14551022,6.37,0,14551022,6.37,-10629470,-4.65,243126260,2431262.60,6
917,Exit long,2025-03-04 20:30,Normal,22.09,11382783,243136244.9,8309431.5,3.42,0,8309431.5,3.42,-1365934,-0.56,251435680,2514356.80,1
917,Entry long,2025-03-04 19:30,Normal,21.36,11382783,243136244.9,8309431.5,3.42,0,8309431.5,3.42,-1365934,-0.56,251435680,2514356.80,1
918,Exit long,2025-03-05 18:30,Normal,21.27,12223902,251445664.1,8556731,3.40,0,8556731,3.40,-7089863,-2.82,259992420,2599924.20,3
918,Entry long,2025-03-05 15:30,Normal,20.57,12223902,251445664.1,8556731,3.40,0,8556731,3.40,-7089863,-2.82,259992420,2599924.20,3
919,Exit long,2025-03-07 19:30,Normal,20.18,13326622,260002395.2,8928837,3.43,0,8928837,3.43,-11727427,-4.51,268921250,2689212.50,4
919,Entry long,2025-03-07 15:30,Normal,19.51,13326622,260002395.2,8928837,3.43,0,8928837,3.43,-11727427,-4.51,268921250,2689212.50,4
920,Exit long,2025-03-11 18:30,Normal,17.65,15754613,268931243.9,9137676,3.40,0,9137676,3.40,-9295222,-3.46,278058900,2780589.00,3
920,Entry long,2025-03-11 15:30,Normal,17.07,15754613,268931243.9,9137676,3.40,0,9137676,3.40,-9295222,-3.46,278058900,2780589.00,3
921,Exit long,2025-03-14 14:30,Normal,19.31,14893890,278068926.3,9532090,3.43,0,9532090,3.43,-18021606,-6.48,287591000,2875910.00,12
921,Entry long,2025-03-12 16:30,Normal,18.67,14893890,278068926.3,9532090,3.43,0,9532090,3.43,-18021606,-6.48,287591000,2875910.00,12
922,Exit long,2025-03-17 18:30,Normal,20.66,14394445,287601011.1,9788223,3.40,0,9788223,3.40,-2734944.5,-0.95,297379230,2973792.30,4
922,Entry long,2025-03-17 14:30,Normal,19.98,14394445,287601011.1,9788223,3.40,0,9788223,3.40,-2734944.5,-0.95,297379230,2973792.30,4
923,Exit long,2025-03-19 19:30,Normal,20.91,14707677,297389228.9,10148297,3.41,0,10148297,3.41,-7059685,-2.37,307527550,3075275.50,3
923,Entry long,2025-03-19 16:30,Normal,20.22,14707677,297389228.9,10148297,3.41,0,10148297,3.41,-7059685,-2.37,307527550,3075275.50,3
924,Exit long,2025-03-24 14:30,Normal,20.36,16109876,307537532.8,20459542,6.65,0,20459542,6.65,-1449888.9,-0.47,327987070,3279870.70,5
924,Entry long,2025-03-21 16:30,Normal,19.09,16109876,307537532.8,20459542,6.65,0,20459542,6.65,-1449888.9,-0.47,327987070,3279870.70,5
925,Exit long,2025-03-28 15:30,Normal,16.27,18604485,327997070.5,-25302100,-7.71,0,8930153,2.72,-25302100,-7.71,302685000,3026850.00,4
925,Entry long,2025-03-27 18:30,Normal,17.63,18604485,327997070.5,-25302100,-7.71,0,8930153,2.72,-25302100,-7.71,302685000,3026850.00,4
926,Exit long,2025-03-31 20:30,Normal,15.5,20193127,302694973.7,10298495,3.40,0,10298495,3.40,-3836694.2,-1.27,312983500,3129835.00,4
926,Entry long,2025-03-31 16:30,Normal,14.99,20193127,302694973.7,10298495,3.40,0,10298495,3.40,-3836694.2,-1.27,312983500,3129835.00,4
927,Exit long,2025-04-02 17:30,Normal,16.21,19974057,312993473.2,10785991,3.45,0,10785991,3.45,-13782099,-4.40,323769470,3237694.70,7
927,Entry long,2025-04-01 17:30,Normal,15.67,19974057,312993473.2,10785991,3.45,0,10785991,3.45,-13782099,-4.40,323769470,3237694.70,7
928,Exit long,2025-04-07 18:30,Normal,9.21,36379715,323779463.5,11277712,3.48,0,11277712,3.48,-13824292,-4.27,335047170,3350471.70,1
928,Entry long,2025-04-07 17:30,Normal,8.9,36379715,323779463.5,11277712,3.48,0,11277712,3.48,-13824292,-4.27,335047170,3350471.70,1
929,Exit long,2025-04-08 17:30,Normal,10.31,33606537,335057173.9,11426223,3.41,0,11426223,3.41,0,0.00,346473400,3464734.00,1
929,Entry long,2025-04-08 16:30,Normal,9.97,33606537,335057173.9,11426223,3.41,0,11426223,3.41,0,0.00,346473400,3464734.00,1
930,Exit long,2025-04-09 18:30,Normal,8.87,40429801,346483394.6,12128940,3.50,0,12128940,3.50,-8490258,-2.45,358602340,3586023.40,2
930,Entry long,2025-04-09 16:30,Normal,8.57,40429801,346483394.6,12128940,3.50,0,12128940,3.50,-8490258,-2.45,358602340,3586023.40,2
931,Exit long,2025-04-11 19:30,Normal,10.03,36970344,358612336.8,12200214,3.40,0,12200214,3.40,-2957627.5,-0.82,370802560,3708025.60,1
931,Entry long,2025-04-11 18:30,Normal,9.7,36970344,358612336.8,12200214,3.40,0,12200214,3.40,-2957627.5,-0.82,370802560,3708025.60,1
932,Exit long,2025-04-15 15:30,Normal,10.98,34949345,370812550.4,12931258,3.49,0,12931258,3.49,-7688856,-2.07,383733820,3837338.20,3
932,Entry long,2025-04-14 19:30,Normal,10.61,34949345,370812550.4,12931258,3.49,0,12931258,3.49,-7688856,-2.07,383733820,3837338.20,3
933,Exit long,2025-04-17 19:30,Normal,9.3,42685629,383743804.7,13232545,3.45,0,13232545,3.45,-5122275.5,-1.33,396966370,3969663.70,3
933,Entry long,2025-04-17 16:30,Normal,8.99,42685629,383743804.7,13232545,3.45,0,13232545,3.45,-5122275.5,-1.33,396966370,3969663.70,3
934,Exit long,2025-04-22 15:30,Normal,8.95,45893220,396976353,13767966,3.47,0,13767966,3.47,0,0.00,410734340,4107343.40,1
934,Entry long,2025-04-21 21:30,Normal,8.65,45893220,396976353,13767966,3.47,0,13767966,3.47,0,0.00,410734340,4107343.40,1
935,Exit long,2025-04-24 15:30,Normal,11.02,38970049,410744316.5,18705624,4.55,0,18705624,4.55,-18315924,-4.46,429439940,4294399.40,4
935,Entry long,2025-04-23 18:30,Normal,10.54,38970049,410744316.5,18705624,4.55,0,18705624,4.55,-18315924,-4.46,429439940,4294399.40,4
936,Exit long,2025-04-30 21:30,Normal,12.12,36642486,429449935.9,14656994,3.41,0,14656994,3.41,-2931399,-0.68,444096930,4440969.30,2
936,Entry long,2025-04-30 19:30,Normal,11.72,36642486,429449935.9,14656994,3.41,0,14656994,3.41,-2931399,-0.68,444096930,4440969.30,2
937,Exit long,2025-05-02 15:30,Normal,13.1,35051849,444106926.8,15072295,3.39,0,15072295,3.39,-23134220,-5.21,459169250,4591692.50,6
937,Entry long,2025-05-01 16:30,Normal,12.67,35051849,444106926.8,15072295,3.39,0,15072295,3.39,-23134220,-5.21,459169250,4591692.50,6
938,Exit long,2025-05-08 17:30,Normal,14.17,33516732,459179228.4,15752864,3.43,0,15752864,3.43,-1675836.6,-0.36,474922100,4749221.00,1
938,Entry long,2025-05-08 16:30,Normal,13.7,33516732,459179228.4,15752864,3.43,0,15752864,3.43,-1675836.6,-0.36,474922100,4749221.00,1
939,Exit long,2025-05-12 18:30,Normal,17.4,28219376,474932098.1,16085044,3.39,0,16085044,3.39,-564387.5,-0.12,491007140,4910071.40,2
939,Entry long,2025-05-12 16:30,Normal,16.83,28219376,474932098.1,16085044,3.39,0,16085044,3.39,-564387.5,-0.12,491007140,4910071.40,2
940,Exit long,2025-05-21 17:30,Normal,18.37,27647361,491017131.4,16864890,3.43,0,16864890,3.43,-10505997,-2.14,507872030,5078720.30,7
940,Entry long,2025-05-20 17:30,Normal,17.76,27647361,491017131.4,16864890,3.43,0,16864890,3.43,-10505997,-2.14,507872030,5078720.30,7
941,Exit long,2025-05-27 15:30,Normal,16.67,32226017,507882027.9,29325676,5.77,0,29325676,5.77,-4189382.2,-0.82,537197700,5371977.00,3
941,Entry long,2025-05-23 19:30,Normal,15.76,32226017,507882027.9,29325676,5.77,0,29325676,5.77,-4189382.2,-0.82,537197700,5371977.00,3
942,Exit long,2025-05-29 15:30,Normal,18.12,31360636,537207694.7,31047030,5.78,0,31047030,5.78,-9094584,-1.69,568244740,5682447.40,7
942,Entry long,2025-05-28 15:30,Normal,17.13,31360636,537207694.7,31047030,5.78,0,31047030,5.78,-9094584,-1.69,568244740,5682447.40,7
943,Exit long,2025-06-03 15:30,Normal,17.07,34418821,568254734.7,19274540,3.39,0,19274540,3.39,-9293082,-1.64,587519300,5875193.00,7
943,Entry long,2025-06-02 15:30,Normal,16.51,34418821,568254734.7,19274540,3.39,0,19274540,3.39,-9293082,-1.64,587519300,5875193.00,7
944,Exit long,2025-06-05 15:30,Normal,19.41,31368354,587529270.4,21330480,3.63,0,21330480,3.63,-2823151.8,-0.48,608849700,6088497.00,7
944,Entry long,2025-06-04 15:30,Normal,18.73,31368354,587529270.4,21330480,3.63,0,21330480,3.63,-2823151.8,-0.48,608849700,6088497.00,7
945,Exit long,2025-06-09 15:30,Normal,20.25,31096004,608859758.3,20834322,3.42,0,20834322,3.42,-15548002,-2.55,629684100,6296841.00,6
945,Entry long,2025-06-06 16:30,Normal,19.58,31096004,608859758.3,20834322,3.42,0,20834322,3.42,-15548002,-2.55,629684100,6296841.00,6
946,Exit long,2025-06-13 15:30,Normal,20.12,28898305,629694065.9,-48260170,-7.66,0,20806780,3.30,-48260170,-7.66,581423940,5814239.40,18
946,Entry long,2025-06-10 18:30,Normal,21.79,28898305,629694065.9,-48260170,-7.66,0,20806780,3.30,-48260170,-7.66,581423940,5814239.40,18
947,Exit long,2025-06-24 15:30,Normal,22.65,26573761,581433890.7,20461796,3.52,0,20461796,3.52,-44378180,-7.63,601885700,6018857.00,33
947,Entry long,2025-06-16 17:30,Normal,21.88,26573761,581433890.7,20461796,3.52,0,20461796,3.52,-44378180,-7.63,601885700,6018857.00,33
948,Exit long,2025-06-26 15:30,Normal,25.17,24892295,601895693.1,24643372,4.09,0,24643372,4.09,-5974151,-0.99,626529100,6265291.00,7
948,Entry long,2025-06-25 15:30,Normal,24.18,24892295,601895693.1,24643372,4.09,0,24643372,4.09,-5974151,-0.99,626529100,6265291.00,7
949,Exit long,2025-07-02 16:30,Normal,26.01,24912090,626539063.5,21424398,3.42,0,21424398,3.42,0,0.00,647953500,6479535.00,1
949,Entry long,2025-07-02 15:30,Normal,25.15,24912090,626539063.5,21424398,3.42,0,21424398,3.42,0,0.00,647953500,6479535.00,1
950,Exit long,2025-07-09 15:30,Normal,27.3,24544071,647963474.4,22089664,3.41,0,22089664,3.41,-1963525.6,-0.30,670043140,6700431.40,6
950,Entry long,2025-07-08 16:30,Normal,26.4,24544071,647963474.4,22089664,3.41,0,22089664,3.41,-1963525.6,-0.30,670043140,6700431.40,6
951,Exit long,2025-07-15 15:30,Normal,28.23,24544071,670053138.3,22825986,3.41,0,22825986,3.41,-48597260,-7.25,692869100,6928691.00,21
951,Entry long,2025-07-10 15:30,Normal,27.3,24544071,670053138.3,22825986,3.41,0,22825986,3.41,-48597260,-7.25,692869100,6928691.00,21
952,Exit long,2025-07-21 15:30,Normal,27.94,25643194,692879101.9,23591738,3.40,0,23591738,3.40,-15385916,-2.22,716460860,7164608.60,15
952,Entry long,2025-07-16 21:30,Normal,27.02,25643194,692879101.9,23591738,3.40,0,23591738,3.40,-15385916,-2.22,716460860,7164608.60,15
953,Exit long,2025-07-28 15:30,Normal,26.54,27921701,716470847.7,24571096,3.43,0,24571096,3.43,-23454228,-3.27,741031940,7410319.40,17
953,Entry long,2025-07-23 19:30,Normal,25.66,27921701,716470847.7,24571096,3.43,0,24571096,3.43,-23454228,-3.27,741031940,7410319.40,17
954,Exit long,2025-07-31 16:30,Normal,25.71,26608329,741041962.7,-56941824,-7.68,0,7184249,0.97,-56941824,-7.68,684090100,6840901.00,15
954,Entry long,2025-07-29 15:30,Normal,27.85,26608329,741041962.7,-56941824,-7.68,0,7184249,0.97,-56941824,-7.68,684090100,6840901.00,15
955,Exit long,2025-08-05 15:30,Normal,25.45,27797648,684100117.3,23350024,3.41,0,23350024,3.41,-33079202,-4.84,707440200,7074402.00,12
955,Entry long,2025-08-01 17:30,Normal,24.61,27797648,684100117.3,23350024,3.41,0,23350024,3.41,-33079202,-4.84,707440200,7074402.00,12
956,Exit long,2025-08-07 15:30,Normal,25.47,29850217,707450142.9,52834884,7.47,0,52834884,7.47,-2686519.5,-0.38,760275100,7602751.00,4
956,Entry long,2025-08-06 18:30,Normal,23.7,29850217,707450142.9,52834884,7.47,0,52834884,7.47,-2686519.5,-0.38,760275100,7602751.00,4
957,Exit long,2025-08-11 15:30,Normal,26.36,29826796,760285030,25949312,3.41,0,25949312,3.41,-2386143.8,-0.31,786224400,7862244.00,7
957,Entry long,2025-08-08 15:30,Normal,25.49,29826796,760285030,25949312,3.41,0,25949312,3.41,-2386143.8,-0.31,786224400,7862244.00,7
958,Exit long,2025-08-13 15:30,Normal,28.67,28445526,786234338.6,29298892,3.73,0,29298892,3.73,-3413463,-0.43,815523260,8155232.60,6
958,Entry long,2025-08-12 16:30,Normal,27.64,28445526,786234338.6,29298892,3.73,0,29298892,3.73,-3413463,-0.43,815523260,8155232.60,6
959,Exit long,2025-08-15 18:30,Normal,27.08,27795952,815533231.7,-62818852,-7.70,0,0,0.00,-62818852,-7.70,752704400,7527044.00,4
959,Entry long,2025-08-14 21:30,Normal,29.34,27795952,815533231.7,-62818852,-7.70,0,0,0.00,-62818852,-7.70,752704400,7527044.00,4
960,Exit long,2025-08-20 21:30,Normal,25.81,30156826,752714377,25633302,3.41,0,25633302,3.41,-12967435,-1.72,778337700,7783377.00,5
960,Entry long,2025-08-20 16:30,Normal,24.96,30156826,752714377,25633302,3.41,0,25633302,3.41,-12967435,-1.72,778337700,7783377.00,5
961,Exit long,2025-08-22 15:30,Normal,26.32,30583406,778347682.7,26607564,3.42,0,26607564,3.42,-14680035,-1.89,804945300,8049453.00,6
961,Entry long,2025-08-21 16:30,Normal,25.45,30583406,778347682.7,26607564,3.42,0,26607564,3.42,-14680035,-1.89,804945300,8049453.00,6
962,Exit long,2025-08-28 15:30,Normal,29.07,28635904,804955261.4,27490468,3.42,0,27490468,3.42,-24054160,-2.99,832435700,8324357.00,14
962,Entry long,2025-08-26 15:30,Normal,28.11,28635904,804955261.4,27490468,3.42,0,27490468,3.42,-24054160,-2.99,832435700,8324357.00,14
963,Exit long,2025-09-03 15:30,Normal,25.36,34032940,832445712.4,30629646,3.68,0,30629646,3.68,0,0.00,863065400,8630654.00,4
963,Entry long,2025-09-02 18:30,Normal,24.46,34032940,832445712.4,30629646,3.68,0,30629646,3.68,0,0.00,863065400,8630654.00,4
964,Exit long,2025-09-05 15:30,Normal,26.81,34426620,863075363.4,59902320,6.94,0,59902320,6.94,-4819727,-0.56,922967700,9229677.00,6
964,Entry long,2025-09-04 16:30,Normal,25.07,34426620,863075363.4,59902320,6.94,0,59902320,6.94,-4819727,-0.56,922967700,9229677.00,6
965,Exit long,2025-09-10 15:30,Normal,28.48,33920532,922977675.7,43079076,4.67,0,43079076,4.67,-22048346,-2.39,966046800,9660468.00,13
965,Entry long,2025-09-08 16:30,Normal,27.21,33920532,922977675.7,43079076,4.67,0,43079076,4.67,-22048346,-2.39,966046800,9660468.00,13
966,Exit long,2025-09-16 15:30,Normal,30.32,33163637,966056745.8,39464730,4.09,0,39464730,4.09,-11607273,-1.20,1005511500,10055115.00,21
966,Entry long,2025-09-11 15:30,Normal,29.13,33163637,966056745.8,39464730,4.09,0,39464730,4.09,-11607273,-1.20,1005511500,10055115.00,21
967,Exit long,2025-09-18 15:30,Normal,32.75,32946313,1005521473,73470280,7.31,0,73470280,7.31,-45136450,-4.49,1078981800,10789818.00,7
967,Entry long,2025-09-17 15:30,Normal,30.52,32946313,1005521473,73470280,7.31,0,73470280,7.31,-45136450,-4.49,1078981800,10789818.00,7
968,Exit long,2025-09-23 15:30,Normal,34.96,31913391,1078991750,36700400,3.40,0,36700400,3.40,-3510473,-0.33,1115682200,11156822.00,7
968,Entry long,2025-09-22 15:30,Normal,33.81,31913391,1078991750,36700400,3.40,0,36700400,3.40,-3510473,-0.33,1115682200,11156822.00,7
969,Exit long,2025-09-29 15:30,Normal,35.03,33106592,1115692150,44031770,3.95,0,44031770,3.95,-1986395.5,-0.18,1159713900,11597139.00,5
969,Entry long,2025-09-26 17:30,Normal,33.7,33106592,1115692150,44031770,3.95,0,44031770,3.95,-1986395.5,-0.18,1159713900,11597139.00,5
970,Exit long,2025-10-01 17:30,Normal,35.82,33479328,1159723922,39505610,3.41,0,39505610,3.41,-35822880,-3.09,1199219600,11992196.00,9
970,Entry long,2025-09-30 15:30,Normal,34.64,33479328,1159723922,39505610,3.41,0,39505610,3.41,-35822880,-3.09,1199219600,11992196.00,9
971,Exit long,2025-10-08 19:30,Normal,42.08,29472340,1199229515,40966550,3.42,0,40966550,3.42,-4715574.5,-0.39,1240186100,12401861.00,4
971,Entry long,2025-10-08 15:30,Normal,40.69,29472340,1199229515,40966550,3.42,0,40966550,3.42,-4715574.5,-0.39,1240186100,12401861.00,4
972,Exit long,2025-10-15 16:30,Normal,40.09,31988550,1240196084,42224890,3.40,0,42224890,3.40,-90207710,-7.27,1282411000,12824110.00,14
972,Entry long,2025-10-13 16:30,Normal,38.77,31988550,1240196084,42224890,3.40,0,42224890,3.40,-90207710,-7.27,1282411000,12824110.00,14
973,Exit long,2025-10-20 16:30,Normal,42.8,30983836,1282420972,43687210,3.41,0,43687210,3.41,-94810536,-7.39,1326098200,13260982.00,15
973,Entry long,2025-10-16 15:30,Normal,41.39,30983836,1282420972,43687210,3.41,0,43687210,3.41,-94810536,-7.39,1326098200,13260982.00,15
974,Exit long,2025-10-23 15:30,Normal,39.7,34543063,1326108189,45251412,3.41,0,45251412,3.41,-29016172,-2.19,1371349600,13713496.00,1
974,Entry long,2025-10-22 21:30,Normal,38.39,34543063,1326108189,45251412,3.41,0,45251412,3.41,-29016172,-2.19,1371349600,13713496.00,1
975,Exit long,2025-10-27 14:30,Normal,45.5,31663810,1371359611,69343740,5.06,0,69343740,5.06,-11082334,-0.81,1440693400,14406934.00,7
975,Entry long,2025-10-24 15:30,Normal,43.31,31663810,1371359611,69343740,5.06,0,69343740,5.06,-11082334,-0.81,1440693400,14406934.00,7
976,Exit long,2025-10-29 14:30,Normal,49.37,30555744,1440703330,67833750,4.71,0,67833750,4.71,-7638936,-0.53,1508527100,15085271.00,4
976,Entry long,2025-10-28 17:30,Normal,47.15,30555744,1440703330,67833750,4.71,0,67833750,4.71,-7638936,-0.53,1508527100,15085271.00,4
977,Exit long,2025-11-04 15:30,Normal,44.78,30755088,1508537066,-131324220,-8.71,0,35060800,2.32,-131324220,-8.71,1377203000,13772030.00,14
977,Entry long,2025-10-31 14:30,Normal,49.05,30755088,1508537066,-131324220,-8.71,0,35060800,2.32,-131324220,-8.71,1377203000,13772030.00,14
978,Exit long,2025-11-05 19:30,Normal,47.61,29913398,1377212844,46964036,3.41,0,46964036,3.41,-5982679.5,-0.43,1424166900,14241669.00,3
978,Entry long,2025-11-05 16:30,Normal,46.04,29913398,1377212844,46964036,3.41,0,46964036,3.41,-5982679.5,-0.43,1424166900,14241669.00,3
979,Exit long,2025-11-07 20:30,Normal,40.72,36164980,1424176912,48461070,3.40,0,48461070,3.40,-27123736,-1.90,1472628000,14726280.00,2
979,Entry long,2025-11-07 18:30,Normal,39.38,36164980,1424176912,48461070,3.40,0,48461070,3.40,-27123736,-1.90,1472628000,14726280.00,2
980,Exit long,2025-11-10 20:30,Normal,45.25,33652604,1472637951,50142380,3.40,0,50142380,3.40,-8749677,-0.59,1522770400,15227704.00,4
980,Entry long,2025-11-10 16:30,Normal,43.76,33652604,1472637951,50142380,3.40,0,50142380,3.40,-8749677,-0.59,1522770400,15227704.00,4
981,Exit long,2025-11-12 15:30,Normal,44.02,35855436,1522780367,55575924,3.65,0,55575924,3.65,-26174468,-1.72,1578346200,15783462.00,4
981,Entry long,2025-11-11 18:30,Normal,42.47,35855436,1522780367,55575924,3.65,0,55575924,3.65,-26174468,-1.72,1578346200,15783462.00,4
982,Exit long,2025-11-17 19:30,Normal,37.24,39126333,1578356273,-121291630,-7.68,0,9781583,0.62,-121291630,-7.68,1457054700,14570547.00,10
982,Entry long,2025-11-14 16:30,Normal,40.34,39126333,1578356273,-121291630,-7.68,0,9781583,0.62,-121291630,-7.68,1457054700,14570547.00,10
983,Exit long,2025-11-19 15:30,Normal,35.88,41990336,1457064659,49548596,3.40,0,49548596,3.40,-26034008,-1.79,1506603300,15066033.00,6
983,Entry long,2025-11-18 16:30,Normal,34.7,41990336,1457064659,49548596,3.40,0,49548596,3.40,-26034008,-1.79,1506603300,15066033.00,6
984,Exit long,2025-11-21 17:30,Normal,31.36,49690410,1506613231,51678028,3.43,0,51678028,3.43,-1987616.4,-0.13,1558281300,15582813.00,1
984,Entry long,2025-11-21 16:30,Normal,30.32,49690410,1506613231,51678028,3.43,0,51678028,3.43,-1987616.4,-0.13,1558281300,15582813.00,1
985,Exit long,2025-11-25 15:30,Normal,33.25,43261834,1558291261,-119835280,-7.69,0,12545932,0.81,-119835280,-7.69,1438446000,14384460.00,4
985,Entry long,2025-11-24 18:30,Normal,36.02,43261834,1558291261,-119835280,-7.69,0,12545932,0.81,-119835280,-7.69,1438446000,14384460.00,4
986,Exit long,2025-11-26 16:30,Normal,39.2,37943972,1438455979,48947724,3.40,0,48947724,3.40,0,0.00,1487393800,14873938.00,1
986,Entry long,2025-11-26 15:30,Normal,37.91,37943972,1438455979,48947724,3.40,0,48947724,3.40,0,0.00,1487393800,14873938.00,1
987,Exit long,2025-12-02 15:30,Normal,43.4,35439688,1487403705,50678750,3.41,0,50678750,3.41,-26579766,-1.79,1538072400,15380724.00,4
987,Entry long,2025-12-01 18:30,Normal,41.97,35439688,1487403705,50678750,3.41,0,50678750,3.41,-26579766,-1.79,1538072400,15380724.00,4
988,Exit long,2025-12-03 21:30,Normal,46.46,34232861,1538082445,52376276,3.41,0,52376276,3.41,-5134929,-0.33,1590448800,15904488.00,4
988,Entry long,2025-12-03 17:30,Normal,44.93,34232861,1538082445,52376276,3.41,0,52376276,3.41,-5134929,-0.33,1590448800,15904488.00,4
989,Exit long,2025-12-10 20:30,Normal,49.11,33490392,1590458716,54254436,3.41,0,54254436,3.41,-33825296,-2.13,1644703200,16447032.00,19
989,Entry long,2025-12-08 15:30,Normal,47.49,33490392,1590458716,54254436,3.41,0,54254436,3.41,-33825296,-2.13,1644703200,16447032.00,19
990,Exit long,2025-12-16 15:30,Normal,39.39,38544954,1644713187,-126427450,-7.69,0,770899.06,0.05,-126427450,-7.69,1518275700,15182757.00,6
990,Entry long,2025-12-15 16:30,Normal,42.67,38544954,1644713187,-126427450,-7.69,0,770899.06,0.05,-126427450,-7.69,1518275700,15182757.00,6
991,Exit long,2025-12-18 15:30,Normal,39.98,42162892,1518285741,167386690,11.02,0,167386690,11.02,0,0.00,1685662500,16856625.00,1
991,Entry long,2025-12-17 21:30,Normal,36.01,42162892,1518285741,167386690,11.02,0,167386690,11.02,0,0.00,1685662500,16856625.00,1
992,Exit long,2025-12-22 15:30,Normal,44.45,40511233,1685672405,115051900,6.83,0,115051900,6.83,-12558482,-0.75,1800714400,18007144.00,6
992,Entry long,2025-12-19 16:30,Normal,41.61,40511233,1685672405,115051900,6.83,0,115051900,6.83,-12558482,-0.75,1800714400,18007144.00,6
993,Exit long,2026-01-02 15:30,Normal,45.14,41539200,1800724320,74355170,4.13,0,74355170,4.13,-55247136,-3.07,1875069400,18750694.00,38
993,Entry long,2025-12-23 16:30,Normal,43.35,41539200,1800724320,74355170,4.13,0,74355170,4.13,-55247136,-3.07,1875069400,18750694.00,38
994,Exit long,2026-01-06 15:30,Normal,52.56,36889228,1875079459,63818364,3.40,0,63818364,3.40,-80787410,-4.31,1938887800,19388878.00,6
994,Entry long,2026-01-05 16:30,Normal,50.83,36889228,1875079459,63818364,3.40,0,63818364,3.40,-80787410,-4.31,1938887800,19388878.00,6
995,Exit long,2026-01-13 15:30,Normal,55.71,36274983,1938897841,81981464,4.23,0,81981464,4.23,-39902480,-2.06,2020869400,20208694.00,13
995,Entry long,2026-01-09 16:30,Normal,53.45,36274983,1938897841,81981464,4.23,0,81981464,4.23,-39902480,-2.06,2020869400,20208694.00,13
996,Exit long,2026-01-15 15:30,Normal,60.96,36471382,2020879277,202416180,10.02,0,202416180,10.02,0,0.00,2223285500,22232855.00,1
996,Entry long,2026-01-14 21:30,Normal,55.41,36471382,2020879277,202416180,10.02,0,202416180,10.02,0,0.00,2223285500,22232855.00,1
997,Exit long,2026-01-21 16:30,Normal,62.99,36501321,2223295462,75922744,3.41,0,75922744,3.41,-134689870,-6.06,2299208200,22992082.00,14
997,Entry long,2026-01-16 16:30,Normal,60.91,36501321,2223295462,75922744,3.41,0,75922744,3.41,-134689870,-6.06,2299208200,22992082.00,14
998,Exit long,2026-01-27 16:30,Normal,65.89,36083148,2299218191,78300430,3.41,0,78300430,3.41,-148662580,-6.47,2377508600,23775086.00,22
998,Entry long,2026-01-22 15:30,Normal,63.72,36083148,2299218191,78300430,3.41,0,78300430,3.41,-148662580,-6.47,2377508600,23775086.00,22
999,Exit long,2026-01-29 15:30,Normal,71.69,34292783,2377518645,80930970,3.40,0,80930970,3.40,-26405442,-1.11,2458439700,24584397.00,6
999,Entry long,2026-01-28 16:30,Normal,69.33,34292783,2377518645,80930970,3.40,0,80930970,3.40,-26405442,-1.11,2458439700,24584397.00,6
1000,Exit long,2026-02-03 15:30,Normal,60.68,37396556,2458449591,-189226580,-7.70,0,69931560,2.84,-189226580,-7.70,2269213200,22692132.00,6
1000,Entry long,2026-02-02 16:30,Normal,65.74,37396556,2458449591,-189226580,-7.70,0,69931560,2.84,-189226580,-7.70,2269213200,22692132.00,6
1001,Exit long,2026-02-04 20:30,Normal,53.77,43638905,2269223060,77240860,3.40,0,77240860,3.40,-1745556.2,-0.08,2346454000,23464540.00,1
1001,Entry long,2026-02-04 19:30,Normal,52,43638905,2269223060,77240860,3.40,0,77240860,3.40,-1745556.2,-0.08,2346454000,23464540.00,1
1002,Exit long,2026-02-06 15:30,Normal,56.4,43252791,2346463912,92993500,3.96,0,92993500,3.96,-83910420,-3.58,2439447600,24394476.00,5
1002,Entry long,2026-02-05 17:30,Normal,54.25,43252791,2346463912,92993500,3.96,0,92993500,3.96,-83910420,-3.58,2439447600,24394476.00,5
1003,Exit long,2026-02-10 18:30,Normal,65.05,38776942,2439457421,82982660,3.40,0,82982660,3.40,-57777644,-2.37,2522430200,25224302.00,10
1003,Entry long,2026-02-09 15:30,Normal,62.91,38776942,2439457421,82982660,3.40,0,82982660,3.40,-57777644,-2.37,2522430200,25224302.00,10
1004,Exit long,2026-02-12 15:30,Normal,70.16,37176714,2522440045,85878210,3.40,0,85878210,3.40,-44612056,-1.77,2608308200,26083082.00,5
1004,Entry long,2026-02-11 17:30,Normal,67.85,37176714,2522440045,85878210,3.40,0,85878210,3.40,-44612056,-1.77,2608308200,26083082.00,5
1005,Exit long,2026-02-17 15:30,Normal,60.17,40017157,2608318293,-200485950,-7.69,0,34014584,1.30,-200485950,-7.69,2407822300,24078223.00,5
1005,Entry long,2026-02-13 17:30,Normal,65.18,40017157,2608318293,-200485950,-7.69,0,34014584,1.30,-200485950,-7.69,2407822300,24078223.00,5
1006,Exit long,2026-02-25 15:30,Normal,70.88,35456226,2407832308,105304990,4.37,0,105304990,4.37,-175508320,-7.29,2513127400,25131274.00,33
1006,Entry long,2026-02-18 17:30,Normal,67.91,35456226,2407832308,105304990,4.37,0,105304990,4.37,-175508320,-7.29,2513127400,25131274.00,33
1007,Exit long,2026-03-03 15:30,Normal,55.12,40030859,2513137328,-306636380,-12.20,0,1601234.4,0.06,-306636380,-12.20,2206491000,22064910.00,8
1007,Entry long,2026-02-27 21:30,Normal,62.78,40030859,2513137328,-306636380,-12.20,0,1601234.4,0.06,-306636380,-12.20,2206491000,22064910.00,8
1008,Exit long,2026-03-05 18:30,Normal,52.21,39011685,2206500904,-169700830,-7.69,0,44083204,2.00,-169700830,-7.69,2036790100,20367901.00,9
1008,Entry long,2026-03-04 16:30,Normal,56.56,39011685,2206500904,-169700830,-7.69,0,44083204,2.00,-169700830,-7.69,2036790100,20367901.00,9
1009,Exit long,2026-03-09 17:30,Normal,50.28,41892227,2036800077,69541096,3.41,0,69541096,3.41,-18432580,-0.90,2106331300,21063313.00,2
1009,Entry long,2026-03-09 15:30,Normal,48.62,41892227,2036800077,69541096,3.41,0,69541096,3.41,-18432580,-0.90,2106331300,21063313.00,2
1010,Exit long,2026-03-10 16:30,Normal,57.04,38186026,2106341194,71789730,3.41,0,71789730,3.41,-1145580.8,-0.05,2178121000,21781210.00,2
1010,Entry long,2026-03-10 14:30,Normal,55.16,38186026,2106341194,71789730,3.41,0,71789730,3.41,-1145580.8,-0.05,2178121000,21781210.00,2
1011,Exit long,2026-03-12 14:30,Normal,52.79,38085870,2178130905,-167577820,-7.69,0,17138642,0.79,-167577820,-7.69,2010543100,20105431.00,7
1011,Entry long,2026-03-11 14:30,Normal,57.19,38085870,2178130905,-167577820,-7.69,0,17138642,0.79,-167577820,-7.69,2010543100,20105431.00,7
1012,Exit long,2026-03-16 14:30,Normal,54.29,38296249,2010553073,68550290,3.41,0,68550290,3.41,-93825810,-4.67,2079093400,20790934.00,7
1012,Entry long,2026-03-13 14:30,Normal,52.5,38296249,2010553073,68550290,3.41,0,68550290,3.41,-93825810,-4.67,2079093400,20790934.00,7
1013,Exit long,2026-03-19 14:30,Normal,49.54,37850052,2079103356,-204011780,-9.81,0,58667580,2.82,-204011780,-9.81,1875081600,18750816.00,14
1013,Entry long,2026-03-17 14:30,Normal,54.93,37850052,2079103356,-204011780,-9.81,0,58667580,2.82,-204011780,-9.81,1875081600,18750816.00,14
1014,Exit long,2026-03-23 14:30,Normal,54.63,36680196,1875091620,128747490,6.87,0,128747490,6.87,0,0.00,2003829100,20038291.00,1
1014,Entry long,2026-03-20 20:30,Normal,51.12,36680196,1875091620,128747490,6.87,0,128747490,6.87,0,0.00,2003829100,20038291.00,1
1015,Exit long,2026-03-25 14:30,Normal,57.5,36040271,2003839068,68476510,3.42,0,68476510,3.42,-68836920,-3.44,2072305700,20723057.00,6
1015,Entry long,2026-03-24 15:30,Normal,55.6,36040271,2003839068,68476510,3.42,0,68476510,3.42,-68836920,-3.44,2072305700,20723057.00,6
1016,Exit long,2026-03-30 15:30,Normal,48.19,44460751,2072315604,70247980,3.39,0,70247980,3.39,0,0.00,2142553600,21425536.00,1
1016,Entry long,2026-03-27 20:30,Normal,46.61,44460751,2072315604,70247980,3.39,0,70247980,3.39,0,0.00,2142553600,21425536.00,1
1017,Exit long,2026-03-31 18:30,Normal,45.42,48772219,2142563581,72670610,3.39,0,72670610,3.39,-32189664,-1.50,2215224300,22152243.00,2
1017,Entry long,2026-03-31 16:30,Normal,43.93,48772219,2142563581,72670610,3.39,0,72670610,3.39,-32189664,-1.50,2215224300,22152243.00,2
1018,Exit long,2026-04-06 15:30,Normal,54.54,41994961,2215234193,75170984,3.39,0,75170984,3.39,0,0.00,2290395100,22903951.00,1
1018,Entry long,2026-04-02 21:30,Normal,52.75,41994961,2215234193,75170984,3.39,0,75170984,3.39,0,0.00,2290395100,22903951.00,1
1019,Exit long,2026-04-07 21:30,Normal,56.6,41849172,2290405184,78257950,3.42,0,78257950,3.42,-56496384,-2.47,2368653000,23686530.00,4
1019,Entry long,2026-04-07 17:30,Normal,54.73,41849172,2290405184,78257950,3.42,0,78257950,3.42,-56496384,-2.47,2368653000,23686530.00,4
1020,Exit long,2026-04-30 15:30,Normal,122.81,20458310,2368663132,143821920,6.07,0,143821920,6.07,-50327444,-2.12,2512475100,25124751.00,6
1020,Entry long,2026-04-29 16:30,Normal,115.78,20458310,2368663132,143821920,6.07,0,143821920,6.07,-50327444,-2.12,2512475100,25124751.00,6
1021,Exit long,2026-05-13 18:30,Normal,185.26,14023694,2512485017,85544536,3.40,0,85544536,3.40,-3926634.2,-0.16,2598019600,25980196.00,3
1021,Entry long,2026-05-13 15:30,Normal,179.16,14023694,2512485017,85544536,3.40,0,85544536,3.40,-3926634.2,-0.16,2598019600,25980196.00,3
1022,Exit long,2026-05-19 15:30,Normal,140.01,17129489,2598029597,-199729840,-7.69,0,68175370,2.62,-199729840,-7.69,2398289700,23982897.00,1
1022,Entry long,2026-05-18 21:30,Normal,151.67,17129489,2598029597,-199729840,-7.69,0,68175370,2.62,-199729840,-7.69,2398289700,23982897.00,1
1023,Exit long,2026-05-21 15:30,Normal,176.27,14068749,2398299642,81598744,3.40,0,81598744,3.40,-59792184,-2.49,2479888400,24798884.00,6
1023,Entry long,2026-05-20 16:30,Normal,170.47,14068749,2398299642,81598744,3.40,0,81598744,3.40,-59792184,-2.49,2479888400,24798884.00,6
1024,Exit long,2026-05-27 15:30,Normal,242.72,11055675,2479898459,203534980,8.21,0,203534980,8.21,-18352420,-0.74,2683423500,26834235.00,3
1024,Entry long,2026-05-26 19:30,Normal,224.31,11055675,2479898459,203534980,8.21,0,203534980,8.21,-18352420,-0.74,2683423500,26834235.00,3
1025,Exit long,2026-06-09 15:30,Normal,227.06,12344435,2683433280,119494130,4.45,0,119494130,4.45,-104433920,-3.89,2802917600,28029176.00,6
1025,Entry long,2026-06-08 16:30,Normal,217.38,12344435,2683433280,119494130,4.45,0,119494130,4.45,-104433920,-3.89,2802917600,28029176.00,6
1026,Exit long,2026-06-10 16:30,Normal,192.1,13469785,2802927561,-215381860,-7.68,0,66001948,2.35,-215381860,-7.68,2587536000,25875360.00,1
1026,Entry long,2026-06-10 15:30,Normal,208.09,13469785,2802927561,-215381860,-7.68,0,66001948,2.35,-215381860,-7.68,2587536000,25875360.00,1
1027,Exit long,2026-06-11 19:30,Normal,206.8,12937728,2587545600,87976550,3.40,0,87976550,3.40,-85130250,-3.29,2675512300,26755123.00,2
1027,Entry long,2026-06-11 17:30,Normal,200,12937728,2587545600,87976550,3.40,0,87976550,3.40,-85130250,-3.29,2675512300,26755123.00,2
1028,Exit long,2026-06-12 16:30,Normal,237.82,11632705,2675522150,90967750,3.40,0,90967750,3.40,-75030940,-2.80,2766480100,27664801.00,1
1028,Entry long,2026-06-12 15:30,Normal,230,11632705,2675522150,90967750,3.40,0,90967750,3.40,-75030940,-2.80,2766480100,27664801.00,1
1029,Exit long,2026-06-16 16:30,Normal,247.96,10299665,2766490019,-212585090,-7.68,0,65093884,2.35,-212585090,-7.68,2553895000,25538950.00,7
1029,Entry long,2026-06-15 16:30,Normal,268.6,10299665,2766490019,-212585090,-7.68,0,65093884,2.35,-212585090,-7.68,2553895000,25538950.00,7
1030,Exit long,2026-06-22 15:30,Normal,299.32,9205251,2553904837,201410900,7.89,0,201410900,7.89,-48787830,-1.91,2755306000,27553060.00,6
1030,Entry long,2026-06-18 16:30,Normal,277.44,9205251,2553904837,201410900,7.89,0,201410900,7.89,-48787830,-1.91,2755306000,27553060.00,6
1031,Exit long,2026-06-25 15:30,Normal,268.05,12051418,2755315697,475066900,17.24,0,475066900,17.24,0,0.00,3230372900,32303729.00,1
1031,Entry long,2026-06-24 21:30,Normal,228.63,12051418,2755315697,475066900,17.24,0,475066900,17.24,0,0.00,3230372900,32303729.00,1
1032,Exit long,2026-06-29 15:30,Normal,207.12,14397569,3230382557,-248358060,-7.69,0,26347552,0.82,-248358060,-7.69,2982014700,29820147.00,4
1032,Entry long,2026-06-26 18:30,Normal,224.37,14397569,3230382557,-248358060,-7.69,0,26347552,0.82,-248358060,-7.69,2982014700,29820147.00,4
1033,Exit long,2026-06-30 20:30,Normal,269.38,11446432,2982024465,101415384,3.40,0,101415384,3.40,-14536969,-0.49,3083430100,30834301.00,4
1033,Entry long,2026-06-30 16:30,Normal,260.52,11446432,2982024465,101415384,3.40,0,101415384,3.40,-14536969,-0.49,3083430100,30834301.00,4
1034,Exit long,2026-07-06 15:30,Normal,197.21,16994268,3083439986,267999600,8.69,0,267999600,8.69,0,0.00,3351429600,33514296.00,1
1034,Entry long,2026-07-02 21:30,Normal,181.44,16994268,3083439986,267999600,8.69,0,267999600,8.69,0,0.00,3351429600,33514296.00,1
1035,Exit long,2026-07-08 15:30,Normal,172.75,20061293,3351439609,114148760,3.41,0,114148760,3.41,-228698740,-6.82,3465578500,34655785.00,4
1035,Entry long,2026-07-07 18:30,Normal,167.06,20061293,3351439609,114148760,3.41,0,114148760,3.41,-228698740,-6.82,3465578500,34655785.00,4
1036,Exit long,2026-07-10 15:30,Normal,182.29,17311496,3465588384,-309875780,-8.94,0,41547590,1.20,-309875780,-8.94,3155702800,31557028.00,6
1036,Entry long,2026-07-09 16:30,Normal,200.19,17311496,3465588384,-309875780,-8.94,0,41547590,1.20,-309875780,-8.94,3155702800,31557028.00,6
1037,Exit long,2026-07-15 15:30,Normal,168.86,17251873,3155712609,-242561330,-7.69,0,21564842,0.68,-242561330,-7.69,2913141200,29131412.00,6
1037,Entry long,2026-07-14 16:30,Normal,182.92,17251873,3155712609,-242561330,-7.69,0,21564842,0.68,-242561330,-7.69,2913141200,29131412.00,6
1038,Exit long,2026-07-17 20:30,Normal,132.41,20309197,2913151218,-224010450,-7.69,0,5280391,0.18,-224010450,-7.69,2689131000,26891310.00,2
1038,Entry long,2026-07-17 18:30,Normal,143.44,20309197,2913151218,-224010450,-7.69,0,5280391,0.18,-224010450,-7.69,2689131000,26891310.00,2
1039,Exit long,2026-07-21 15:30,Normal,156.01,18987085,2689140849,273034270,10.15,0,273034270,10.15,-113352900,-4.22,2962165200,29621652.00,4
1039,Entry long,2026-07-20 18:30,Normal,141.63,18987085,2689140849,273034270,10.15,0,273034270,10.15,-113352900,-4.22,2962165200,29621652.00,4
1040,Exit long,2026-07-27 20:30,Normal,127.52,24020233,2962175134,100884980,3.41,0,100884980,3.41,-113135300,-3.82,3063050200,30630502.00,3
1040,Entry long,2026-07-27 17:30,Normal,123.32,24020233,2962175134,100884980,3.41,0,100884980,3.41,-113135300,-3.82,3063050200,30630502.00,3
1041,Exit long,2026-07-28 21:30,Normal,114.73,27607572,3063060113,104356620,3.41,0,104356620,3.41,-72055760,-2.35,3167406800,31674068.00,3
1041,Entry long,2026-07-28 18:30,Normal,110.95,27607572,3063060113,104356620,3.41,0,104356620,3.41,-72055760,-2.35,3167406800,31674068.00,3
1042,Exit long,2026-07-29 20:30,Normal,102.95,31814149,3167416674,107849970,3.40,0,107849970,3.40,-43903524,-1.39,3275256800,32752568.00,1
1042,Entry long,2026-07-29 19:30,Normal,99.56,31814149,3167416674,107849970,3.40,0,107849970,3.40,-43903524,-1.39,3275256800,32752568.00,1
1043,Exit long,2026-07-31 15:30,Normal,129.7,28992358,3275266683,485042140,14.81,0,485042140,14.81,-13046561,-0.40,3760299000,37602990.00,6
1043,Entry long,2026-07-30 16:30,Normal,112.97,28992358,3275266683,485042140,14.81,0,485042140,14.81,-13046561,-0.40,3760299000,37602990.00,6
1044,Exit long,2026-08-04 15:30,Normal,131.46,32419250,3760308808,501525800,13.34,0,501525800,13.34,-19451550,-0.52,4261824800,42618248.00,3
1044,Entry long,2026-08-03 19:30,Normal,115.99,32419250,3760308808,501525800,13.34,0,501525800,13.34,-19451550,-0.52,4261824800,42618248.00,3
1045,Exit long,2026-08-07 15:30,Normal,142,31099202,4261834642,154252050,3.62,0,154252050,3.62,-153630060,-3.60,4416077000,44160770.00,7
1045,Entry long,2026-08-06 15:30,Normal,137.04,31099202,4261834642,154252050,3.62,0,154252050,3.62,-153630060,-3.60,4416077000,44160770.00,7
1046,Exit long,2026-08-13 15:30,Normal,150.59,30324017,4416086596,150407120,3.41,0,150407120,3.41,-114321544,-2.59,4566484000,45664840.00,6
1046,Entry long,2026-08-12 16:30,Normal,145.63,30324017,4416086596,150407120,3.41,0,150407120,3.41,-114321544,-2.59,4566484000,45664840.00,6
1047,Exit long,2026-08-17 15:30,Normal,150.56,31501751,4566493825,176409810,3.86,0,176409810,3.86,0,0.00,4742893600,47428936.00,1
1047,Entry long,2026-08-14 21:30,Normal,144.96,31501751,4566493825,176409810,3.86,0,176409810,3.86,0,0.00,4742893600,47428936.00,1
1048,Exit long,2026-08-21 15:30,Normal,126.59,39061963,4742903547,201950350,4.26,0,201950350,4.26,-87498800,-1.84,4944844000,49448440.00,7
1048,Entry long,2026-08-20 15:30,Normal,121.42,39061963,4742903547,201950350,4.26,0,201950350,4.26,-87498800,-1.84,4944844000,49448440.00,7
1049,Exit long,2026-08-25 15:30,Normal,117.4,44221552,4944853945,246756260,4.99,0,246756260,4.99,-91538616,-1.85,5191600000,51916000.00,5
1049,Entry long,2026-08-24 17:30,Normal,111.82,44221552,4944853945,246756260,4.99,0,246756260,4.99,-91538616,-1.85,5191600000,51916000.00,5
1050,Exit long,2026-08-27 15:30,Normal,123.24,44914008,5191610185,343592160,6.62,0,343592160,6.62,-58837350,-1.13,5535192600,55351926.00,6
1050,Entry long,2026-08-26 16:30,Normal,115.59,44914008,5191610185,343592160,6.62,0,343592160,6.62,-58837350,-1.13,5535192600,55351926.00,6
1051,Exit long,2026-09-01 15:30,Normal,103.78,49236812,5535202405,-425406050,-7.69,0,33481032,0.60,-425406050,-7.69,5109786600,51097866.00,3
1051,Entry long,2026-08-31 19:30,Normal,112.42,49236812,5535202405,-425406050,-7.69,0,33481032,0.60,-425406050,-7.69,5109786600,51097866.00,3
1052,Exit long,Open,Open,—,47898353,5109796298,6705769.5,0.13,0,66578710,1.30,-385581730,-7.55,5116492300,51164923.00,13
1052,Entry long,2026-09-02 15:30,Normal,106.68,47898353,5109796298,6705769.5,0.13,0,66578710,1.30,-385581730,-7.55,5116492300,51164923.00,13