Trade number,Type,Date and time,Signal,Price USD,Size (qty),Size (value),Net PnL USD,Return %,Commission USD,Favorable excursion USD,Favorable excursion %,Adverse excursion USD,Adverse excursion %,Cumulative PnL USD,Cumulative PnL %,Duration (bars)
1,Exit long,2022-01-26 15:30,Normal,42.49,245,9966.6,443.45,4.45,0,443.45,4.45,-602.7,-6.05,443.45,4.43,7
1,Entry long,2022-01-25 15:30,Normal,40.68,245,9966.6,443.45,4.45,0,443.45,4.45,-602.7,-6.05,443.45,4.43,7
2,Exit long,2022-01-28 21:30,Normal,36.33,297,10433.61,356.4,3.42,0,356.4,3.42,-543.51,-5.21,799.85,8.00,4
2,Entry long,2022-01-28 17:30,Normal,35.13,297,10433.61,356.4,3.42,0,356.4,3.42,-543.51,-5.21,799.85,8.00,4
3,Exit long,2022-01-31 19:30,Normal,41.83,266,10759.7,367.08,3.41,0,367.08,3.41,0,0.00,1166.93,11.67,3
3,Entry long,2022-01-31 16:30,Normal,40.45,266,10759.7,367.08,3.41,0,367.08,3.41,0,0.00,1166.93,11.67,3
4,Exit long,2022-02-01 17:30,Normal,43.87,263,11156.46,381.35,3.42,0,381.35,3.42,-186.73,-1.67,1548.28,15.48,2
4,Entry long,2022-02-01 15:30,Normal,42.42,263,11156.46,381.35,3.42,0,381.35,3.42,-186.73,-1.67,1548.28,15.48,2
5,Exit long,2022-02-02 21:30,Normal,48.01,248,11514.64,391.84,3.40,0,391.84,3.40,-329.84,-2.86,1940.12,19.40,6
5,Entry long,2022-02-02 15:30,Normal,46.43,248,11514.64,391.84,3.40,0,391.84,3.40,-329.84,-2.86,1940.12,19.40,6
6,Exit long,2022-02-04 20:30,Normal,43.13,286,11929.06,406.12,3.40,0,406.12,3.40,-68.64,-0.58,2346.24,23.46,2
6,Entry long,2022-02-04 18:30,Normal,41.71,286,11929.06,406.12,3.40,0,406.12,3.40,-68.64,-0.58,2346.24,23.46,2
7,Exit long,2022-02-08 18:30,Normal,44.55,286,12320.88,420.42,3.41,0,420.42,3.41,-514.8,-4.18,2766.66,27.67,10
7,Entry long,2022-02-07 15:30,Normal,43.08,286,12320.88,420.42,3.41,0,420.42,3.41,-514.8,-4.18,2766.66,27.67,10
8,Exit long,2022-02-09 17:30,Normal,48,275,12765.5,434.5,3.40,0,434.5,3.40,-22,-0.17,3201.16,32.01,2
8,Entry long,2022-02-09 15:30,Normal,46.42,275,12765.5,434.5,3.40,0,434.5,3.40,-22,-0.17,3201.16,32.01,2
9,Exit long,2022-02-14 19:30,Normal,36.82,330,13163.7,-1013.1,-7.70,0,46.2,0.35,-1013.1,-7.70,2188.06,21.88,3
9,Entry long,2022-02-14 16:30,Normal,39.89,330,13163.7,-1013.1,-7.70,0,46.2,0.35,-1013.1,-7.70,2188.06,21.88,3
10,Exit long,2022-02-16 21:30,Normal,45.08,279,12161.61,415.71,3.42,0,415.71,3.42,-504.99,-4.15,2603.77,26.04,10
10,Entry long,2022-02-15 18:30,Normal,43.59,279,12161.61,415.71,3.42,0,415.71,3.42,-504.99,-4.15,2603.77,26.04,10
11,Exit long,2022-02-23 20:30,Normal,35.76,325,12590.5,-968.5,-7.69,0,19.5,0.15,-968.5,-7.69,1635.27,16.35,3
11,Entry long,2022-02-23 17:30,Normal,38.74,325,12590.5,-968.5,-7.69,0,19.5,0.15,-968.5,-7.69,1635.27,16.35,3
12,Exit long,2022-02-24 19:30,Normal,35.04,343,11620.84,397.88,3.42,0,397.88,3.42,-246.96,-2.13,2033.15,20.33,3
12,Entry long,2022-02-24 16:30,Normal,33.88,343,11620.84,397.88,3.42,0,397.88,3.42,-246.96,-2.13,2033.15,20.33,3
13,Exit long,2022-02-25 16:30,Normal,39.88,311,11995.27,407.41,3.40,0,407.41,3.40,-146.17,-1.22,2440.56,24.41,1
13,Entry long,2022-02-25 15:30,Normal,38.57,311,11995.27,407.41,3.40,0,407.41,3.40,-146.17,-1.22,2440.56,24.41,1
14,Exit long,2022-03-03 16:30,Normal,36.23,316,12403,-954.32,-7.69,0,129.56,1.04,-954.32,-7.69,1486.24,14.86,5
14,Entry long,2022-03-02 18:30,Normal,39.25,316,12403,-954.32,-7.69,0,129.56,1.04,-954.32,-7.69,1486.24,14.86,5
15,Exit long,2022-03-07 16:30,Normal,31.14,340,11468.2,-880.6,-7.68,0,278.8,2.43,-880.6,-7.68,605.64,6.06,2
15,Entry long,2022-03-04 21:30,Normal,33.73,340,11468.2,-880.6,-7.68,0,278.8,2.43,-880.6,-7.68,605.64,6.06,2
16,Exit long,2022-03-08 17:30,Normal,29.71,369,10601.37,361.62,3.41,0,361.62,3.41,-228.78,-2.16,967.26,9.67,1
16,Entry long,2022-03-08 16:30,Normal,28.73,369,10601.37,361.62,3.41,0,361.62,3.41,-228.78,-2.16,967.26,9.67,1
17,Exit long,2022-03-09 18:30,Normal,33.93,334,10958.54,374.08,3.41,0,374.08,3.41,-13.36,-0.12,1341.34,13.41,2
17,Entry long,2022-03-09 16:30,Normal,32.81,334,10958.54,374.08,3.41,0,374.08,3.41,-13.36,-0.12,1341.34,13.41,2
18,Exit long,2022-03-15 14:30,Normal,27.92,420,11340,386.4,3.41,0,386.4,3.41,0,0.00,1727.74,17.28,1
18,Entry long,2022-03-14 20:30,Normal,27,420,11340,386.4,3.41,0,386.4,3.41,0,0.00,1727.74,17.28,1
19,Exit long,2022-03-16 18:30,Normal,31.8,340,11713,-901,-7.69,0,57.8,0.49,-901,-7.69,826.74,8.27,3
19,Entry long,2022-03-16 15:30,Normal,34.45,340,11713,-901,-7.69,0,57.8,0.49,-901,-7.69,826.74,8.27,3
20,Exit long,2022-03-18 19:30,Normal,38.2,293,10823.42,369.18,3.41,0,369.18,3.41,-290.07,-2.68,1195.92,11.96,5
20,Entry long,2022-03-18 14:30,Normal,36.94,293,10823.42,369.18,3.41,0,369.18,3.41,-290.07,-2.68,1195.92,11.96,5
21,Exit long,2022-03-22 14:30,Normal,39.06,296,11179.92,381.84,3.42,0,381.84,3.42,-76.96,-0.69,1577.76,15.78,1
21,Entry long,2022-03-21 20:30,Normal,37.77,296,11179.92,381.84,3.42,0,381.84,3.42,-76.96,-0.69,1577.76,15.78,1
22,Exit long,2022-03-24 15:30,Normal,38.2,313,11562.22,394.38,3.41,0,394.38,3.41,-59.47,-0.51,1972.14,19.72,1
22,Entry long,2022-03-24 14:30,Normal,36.94,313,11562.22,394.38,3.41,0,394.38,3.41,-59.47,-0.51,1972.14,19.72,1
23,Exit long,2022-03-28 21:30,Normal,41.16,300,11940,408,3.42,0,408,3.42,-33,-0.28,2380.14,23.80,2
23,Entry long,2022-03-28 19:30,Normal,39.8,300,11940,408,3.42,0,408,3.42,-33,-0.28,2380.14,23.80,2
24,Exit long,2022-03-29 20:30,Normal,44.17,289,12343.19,421.94,3.42,0,421.94,3.42,-176.29,-1.43,2802.08,28.02,5
24,Entry long,2022-03-29 15:30,Normal,42.71,289,12343.19,421.94,3.42,0,421.94,3.42,-176.29,-1.43,2802.08,28.02,5
25,Exit long,2022-04-04 15:30,Normal,35.82,369,12778.47,439.11,3.44,0,439.11,3.44,-243.54,-1.91,3241.19,32.41,3
25,Entry long,2022-04-01 19:30,Normal,34.63,369,12778.47,439.11,3.44,0,439.11,3.44,-243.54,-1.91,3241.19,32.41,3
26,Exit long,2022-04-06 19:30,Normal,30.44,449,13214.07,453.49,3.43,0,453.49,3.43,-35.92,-0.27,3694.68,36.95,1
26,Entry long,2022-04-06 18:30,Normal,29.43,449,13214.07,453.49,3.43,0,453.49,3.43,-35.92,-0.27,3694.68,36.95,1
27,Exit long,2022-04-07 20:30,Normal,29.99,472,13688,467.28,3.41,0,467.28,3.41,-155.76,-1.14,4161.96,41.62,2
27,Entry long,2022-04-07 18:30,Normal,29,472,13688,467.28,3.41,0,467.28,3.41,-155.76,-1.14,4161.96,41.62,2
28,Exit long,2022-04-12 15:30,Normal,27.22,539,14148.75,522.83,3.70,0,522.83,3.70,-355.74,-2.51,4684.79,46.85,4
28,Entry long,2022-04-11 18:30,Normal,26.25,539,14148.75,522.83,3.70,0,522.83,3.70,-355.74,-2.51,4684.79,46.85,4
29,Exit long,2022-04-14 20:30,Normal,25.42,533,14678.82,-1129.96,-7.70,0,95.94,0.65,-1129.96,-7.70,3554.83,35.55,11
29,Entry long,2022-04-13 16:30,Normal,27.54,533,14678.82,-1129.96,-7.70,0,95.94,0.65,-1129.96,-7.70,3554.83,35.55,11
30,Exit long,2022-04-18 19:30,Normal,26.77,523,13540.47,460.24,3.40,0,460.24,3.40,-324.26,-2.39,4015.07,40.15,3
30,Entry long,2022-04-18 16:30,Normal,25.89,523,13540.47,460.24,3.40,0,460.24,3.40,-324.26,-2.39,4015.07,40.15,3
31,Exit long,2022-04-20 15:30,Normal,29.18,509,14002.59,850.03,6.07,0,850.03,6.07,-193.42,-1.38,4865.1,48.65,5
31,Entry long,2022-04-19 17:30,Normal,27.51,509,14002.59,850.03,6.07,0,850.03,6.07,-193.42,-1.38,4865.1,48.65,5
32,Exit long,2022-04-21 18:30,Normal,26.46,518,14845.88,-1139.6,-7.68,0,119.14,0.80,-1139.6,-7.68,3725.5,37.26,3
32,Entry long,2022-04-21 15:30,Normal,28.66,518,14845.88,-1139.6,-7.68,0,119.14,0.80,-1139.6,-7.68,3725.5,37.26,3
33,Exit long,2022-04-25 21:30,Normal,24.78,572,13705.12,469.04,3.42,0,469.04,3.42,-223.08,-1.63,4194.54,41.95,4
33,Entry long,2022-04-25 17:30,Normal,23.96,572,13705.12,469.04,3.42,0,469.04,3.42,-223.08,-1.63,4194.54,41.95,4
34,Exit long,2022-04-27 15:30,Normal,20.99,620,14191.8,-1178,-8.30,0,43.4,0.31,-1178,-8.30,3016.54,30.17,5
34,Entry long,2022-04-26 17:30,Normal,22.89,620,14191.8,-1178,-8.30,0,43.4,0.31,-1178,-8.30,3016.54,30.17,5
35,Exit long,2022-04-28 16:30,Normal,22.76,591,13002,449.16,3.45,0,449.16,3.45,-147.75,-1.14,3465.7,34.66,1
35,Entry long,2022-04-28 15:30,Normal,22,591,13002,449.16,3.45,0,449.16,3.45,-147.75,-1.14,3465.7,34.66,1
36,Exit long,2022-05-02 21:30,Normal,23.39,595,13458.9,458.15,3.40,0,458.15,3.40,-862.75,-6.41,3923.85,39.24,4
36,Entry long,2022-05-02 17:30,Normal,22.62,595,13458.9,458.15,3.40,0,458.15,3.40,-862.75,-6.41,3923.85,39.24,4
37,Exit long,2022-05-04 20:30,Normal,25.05,574,13902.28,476.42,3.43,0,476.42,3.43,-912.66,-6.56,4400.27,44.00,11
37,Entry long,2022-05-03 16:30,Normal,24.22,574,13902.28,476.42,3.43,0,476.42,3.43,-912.66,-6.56,4400.27,44.00,11
38,Exit long,2022-05-10 15:30,Normal,20.9,712,14382.4,498.4,3.47,0,498.4,3.47,-1025.28,-7.13,4898.67,48.99,5
38,Entry long,2022-05-09 17:30,Normal,20.2,712,14382.4,498.4,3.47,0,498.4,3.47,-1025.28,-7.13,4898.67,48.99,5
39,Exit long,2022-05-12 20:30,Normal,17.49,786,14894.7,-1147.56,-7.70,0,70.74,0.47,-1147.56,-7.70,3751.11,37.51,4
39,Entry long,2022-05-12 16:30,Normal,18.95,786,14894.7,-1147.56,-7.70,0,70.74,0.47,-1147.56,-7.70,3751.11,37.51,4
40,Exit long,2022-05-17 15:30,Normal,22.44,633,13729.77,474.75,3.46,0,474.75,3.46,-689.97,-5.03,4225.86,42.26,3
40,Entry long,2022-05-16 19:30,Normal,21.69,633,13729.77,474.75,3.46,0,474.75,3.46,-689.97,-5.03,4225.86,42.26,3
41,Exit long,2022-05-20 20:30,Normal,18.21,807,14211.27,484.2,3.41,0,484.2,3.41,-177.54,-1.25,4710.06,47.10,1
41,Entry long,2022-05-20 19:30,Normal,17.61,807,14211.27,484.2,3.41,0,484.2,3.41,-177.54,-1.25,4710.06,47.10,1
42,Exit long,2022-05-23 17:30,Normal,19.97,761,14694.91,502.26,3.42,0,502.26,3.42,-312.01,-2.12,5212.32,52.12,2
42,Entry long,2022-05-23 15:30,Normal,19.31,761,14694.91,502.26,3.42,0,502.26,3.42,-312.01,-2.12,5212.32,52.12,2
43,Exit long,2022-05-25 20:30,Normal,19.8,794,15197.16,524.04,3.45,0,524.04,3.45,-452.58,-2.98,5736.36,57.36,5
43,Entry long,2022-05-25 15:30,Normal,19.14,794,15197.16,524.04,3.45,0,524.04,3.45,-452.58,-2.98,5736.36,57.36,5
44,Exit long,2022-05-27 15:30,Normal,22.91,734,15729.62,1086.32,6.91,0,1086.32,6.91,-168.82,-1.07,6822.68,68.23,6
44,Entry long,2022-05-26 16:30,Normal,21.43,734,15729.62,1086.32,6.91,0,1086.32,6.91,-168.82,-1.07,6822.68,68.23,6
45,Exit long,2022-06-02 20:30,Normal,25.27,688,16807.84,577.92,3.44,0,577.92,3.44,-151.36,-0.90,7400.6,74.01,4
45,Entry long,2022-06-02 16:30,Normal,24.43,688,16807.84,577.92,3.44,0,577.92,3.44,-151.36,-0.90,7400.6,74.01,4
46,Exit long,2022-06-09 15:30,Normal,21.69,738,17379.9,-1372.68,-7.90,0,339.48,1.95,-1372.68,-7.90,6027.92,60.28,11
46,Entry long,2022-06-07 18:30,Normal,23.55,738,17379.9,-1372.68,-7.90,0,339.48,1.95,-1372.68,-7.90,6027.92,60.28,11
47,Exit long,2022-06-10 19:30,Normal,19.06,869,16015.67,547.47,3.42,0,547.47,3.42,-86.9,-0.54,6575.39,65.75,2
47,Entry long,2022-06-10 17:30,Normal,18.43,869,16015.67,547.47,3.42,0,547.47,3.42,-86.9,-0.54,6575.39,65.75,2
48,Exit long,2022-06-15 15:30,Normal,16.09,1065,16571.4,564.45,3.41,0,564.45,3.41,-841.35,-5.08,7139.84,71.40,11
48,Entry long,2022-06-13 18:30,Normal,15.56,1065,16571.4,564.45,3.41,0,564.45,3.41,-841.35,-5.08,7139.84,71.40,11
49,Exit long,2022-06-17 15:30,Normal,13.59,1304,17134.56,586.8,3.42,0,586.8,3.42,-39.12,-0.23,7726.64,77.27,1
49,Entry long,2022-06-16 21:30,Normal,13.14,1304,17134.56,586.8,3.42,0,586.8,3.42,-39.12,-0.23,7726.64,77.27,1
50,Exit long,2022-06-23 15:30,Normal,13.52,1210,17726.5,-1367.3,-7.71,0,133.1,0.75,-1367.3,-7.71,6359.34,63.59,13
50,Entry long,2022-06-21 16:30,Normal,14.65,1210,17726.5,-1367.3,-7.71,0,133.1,0.75,-1367.3,-7.71,6359.34,63.59,13
51,Exit long,2022-06-27 15:30,Normal,15.84,1087,16348.48,869.6,5.32,0,869.6,5.32,-108.7,-0.66,7228.94,72.29,6
51,Entry long,2022-06-24 16:30,Normal,15.04,1087,16348.48,869.6,5.32,0,869.6,5.32,-108.7,-0.66,7228.94,72.29,6
52,Exit long,2022-07-01 15:30,Normal,11.99,1313,17226.56,-1483.69,-8.61,0,249.47,1.45,-1483.69,-8.61,5745.25,57.45,4
52,Entry long,2022-06-30 18:30,Normal,13.12,1313,17226.56,-1483.69,-8.61,0,249.47,1.45,-1483.69,-8.61,5745.25,57.45,4
53,Exit long,2022-07-05 20:30,Normal,11.35,1435,15741.95,545.3,3.46,0,545.3,3.46,-344.4,-2.19,6290.55,62.91,3
53,Entry long,2022-07-05 17:30,Normal,10.97,1435,15741.95,545.3,3.46,0,545.3,3.46,-344.4,-2.19,6290.55,62.91,3
54,Exit long,2022-07-06 19:30,Normal,11.89,1416,16284,552.24,3.39,0,552.24,3.39,-155.76,-0.96,6842.79,68.43,3
54,Entry long,2022-07-06 16:30,Normal,11.5,1416,16284,552.24,3.39,0,552.24,3.39,-155.76,-0.96,6842.79,68.43,3
55,Exit long,2022-07-07 19:30,Normal,13.43,1297,16835.06,583.65,3.47,0,583.65,3.47,-90.79,-0.54,7426.44,74.26,3
55,Entry long,2022-07-07 16:30,Normal,12.98,1297,16835.06,583.65,3.47,0,583.65,3.47,-90.79,-0.54,7426.44,74.26,3
56,Exit long,2022-07-13 15:30,Normal,11.88,1340,17420,-1500.8,-8.62,0,80.4,0.46,-1500.8,-8.62,5925.64,59.26,6
56,Entry long,2022-07-12 16:30,Normal,13,1340,17420,-1500.8,-8.62,0,80.4,0.46,-1500.8,-8.62,5925.64,59.26,6
57,Exit long,2022-07-15 21:30,Normal,14.67,1123,15924.14,550.27,3.46,0,550.27,3.46,-314.44,-1.97,6475.91,64.76,6
57,Entry long,2022-07-15 15:30,Normal,14.18,1123,15924.14,550.27,3.46,0,550.27,3.46,-314.44,-1.97,6475.91,64.76,6
58,Exit long,2022-07-18 17:30,Normal,15.71,1084,16465.96,563.68,3.42,0,563.68,3.42,-32.52,-0.20,7039.59,70.40,2
58,Entry long,2022-07-18 15:30,Normal,15.19,1084,16465.96,563.68,3.42,0,563.68,3.42,-32.52,-0.20,7039.59,70.40,2
59,Exit long,2022-07-20 15:30,Normal,17.05,1033,17023.84,588.81,3.46,0,588.81,3.46,-444.19,-2.61,7628.4,76.28,1
59,Entry long,2022-07-19 21:30,Normal,16.48,1033,17023.84,588.81,3.46,0,588.81,3.46,-444.19,-2.61,7628.4,76.28,1
60,Exit long,2022-07-27 15:30,Normal,17.38,1049,17623.2,608.42,3.45,0,608.42,3.45,-1049,-5.95,8236.82,82.37,8
60,Entry long,2022-07-25 21:30,Normal,16.8,1049,17623.2,608.42,3.45,0,608.42,3.45,-1049,-5.95,8236.82,82.37,8
61,Exit long,2022-07-29 18:30,Normal,19,992,18223.04,624.96,3.43,0,624.96,3.43,-555.52,-3.05,8861.78,88.62,8
61,Entry long,2022-07-28 17:30,Normal,18.37,992,18223.04,624.96,3.43,0,624.96,3.43,-555.52,-3.05,8861.78,88.62,8
62,Exit long,2022-08-03 18:30,Normal,20.41,955,18842.15,649.4,3.45,0,649.4,3.45,-1098.25,-5.83,9511.18,95.11,16
62,Entry long,2022-08-01 16:30,Normal,19.73,955,18842.15,649.4,3.45,0,649.4,3.45,-1098.25,-5.83,9511.18,95.11,16
63,Exit long,2022-08-08 17:30,Normal,19.47,924,19496.4,-1506.12,-7.73,0,489.72,2.51,-1506.12,-7.73,8005.06,80.05,16
63,Entry long,2022-08-04 15:30,Normal,21.1,924,19496.4,-1506.12,-7.73,0,489.72,2.51,-1506.12,-7.73,8005.06,80.05,16
64,Exit long,2022-08-10 15:30,Normal,18.54,1048,17994.16,1435.76,7.98,0,1435.76,7.98,0,0.00,9440.82,94.41,1
64,Entry long,2022-08-09 21:30,Normal,17.17,1048,17994.16,1435.76,7.98,0,1435.76,7.98,0,0.00,9440.82,94.41,1
65,Exit long,2022-08-12 16:30,Normal,20.62,975,19431.75,672.75,3.46,0,672.75,3.46,-770.25,-3.96,10113.57,101.14,7
65,Entry long,2022-08-11 16:30,Normal,19.93,975,19431.75,672.75,3.46,0,672.75,3.46,-770.25,-3.96,10113.57,101.14,7
66,Exit long,2022-08-17 15:30,Normal,19.37,958,20108.42,-1551.96,-7.72,0,344.88,1.72,-1551.96,-7.72,8561.61,85.62,11
66,Entry long,2022-08-15 18:30,Normal,20.99,958,20108.42,-1551.96,-7.72,0,344.88,1.72,-1551.96,-7.72,8561.61,85.62,11
67,Exit long,2022-08-18 16:30,Normal,20.48,937,18552.6,637.16,3.43,0,637.16,3.43,-93.7,-0.51,9198.77,91.99,1
67,Entry long,2022-08-18 15:30,Normal,19.8,937,18552.6,637.16,3.43,0,637.16,3.43,-93.7,-0.51,9198.77,91.99,1
68,Exit long,2022-08-25 15:30,Normal,17.8,1115,19189.15,657.85,3.43,0,657.85,3.43,-1003.5,-5.23,9856.62,98.57,14
68,Entry long,2022-08-23 15:30,Normal,17.21,1115,19189.15,657.85,3.43,0,657.85,3.43,-1003.5,-5.23,9856.62,98.57,14
69,Exit long,2022-09-01 15:30,Normal,12.66,1409,19852.81,-2014.87,-10.15,0,267.71,1.35,-2014.87,-10.15,7841.75,78.42,8
69,Entry long,2022-08-30 21:30,Normal,14.09,1409,19852.81,-2014.87,-10.15,0,267.71,1.35,-2014.87,-10.15,7841.75,78.42,8
70,Exit long,2022-09-02 19:30,Normal,12.38,1330,17835.3,-1369.9,-7.68,0,438.9,2.46,-1369.9,-7.68,6471.85,64.72,4
70,Entry long,2022-09-02 15:30,Normal,13.41,1330,17835.3,-1369.9,-7.68,0,438.9,2.46,-1369.9,-7.68,6471.85,64.72,4
71,Exit long,2022-09-07 20:30,Normal,12.76,1334,16461.56,560.28,3.40,0,560.28,3.40,-226.78,-1.38,7032.13,70.32,4
71,Entry long,2022-09-07 16:30,Normal,12.34,1334,16461.56,560.28,3.40,0,560.28,3.40,-226.78,-1.38,7032.13,70.32,4
72,Exit long,2022-09-09 15:30,Normal,13.86,1278,17022.96,690.12,4.05,0,690.12,4.05,-920.16,-5.41,7722.25,77.22,6
72,Entry long,2022-09-08 16:30,Normal,13.32,1278,17022.96,690.12,4.05,0,690.12,4.05,-920.16,-5.41,7722.25,77.22,6
73,Exit long,2022-09-13 15:30,Normal,12.81,1222,17719,-2065.18,-11.66,0,85.54,0.48,-2065.18,-11.66,5657.07,56.57,7
73,Entry long,2022-09-12 15:30,Normal,14.5,1222,17719,-2065.18,-11.66,0,85.54,0.48,-2065.18,-11.66,5657.07,56.57,7
74,Exit long,2022-09-16 15:30,Normal,11.15,1291,15646.92,-1252.27,-8.00,0,322.75,2.06,-1252.27,-8.00,4404.8,44.05,13
74,Entry long,2022-09-14 16:30,Normal,12.12,1291,15646.92,-1252.27,-8.00,0,322.75,2.06,-1252.27,-8.00,4404.8,44.05,13
75,Exit long,2022-09-21 20:30,Normal,12.24,1217,14397.11,498.97,3.47,0,498.97,3.47,-827.56,-5.75,4903.77,49.04,19
75,Entry long,2022-09-19 15:30,Normal,11.83,1217,14397.11,498.97,3.47,0,498.97,3.47,-827.56,-5.75,4903.77,49.04,19
76,Exit long,2022-09-26 15:30,Normal,10.07,1531,14896.63,520.54,3.49,0,520.54,3.49,-168.41,-1.13,5424.31,54.24,1
76,Entry long,2022-09-23 21:30,Normal,9.73,1531,14896.63,520.54,3.49,0,520.54,3.49,-168.41,-1.13,5424.31,54.24,1
77,Exit long,2022-09-28 17:30,Normal,9.89,1613,15420.28,532.29,3.45,0,532.29,3.45,-645.2,-4.18,5956.6,59.57,8
77,Entry long,2022-09-27 16:30,Normal,9.56,1613,15420.28,532.29,3.45,0,532.29,3.45,-645.2,-4.18,5956.6,59.57,8
78,Exit long,2022-09-30 16:30,Normal,9.32,1770,15947.7,548.7,3.44,0,548.7,3.44,-601.8,-3.77,6505.3,65.05,2
78,Entry long,2022-09-29 21:30,Normal,9.01,1770,15947.7,548.7,3.44,0,548.7,3.44,-601.8,-3.77,6505.3,65.05,2
79,Exit long,2022-10-04 15:30,Normal,10.34,1733,16498.16,1421.06,8.61,0,1421.06,8.61,-398.59,-2.42,7926.36,79.26,6
79,Entry long,2022-10-03 16:30,Normal,9.52,1733,16498.16,1421.06,8.61,0,1421.06,8.61,-398.59,-2.42,7926.36,79.26,6
80,Exit long,2022-10-06 15:30,Normal,11.4,1626,17918.52,617.88,3.45,0,617.88,3.45,-146.34,-0.82,8544.24,85.44,4
80,Entry long,2022-10-05 18:30,Normal,11.02,1626,17918.52,617.88,3.45,0,617.88,3.45,-146.34,-0.82,8544.24,85.44,4
81,Exit long,2022-10-11 15:30,Normal,7.35,2326,18538.22,-1442.12,-7.78,0,558.24,3.01,-1442.12,-7.78,7102.12,71.02,3
81,Entry long,2022-10-10 19:30,Normal,7.97,2326,18538.22,-1442.12,-7.78,0,558.24,3.01,-1442.12,-7.78,7102.12,71.02,3
82,Exit long,2022-10-13 18:30,Normal,7.66,2307,17094.87,576.75,3.37,0,576.75,3.37,-69.21,-0.40,7678.87,76.79,1
82,Entry long,2022-10-13 17:30,Normal,7.41,2307,17094.87,576.75,3.37,0,576.75,3.37,-69.21,-0.40,7678.87,76.79,1
83,Exit long,2022-10-18 15:30,Normal,7.84,2448,17674.56,1517.76,8.59,0,1517.76,8.59,-318.24,-1.80,9196.63,91.97,6
83,Entry long,2022-10-17 16:30,Normal,7.22,2448,17674.56,1517.76,8.59,0,1517.76,8.59,-318.24,-1.80,9196.63,91.97,6
84,Exit long,2022-10-20 15:30,Normal,7.84,2532,19192.56,658.32,3.43,0,658.32,3.43,-1114.08,-5.80,9854.95,98.55,7
84,Entry long,2022-10-19 15:30,Normal,7.58,2532,19192.56,658.32,3.43,0,658.32,3.43,-1114.08,-5.80,9854.95,98.55,7
85,Exit long,2022-10-21 17:30,Normal,8.12,2532,19850.88,708.96,3.57,0,708.96,3.57,0,0.00,10563.91,105.64,1
85,Entry long,2022-10-21 16:30,Normal,7.84,2532,19850.88,708.96,3.57,0,708.96,3.57,0,0.00,10563.91,105.64,1
86,Exit long,2022-10-25 15:30,Normal,8.71,2445,20562.45,733.5,3.57,0,733.5,3.57,-391.2,-1.90,11297.41,112.97,5
86,Entry long,2022-10-24 17:30,Normal,8.41,2445,20562.45,733.5,3.57,0,733.5,3.57,-391.2,-1.90,11297.41,112.97,5
87,Exit long,2022-10-28 16:30,Normal,9.03,2439,21292.47,731.7,3.44,0,731.7,3.44,-170.73,-0.80,12029.11,120.29,1
87,Entry long,2022-10-28 15:30,Normal,8.73,2439,21292.47,731.7,3.44,0,731.7,3.44,-170.73,-0.80,12029.11,120.29,1
88,Exit long,2022-11-02 18:30,Normal,9.3,2450,22025.5,759.5,3.45,0,759.5,3.45,-465.5,-2.11,12788.61,127.89,3
88,Entry long,2022-11-02 15:30,Normal,8.99,2450,22025.5,759.5,3.45,0,759.5,3.45,-465.5,-2.11,12788.61,127.89,3
89,Exit long,2022-11-10 20:30,Normal,11.56,2040,22786.8,795.6,3.49,0,795.6,3.49,-224.4,-0.98,13584.21,135.84,3
89,Entry long,2022-11-10 17:30,Normal,11.17,2040,22786.8,795.6,3.49,0,795.6,3.49,-224.4,-0.98,13584.21,135.84,3
90,Exit long,2022-11-18 15:30,Normal,12.67,1942,23575.88,1029.26,4.37,0,1029.26,4.37,-602.02,-2.55,14613.47,146.13,4
90,Entry long,2022-11-17 18:30,Normal,12.14,1942,23575.88,1029.26,4.37,0,1029.26,4.37,-602.02,-2.55,14613.47,146.13,4
91,Exit long,2022-11-22 16:30,Normal,12.01,2120,24613.2,848,3.45,0,848,3.45,-106,-0.43,15461.47,154.61,4
91,Entry long,2022-11-21 19:30,Normal,11.61,2120,24613.2,848,3.45,0,848,3.45,-106,-0.43,15461.47,154.61,4
92,Exit long,2022-11-30 19:30,Normal,12.2,2157,25452.6,862.8,3.39,0,862.8,3.39,-1272.63,-5.00,16324.27,163.24,11
92,Entry long,2022-11-29 15:30,Normal,11.8,2157,25452.6,862.8,3.39,0,862.8,3.39,-1272.63,-5.00,16324.27,163.24,11
93,Exit long,2022-12-06 15:30,Normal,11.72,2071,26322.41,-2050.29,-7.79,0,227.81,0.87,-2050.29,-7.79,14273.98,142.74,8
93,Entry long,2022-12-02 21:30,Normal,12.71,2071,26322.41,-2050.29,-7.79,0,227.81,0.87,-2050.29,-7.79,14273.98,142.74,8
94,Exit long,2022-12-08 15:30,Normal,11.72,2142,24268.86,835.38,3.44,0,835.38,3.44,-342.72,-1.41,15109.36,151.09,7
94,Entry long,2022-12-07 15:30,Normal,11.33,2142,24268.86,835.38,3.44,0,835.38,3.44,-342.72,-1.41,15109.36,151.09,7
95,Exit long,2022-12-13 15:30,Normal,14.34,2033,25107.55,4045.67,16.11,0,4045.67,16.11,-1423.1,-5.67,19155.03,191.55,14
95,Entry long,2022-12-09 15:30,Normal,12.35,2033,25107.55,4045.67,16.11,0,4045.67,16.11,-1423.1,-5.67,19155.03,191.55,14
96,Exit long,2022-12-14 20:30,Normal,12.5,2153,29151.62,-2239.12,-7.68,0,86.12,0.30,-2239.12,-7.68,16915.91,169.16,5
96,Entry long,2022-12-14 15:30,Normal,13.54,2153,29151.62,-2239.12,-7.68,0,86.12,0.30,-2239.12,-7.68,16915.91,169.16,5
97,Exit long,2022-12-21 19:30,Normal,11.01,2527,26912.55,909.72,3.38,0,909.72,3.38,-1768.9,-6.57,17825.63,178.26,21
97,Entry long,2022-12-16 19:30,Normal,10.65,2527,26912.55,909.72,3.38,0,909.72,3.38,-1768.9,-6.57,17825.63,178.26,21
98,Exit long,2022-12-29 15:30,Normal,9.08,3172,27818.44,983.32,3.53,0,983.32,3.53,-666.12,-2.39,18808.95,188.09,4
98,Entry long,2022-12-28 18:30,Normal,8.77,3172,27818.44,983.32,3.53,0,983.32,3.53,-666.12,-2.39,18808.95,188.09,4
99,Exit long,2023-01-03 15:30,Normal,9.94,3038,28800.24,1397.48,4.85,0,1397.48,4.85,0,0.00,20206.43,202.06,1
99,Entry long,2022-12-30 21:30,Normal,9.48,3038,28800.24,1397.48,4.85,0,1397.48,4.85,0,0.00,20206.43,202.06,1
100,Exit long,2023-01-04 17:30,Normal,9.84,3176,30203.76,1048.08,3.47,0,1048.08,3.47,-412.88,-1.37,21254.51,212.55,2
100,Entry long,2023-01-04 15:30,Normal,9.51,3176,30203.76,1048.08,3.47,0,1048.08,3.47,-412.88,-1.37,21254.51,212.55,2
101,Exit long,2023-01-06 16:30,Normal,10.03,3222,31253.4,1063.26,3.40,0,1063.26,3.40,0,0.00,22317.77,223.18,1
101,Entry long,2023-01-06 15:30,Normal,9.7,3222,31253.4,1063.26,3.40,0,1063.26,3.40,0,0.00,22317.77,223.18,1
102,Exit long,2023-01-11 21:30,Normal,12.09,2764,32311.16,1105.6,3.42,0,1105.6,3.42,-773.92,-2.40,23423.37,234.23,9
102,Entry long,2023-01-10 19:30,Normal,11.69,2764,32311.16,1105.6,3.42,0,1105.6,3.42,-773.92,-2.40,23423.37,234.23,9
103,Exit long,2023-01-12 17:30,Normal,12.59,2746,33418.82,1153.32,3.45,0,1153.32,3.45,-659.04,-1.97,24576.69,245.77,2
103,Entry long,2023-01-12 15:30,Normal,12.17,2746,33418.82,1153.32,3.45,0,1153.32,3.45,-659.04,-1.97,24576.69,245.77,2
104,Exit long,2023-01-17 15:30,Normal,13,2752,34565.12,1210.88,3.50,0,1210.88,3.50,-165.12,-0.48,25787.57,257.88,3
104,Entry long,2023-01-13 19:30,Normal,12.56,2752,34565.12,1210.88,3.50,0,1210.88,3.50,-165.12,-0.48,25787.57,257.88,3
105,Exit long,2023-01-20 20:30,Normal,12.33,3002,35783.84,1230.82,3.44,0,1230.82,3.44,-1290.86,-3.61,27018.39,270.18,8
105,Entry long,2023-01-19 19:30,Normal,11.92,3002,35783.84,1230.82,3.44,0,1230.82,3.44,-1290.86,-3.61,27018.39,270.18,8
106,Exit long,2023-01-23 18:30,Normal,14.4,2659,37013.28,1276.32,3.45,0,1276.32,3.45,0,0.00,28294.71,282.95,2
106,Entry long,2023-01-23 16:30,Normal,13.92,2659,37013.28,1276.32,3.45,0,1276.32,3.45,0,0.00,28294.71,282.95,2
107,Exit long,2023-01-26 15:30,Normal,14.7,2735,38290,1914.5,5.00,0,1914.5,5.00,-164.1,-0.43,30209.21,302.09,3
107,Entry long,2023-01-25 19:30,Normal,14,2735,38290,1914.5,5.00,0,1914.5,5.00,-164.1,-0.43,30209.21,302.09,3
108,Exit long,2023-02-01 15:30,Normal,14.43,2882,40203.9,1383.36,3.44,0,1383.36,3.44,-461.12,-1.15,31592.57,315.93,6
108,Entry long,2023-01-31 16:30,Normal,13.95,2882,40203.9,1383.36,3.44,0,1383.36,3.44,-461.12,-1.15,31592.57,315.93,6
109,Exit long,2023-02-02 18:30,Normal,17.62,2442,41587.26,1440.78,3.46,0,1440.78,3.46,-390.72,-0.94,33033.35,330.33,3
109,Entry long,2023-02-02 15:30,Normal,17.03,2442,41587.26,1440.78,3.46,0,1440.78,3.46,-390.72,-0.94,33033.35,330.33,3
110,Exit long,2023-02-07 20:30,Normal,16.83,2644,43017.88,1480.64,3.44,0,1480.64,3.44,-1189.8,-2.77,34513.99,345.14,2
110,Entry long,2023-02-07 18:30,Normal,16.27,2644,43017.88,1480.64,3.44,0,1480.64,3.44,-1189.8,-2.77,34513.99,345.14,2
111,Exit long,2023-02-09 15:30,Normal,17.49,2632,44507.12,1526.56,3.43,0,1526.56,3.43,-2368.8,-5.32,36040.55,360.41,7
111,Entry long,2023-02-08 15:30,Normal,16.91,2632,44507.12,1526.56,3.43,0,1526.56,3.43,-2368.8,-5.32,36040.55,360.41,7
112,Exit long,2023-02-13 16:30,Normal,15.95,2985,46028.7,1582.05,3.44,0,1582.05,3.44,-537.3,-1.17,37622.6,376.23,2
112,Entry long,2023-02-10 21:30,Normal,15.42,2985,46028.7,1582.05,3.44,0,1582.05,3.44,-537.3,-1.17,37622.6,376.23,2
113,Exit long,2023-02-17 15:30,Normal,15.44,2846,47613.58,-3671.34,-7.71,0,1366.08,2.87,-3671.34,-7.71,33951.26,339.51,21
113,Entry long,2023-02-14 15:30,Normal,16.73,2846,47613.58,-3671.34,-7.71,0,1366.08,2.87,-3671.34,-7.71,33951.26,339.51,21
114,Exit long,2023-02-23 15:30,Normal,14.81,3219,43939.35,3734.04,8.50,0,3734.04,8.50,-1287.6,-2.93,37685.3,376.85,5
114,Entry long,2023-02-22 17:30,Normal,13.65,3219,43939.35,3734.04,8.50,0,3734.04,8.50,-1287.6,-2.93,37685.3,376.85,5
115,Exit long,2023-02-27 15:30,Normal,14.64,3413,47679.61,2286.71,4.80,0,2286.71,4.80,0,0.00,39972.01,399.72,1
115,Entry long,2023-02-24 21:30,Normal,13.97,3413,47679.61,2286.71,4.80,0,2286.71,4.80,0,0.00,39972.01,399.72,1
116,Exit long,2023-02-28 19:30,Normal,14.92,3465,49965.3,1732.5,3.47,0,1732.5,3.47,-242.55,-0.49,41704.51,417.05,3
116,Entry long,2023-02-28 16:30,Normal,14.42,3465,49965.3,1732.5,3.47,0,1732.5,3.47,-242.55,-0.49,41704.51,417.05,3
117,Exit long,2023-03-03 19:30,Normal,15.2,3517,51699.9,1758.5,3.40,0,1758.5,3.40,-1266.12,-2.45,43463.01,434.63,5
117,Entry long,2023-03-02 21:30,Normal,14.7,3517,51699.9,1758.5,3.40,0,1758.5,3.40,-1266.12,-2.45,43463.01,434.63,5
118,Exit long,2023-03-09 15:30,Normal,15.61,3542,53448.78,1841.84,3.45,0,1841.84,3.45,-247.94,-0.46,45304.85,453.05,7
118,Entry long,2023-03-08 15:30,Normal,15.09,3542,53448.78,1841.84,3.45,0,1841.84,3.45,-247.94,-0.46,45304.85,453.05,7
119,Exit long,2023-03-14 14:30,Normal,14.44,4013,55299.14,2648.58,4.79,0,2648.58,4.79,-1123.64,-2.03,47953.43,479.53,5
119,Entry long,2023-03-13 16:30,Normal,13.78,4013,55299.14,2648.58,4.79,0,2648.58,4.79,-1123.64,-2.03,47953.43,479.53,5
120,Exit long,2023-03-16 14:30,Normal,14.64,4095,57944.25,2006.55,3.46,0,2006.55,3.46,-614.25,-1.06,49959.98,499.60,3
120,Entry long,2023-03-15 18:30,Normal,14.15,4095,57944.25,2006.55,3.46,0,2006.55,3.46,-614.25,-1.06,49959.98,499.60,3
121,Exit long,2023-03-21 14:30,Normal,16.66,3728,59946.24,2162.24,3.61,0,2162.24,3.61,-37.28,-0.06,52122.22,521.22,4
121,Entry long,2023-03-20 17:30,Normal,16.08,3728,59946.24,2162.24,3.61,0,2162.24,3.61,-37.28,-0.06,52122.22,521.22,4
122,Exit long,2023-03-23 15:30,Normal,17.78,3613,62107.47,2131.67,3.43,0,2131.67,3.43,-4696.9,-7.56,54253.89,542.54,4
122,Entry long,2023-03-22 18:30,Normal,17.19,3613,62107.47,2131.67,3.43,0,2131.67,3.43,-4696.9,-7.56,54253.89,542.54,4
123,Exit long,2023-03-28 16:30,Normal,14.71,4033,64245.69,-4920.26,-7.66,0,685.61,1.07,-4920.26,-7.66,49333.63,493.34,4
123,Entry long,2023-03-27 19:30,Normal,15.93,4033,64245.69,-4920.26,-7.66,0,685.61,1.07,-4920.26,-7.66,49333.63,493.34,4
124,Exit long,2023-03-29 20:30,Normal,16.88,3635,59323.2,2035.6,3.43,0,2035.6,3.43,-72.7,-0.12,51369.23,513.69,4
124,Entry long,2023-03-29 16:30,Normal,16.32,3635,59323.2,2035.6,3.43,0,2035.6,3.43,-72.7,-0.12,51369.23,513.69,4
125,Exit long,2023-04-04 20:30,Normal,16.36,3461,61363.53,-4741.57,-7.73,0,830.64,1.35,-4741.57,-7.73,46627.66,466.28,25
125,Entry long,2023-03-30 16:30,Normal,17.73,3461,61363.53,-4741.57,-7.73,0,830.64,1.35,-4741.57,-7.73,46627.66,466.28,25
126,Exit long,2023-04-10 18:30,Normal,15.83,3698,56616.38,1922.96,3.40,0,1922.96,3.40,-1922.96,-3.40,48550.62,485.51,13
126,Entry long,2023-04-05 19:30,Normal,15.31,3698,56616.38,1922.96,3.40,0,1922.96,3.40,-1922.96,-3.40,48550.62,485.51,13
127,Exit long,2023-04-13 15:30,Normal,14.81,3650,58546,-4489.5,-7.67,0,1314,2.24,-4489.5,-7.67,44061.12,440.61,13
127,Entry long,2023-04-11 16:30,Normal,16.04,3650,58546,-4489.5,-7.67,0,1314,2.24,-4489.5,-7.67,44061.12,440.61,13
128,Exit long,2023-04-18 15:30,Normal,15.68,3635,54052.45,2944.35,5.45,0,2944.35,5.45,-399.85,-0.74,47005.47,470.05,4
128,Entry long,2023-04-17 18:30,Normal,14.87,3635,54052.45,2944.35,5.45,0,2944.35,5.45,-399.85,-0.74,47005.47,470.05,4
129,Exit long,2023-04-20 18:30,Normal,15.57,3787,56994.35,1969.24,3.46,0,1969.24,3.46,-605.92,-1.06,48974.71,489.75,3
129,Entry long,2023-04-20 15:30,Normal,15.05,3787,56994.35,1969.24,3.46,0,1969.24,3.46,-605.92,-1.06,48974.71,489.75,3
130,Exit long,2023-04-25 16:30,Normal,13.52,4025,58966.25,-4548.25,-7.71,0,362.25,0.61,-4548.25,-7.71,44426.46,444.26,11
130,Entry long,2023-04-21 19:30,Normal,14.65,4025,58966.25,-4548.25,-7.71,0,362.25,0.61,-4548.25,-7.71,44426.46,444.26,11
131,Exit long,2023-04-28 15:30,Normal,13.63,4129,54420.22,1858.05,3.41,0,1858.05,3.41,-3757.39,-6.90,46284.51,462.85,14
131,Entry long,2023-04-26 15:30,Normal,13.18,4129,54420.22,1858.05,3.41,0,1858.05,3.41,-3757.39,-6.90,46284.51,462.85,14
132,Exit long,2023-05-02 15:30,Normal,14.58,3994,56275.46,1957.06,3.48,0,1957.06,3.48,-79.88,-0.14,48241.57,482.42,7
132,Entry long,2023-05-01 15:30,Normal,14.09,3994,56275.46,1957.06,3.48,0,1957.06,3.48,-79.88,-0.14,48241.57,482.42,7
133,Exit long,2023-05-05 17:30,Normal,13.91,4330,58238.5,1991.8,3.42,0,1991.8,3.42,-1212.4,-2.08,50233.37,502.33,6
133,Entry long,2023-05-04 18:30,Normal,13.45,4330,58238.5,1991.8,3.42,0,1991.8,3.42,-1212.4,-2.08,50233.37,502.33,6
134,Exit long,2023-05-15 21:30,Normal,14.73,4229,60220.96,2072.21,3.44,0,2072.21,3.44,-3890.68,-6.46,52305.58,523.06,39
134,Entry long,2023-05-08 17:30,Normal,14.24,4229,60220.96,2072.21,3.44,0,2072.21,3.44,-3890.68,-6.46,52305.58,523.06,39
135,Exit long,2023-05-17 16:30,Normal,15.47,4167,62296.65,2166.84,3.48,0,2166.84,3.48,-958.41,-1.54,54472.42,544.72,8
135,Entry long,2023-05-16 15:30,Normal,14.95,4167,62296.65,2166.84,3.48,0,2166.84,3.48,-958.41,-1.54,54472.42,544.72,8
136,Exit long,2023-05-24 15:30,Normal,15.57,3770,64467,-5768.1,-8.95,0,1017.9,1.58,-5768.1,-8.95,48704.32,487.04,13
136,Entry long,2023-05-22 16:30,Normal,17.1,3770,64467,-5768.1,-8.95,0,1017.9,1.58,-5768.1,-8.95,48704.32,487.04,13
137,Exit long,2023-05-25 19:30,Normal,18.84,3221,58686.62,1997.02,3.40,0,1997.02,3.40,-450.94,-0.77,50701.34,507.01,3
137,Entry long,2023-05-25 16:30,Normal,18.22,3221,58686.62,1997.02,3.40,0,1997.02,3.40,-450.94,-0.77,50701.34,507.01,3
138,Exit long,2023-05-26 19:30,Normal,22.13,2837,60683.43,2099.38,3.46,0,2099.38,3.46,-28.37,-0.05,52800.72,528.01,3
138,Entry long,2023-05-26 16:30,Normal,21.39,2837,60683.43,2099.38,3.46,0,2099.38,3.46,-28.37,-0.05,52800.72,528.01,3
139,Exit long,2023-06-07 15:30,Normal,22.31,2911,62790.27,2154.14,3.43,0,2154.14,3.43,-4482.94,-7.14,54954.86,549.55,15
139,Entry long,2023-06-02 21:30,Normal,21.57,2911,62790.27,2154.14,3.43,0,2154.14,3.43,-4482.94,-7.14,54954.86,549.55,15
140,Exit long,2023-06-09 15:30,Normal,22.56,2987,64937.38,2449.34,3.77,0,2449.34,3.77,-1194.8,-1.84,57404.2,574.04,4
140,Entry long,2023-06-08 18:30,Normal,21.74,2987,64937.38,2449.34,3.77,0,2449.34,3.77,-1194.8,-1.84,57404.2,574.04,4
141,Exit long,2023-06-12 21:30,Normal,24.15,2886,67388.1,2308.8,3.43,0,2308.8,3.43,0,0.00,59713,597.13,5
141,Entry long,2023-06-12 16:30,Normal,23.35,2886,67388.1,2308.8,3.43,0,2308.8,3.43,0,0.00,59713,597.13,5
142,Exit long,2023-06-22 15:30,Normal,21.87,2890,69706.8,-6502.5,-9.33,0,0,0.00,-6502.5,-9.33,53210.5,532.11,8
142,Entry long,2023-06-20 21:30,Normal,24.12,2890,69706.8,-6502.5,-9.33,0,0,0.00,-6502.5,-9.33,53210.5,532.11,8
143,Exit long,2023-06-26 15:30,Normal,22.25,2937,63204.24,2144.01,3.39,0,2144.01,3.39,-704.88,-1.12,55354.51,553.55,5
143,Entry long,2023-06-23 17:30,Normal,21.52,2937,63204.24,2144.01,3.39,0,2144.01,3.39,-704.88,-1.12,55354.51,553.55,5
144,Exit long,2023-06-30 15:30,Normal,24.17,2796,65342.52,2236.8,3.42,0,2236.8,3.42,0,0.00,57591.31,575.91,1
144,Entry long,2023-06-29 21:30,Normal,23.37,2796,65342.52,2236.8,3.42,0,2236.8,3.42,0,0.00,57591.31,575.91,1
145,Exit long,2023-07-06 15:30,Normal,22.18,2737,67576.53,-6869.87,-10.17,0,930.58,1.38,-6869.87,-10.17,50721.44,507.21,11
145,Entry long,2023-07-03 15:30,Normal,24.69,2737,67576.53,-6869.87,-10.17,0,930.58,1.38,-6869.87,-10.17,50721.44,507.21,11
146,Exit long,2023-07-07 18:30,Normal,23.57,2664,60712.56,2077.92,3.42,0,2077.92,3.42,-399.6,-0.66,52799.36,527.99,3
146,Entry long,2023-07-07 15:30,Normal,22.79,2664,60712.56,2077.92,3.42,0,2077.92,3.42,-399.6,-0.66,52799.36,527.99,3
147,Exit long,2023-07-12 15:30,Normal,24.97,2664,62790.48,3729.6,5.94,0,3729.6,5.94,-1918.08,-3.05,56528.96,565.29,13
147,Entry long,2023-07-10 16:30,Normal,23.57,2664,62790.48,3729.6,5.94,0,3729.6,5.94,-1918.08,-3.05,56528.96,565.29,13
148,Exit long,2023-07-13 20:30,Normal,26.63,2583,66512.25,2273.04,3.42,0,2273.04,3.42,-51.66,-0.08,58802,588.02,5
148,Entry long,2023-07-13 15:30,Normal,25.75,2583,66512.25,2273.04,3.42,0,2273.04,3.42,-51.66,-0.08,58802,588.02,5
149,Exit long,2023-07-17 20:30,Normal,27.99,2541,68784.87,2337.72,3.40,0,2337.72,3.40,-4522.98,-6.58,61139.72,611.40,12
149,Entry long,2023-07-14 15:30,Normal,27.07,2541,68784.87,2337.72,3.40,0,2337.72,3.40,-4522.98,-6.58,61139.72,611.40,12
150,Exit long,2023-07-20 15:30,Normal,25.31,2571,71113.86,-6041.85,-8.50,0,925.56,1.30,-6041.85,-8.50,55097.87,550.98,10
150,Entry long,2023-07-18 19:30,Normal,27.66,2571,71113.86,-6041.85,-8.50,0,925.56,1.30,-6041.85,-8.50,55097.87,550.98,10
151,Exit long,2023-07-21 19:30,Normal,24.97,2695,65084.25,2209.9,3.40,0,2209.9,3.40,-53.9,-0.08,57307.77,573.08,4
151,Entry long,2023-07-21 15:30,Normal,24.15,2695,65084.25,2209.9,3.40,0,2209.9,3.40,-53.9,-0.08,57307.77,573.08,4
152,Exit long,2023-07-25 15:30,Normal,25.27,2755,67304.65,2314.2,3.44,0,2314.2,3.44,0,0.00,59621.97,596.22,1
152,Entry long,2023-07-24 21:30,Normal,24.43,2755,67304.65,2314.2,3.44,0,2314.2,3.44,0,0.00,59621.97,596.22,1
153,Exit long,2023-07-31 15:30,Normal,28.11,2561,69607.98,2381.73,3.42,0,2381.73,3.42,-486.59,-0.70,62003.7,620.04,7
153,Entry long,2023-07-28 15:30,Normal,27.18,2561,69607.98,2381.73,3.42,0,2381.73,3.42,-486.59,-0.70,62003.7,620.04,7
154,Exit long,2023-08-02 15:30,Normal,25.68,2587,71996.21,-5562.05,-7.73,0,931.32,1.29,-5562.05,-7.73,56441.65,564.42,5
154,Entry long,2023-08-01 17:30,Normal,27.83,2587,71996.21,-5562.05,-7.73,0,931.32,1.29,-5562.05,-7.73,56441.65,564.42,5
155,Exit long,2023-08-04 17:30,Normal,25.18,2728,66426.8,2264.24,3.41,0,2264.24,3.41,-1936.88,-2.92,58705.89,587.06,8
155,Entry long,2023-08-03 16:30,Normal,24.35,2728,66426.8,2264.24,3.41,0,2264.24,3.41,-1936.88,-2.92,58705.89,587.06,8
156,Exit long,2023-08-08 15:30,Normal,23.17,2736,68700.96,-5307.84,-7.73,0,328.32,0.48,-5307.84,-7.73,53398.05,533.98,7
156,Entry long,2023-08-07 15:30,Normal,25.11,2736,68700.96,-5307.84,-7.73,0,328.32,0.48,-5307.84,-7.73,53398.05,533.98,7
157,Exit long,2023-08-10 15:30,Normal,23.93,2740,63376.2,2192,3.46,0,2192,3.46,-1452.2,-2.29,55590.05,555.90,4
157,Entry long,2023-08-09 18:30,Normal,23.13,2740,63376.2,2192,3.46,0,2192,3.46,-1452.2,-2.29,55590.05,555.90,4
158,Exit long,2023-08-14 16:30,Normal,21.59,3142,65573.54,2262.24,3.45,0,2262.24,3.45,-1853.78,-2.83,57852.29,578.52,6
158,Entry long,2023-08-11 17:30,Normal,20.87,3142,65573.54,2262.24,3.45,0,2262.24,3.45,-1853.78,-2.83,57852.29,578.52,6
159,Exit long,2023-08-17 15:30,Normal,19.98,3134,67851.1,-5233.78,-7.71,0,470.1,0.69,-5233.78,-7.71,52618.51,526.19,10
159,Entry long,2023-08-15 19:30,Normal,21.65,3134,67851.1,-5233.78,-7.71,0,470.1,0.69,-5233.78,-7.71,52618.51,526.19,10
160,Exit long,2023-08-18 20:30,Normal,19.93,3249,62608.23,2144.34,3.43,0,2144.34,3.43,-552.33,-0.88,54762.85,547.63,4
160,Entry long,2023-08-18 16:30,Normal,19.27,3249,62608.23,2144.34,3.43,0,2144.34,3.43,-552.33,-0.88,54762.85,547.63,4
161,Exit long,2023-08-21 18:30,Normal,20.97,3193,64754.04,2203.17,3.40,0,2203.17,3.40,-478.95,-0.74,56966.02,569.66,3
161,Entry long,2023-08-21 15:30,Normal,20.28,3193,64754.04,2203.17,3.40,0,2203.17,3.40,-478.95,-0.74,56966.02,569.66,3
162,Exit long,2023-08-23 19:30,Normal,22.26,3111,66948.72,2302.14,3.44,0,2302.14,3.44,-3142.11,-4.69,59268.16,592.68,10
162,Entry long,2023-08-22 16:30,Normal,21.52,3111,66948.72,2302.14,3.44,0,2302.14,3.44,-3142.11,-4.69,59268.16,592.68,10
163,Exit long,2023-08-28 15:30,Normal,20.95,3418,69248.68,2358.42,3.41,0,2358.42,3.41,-375.98,-0.54,61626.58,616.27,3
163,Entry long,2023-08-25 19:30,Normal,20.26,3418,69248.68,2358.42,3.41,0,2358.42,3.41,-375.98,-0.54,61626.58,616.27,3
164,Exit long,2023-09-07 15:30,Normal,21.47,3040,71622.4,-6353.6,-8.87,0,1702.4,2.38,-6353.6,-8.87,55272.98,552.73,25
164,Entry long,2023-08-31 18:30,Normal,23.56,3040,71622.4,-6353.6,-8.87,0,1702.4,2.38,-6353.6,-8.87,55272.98,552.73,25
165,Exit long,2023-09-15 16:30,Normal,19.85,3034,65261.34,-5036.44,-7.72,0,1183.26,1.81,-5036.44,-7.72,50236.54,502.37,36
165,Entry long,2023-09-08 15:30,Normal,21.51,3034,65261.34,-5036.44,-7.72,0,1183.26,1.81,-5036.44,-7.72,50236.54,502.37,36
166,Exit long,2023-09-20 21:30,Normal,18.23,3049,60217.75,-4634.48,-7.70,0,182.94,0.30,-4634.48,-7.70,45602.06,456.02,18
166,Entry long,2023-09-18 17:30,Normal,19.75,3049,60217.75,-4634.48,-7.70,0,182.94,0.30,-4634.48,-7.70,45602.06,456.02,18
167,Exit long,2023-09-28 16:30,Normal,18.25,3150,55597.5,1890,3.40,0,1890,3.40,-3276,-5.89,47492.06,474.92,33
167,Entry long,2023-09-21 18:30,Normal,17.65,3150,55597.5,1890,3.40,0,1890,3.40,-3276,-5.89,47492.06,474.92,33
168,Exit long,2023-10-03 19:30,Normal,17.45,3040,57486.4,-4438.4,-7.72,0,1033.6,1.80,-4438.4,-7.72,43053.66,430.54,18
168,Entry long,2023-09-29 15:30,Normal,18.91,3040,57486.4,-4438.4,-7.72,0,1033.6,1.80,-4438.4,-7.72,43053.66,430.54,18
169,Exit long,2023-10-06 16:30,Normal,18.69,2936,53053.52,1820.32,3.43,0,1820.32,3.43,-2084.56,-3.93,44873.98,448.74,14
169,Entry long,2023-10-04 16:30,Normal,18.07,2936,53053.52,1820.32,3.43,0,1820.32,3.43,-2084.56,-3.93,44873.98,448.74,14
170,Exit long,2023-10-12 15:30,Normal,20.79,2728,54860.08,1855.04,3.38,0,1855.04,3.38,-1691.36,-3.08,46729.02,467.29,12
170,Entry long,2023-10-10 17:30,Normal,20.11,2728,54860.08,1855.04,3.38,0,1855.04,3.38,-1691.36,-3.08,46729.02,467.29,12
171,Exit long,2023-10-17 15:30,Normal,18.03,2904,56715.12,-4356,-7.68,0,348.48,0.61,-4356,-7.68,42373.02,423.73,7
171,Entry long,2023-10-16 15:30,Normal,19.53,2904,56715.12,-4356,-7.68,0,348.48,0.61,-4356,-7.68,42373.02,423.73,7
172,Exit long,2023-10-20 16:30,Normal,16.9,2858,52358.56,-4058.36,-7.75,0,828.82,1.58,-4058.36,-7.75,38314.66,383.15,12
172,Entry long,2023-10-18 18:30,Normal,18.32,2858,52358.56,-4058.36,-7.75,0,828.82,1.58,-4058.36,-7.75,38314.66,383.15,12
173,Exit long,2023-10-25 17:30,Normal,15.24,2924,48304.48,-3742.72,-7.75,0,1315.8,2.72,-3742.72,-7.75,34571.94,345.72,15
173,Entry long,2023-10-23 16:30,Normal,16.52,2924,48304.48,-3742.72,-7.75,0,1315.8,2.72,-3742.72,-7.75,34571.94,345.72,15
174,Exit long,2023-11-01 19:30,Normal,15.4,2995,44565.6,1557.4,3.49,0,1557.4,3.49,-3324.45,-7.46,36129.34,361.29,20
174,Entry long,2023-10-27 21:30,Normal,14.88,2995,44565.6,1557.4,3.49,0,1557.4,3.49,-3324.45,-7.46,36129.34,361.29,20
175,Exit long,2023-11-03 14:30,Normal,17.3,2775,46120.5,1887,4.09,0,1887,4.09,-277.5,-0.60,38016.34,380.16,6
175,Entry long,2023-11-02 15:30,Normal,16.62,2775,46120.5,1887,4.09,0,1887,4.09,-277.5,-0.60,38016.34,380.16,6
176,Exit long,2023-11-08 15:30,Normal,18.59,2672,48015.84,1656.64,3.45,0,1656.64,3.45,-561.12,-1.17,39672.98,396.73,8
176,Entry long,2023-11-06 21:30,Normal,17.97,2672,48015.84,1656.64,3.45,0,1656.64,3.45,-561.12,-1.17,39672.98,396.73,8
177,Exit long,2023-11-10 17:30,Normal,19.57,2624,49672.32,1679.36,3.38,0,1679.36,3.38,-2519.04,-5.07,41352.34,413.52,9
177,Entry long,2023-11-09 15:30,Normal,18.93,2624,49672.32,1679.36,3.38,0,1679.36,3.38,-2519.04,-5.07,41352.34,413.52,9
178,Exit long,2023-11-15 15:30,Normal,22.47,2363,51347.99,1748.62,3.41,0,1748.62,3.41,-614.38,-1.20,43100.96,431.01,6
178,Entry long,2023-11-14 16:30,Normal,21.73,2363,51347.99,1748.62,3.41,0,1748.62,3.41,-614.38,-1.20,43100.96,431.01,6
179,Exit long,2023-11-20 15:30,Normal,23.09,2378,53100.74,1807.28,3.40,0,1807.28,3.40,-808.52,-1.52,44908.24,449.08,8
179,Entry long,2023-11-16 21:30,Normal,22.33,2378,53100.74,1807.28,3.40,0,1807.28,3.40,-808.52,-1.52,44908.24,449.08,8
180,Exit long,2023-11-29 15:30,Normal,23.63,2402,54885.7,1873.56,3.41,0,1873.56,3.41,-2978.48,-5.43,46781.8,467.82,24
180,Entry long,2023-11-22 16:30,Normal,22.85,2402,54885.7,1873.56,3.41,0,1873.56,3.41,-2978.48,-5.43,46781.8,467.82,24
181,Exit long,2023-12-08 15:30,Normal,23.15,2536,56781.04,1927.36,3.39,0,1927.36,3.39,-3702.56,-6.52,48709.16,487.09,36
181,Entry long,2023-11-30 21:30,Normal,22.39,2536,56781.04,1927.36,3.39,0,1927.36,3.39,-3702.56,-6.52,48709.16,487.09,36
182,Exit long,2023-12-11 19:30,Normal,25.94,2340,58687.2,2012.4,3.43,0,2012.4,3.43,-655.2,-1.12,50721.56,507.22,3
182,Entry long,2023-12-11 16:30,Normal,25.08,2340,58687.2,2012.4,3.43,0,2012.4,3.43,-655.2,-1.12,50721.56,507.22,3
183,Exit long,2023-12-13 19:30,Normal,26.71,2350,60700.5,2068,3.41,0,2068,3.41,-376,-0.62,52789.56,527.90,11
183,Entry long,2023-12-12 15:30,Normal,25.83,2350,60700.5,2068,3.41,0,2068,3.41,-376,-0.62,52789.56,527.90,11
184,Exit long,2023-12-22 15:30,Normal,30.51,2128,62776,2149.28,3.42,0,2149.28,3.42,-1064,-1.69,54938.84,549.39,6
184,Entry long,2023-12-21 16:30,Normal,29.5,2128,62776,2149.28,3.42,0,2149.28,3.42,-1064,-1.69,54938.84,549.39,6
185,Exit long,2023-12-28 16:30,Normal,32.28,2080,64937.6,2204.8,3.40,0,2204.8,3.40,-436.8,-0.67,57143.64,571.44,15
185,Entry long,2023-12-26 15:30,Normal,31.22,2080,64937.6,2204.8,3.40,0,2204.8,3.40,-436.8,-0.67,57143.64,571.44,15
186,Exit long,2024-01-04 15:30,Normal,24.61,2432,67123.2,-7271.68,-10.83,0,0,0.00,-7271.68,-10.83,49871.96,498.72,8
186,Entry long,2024-01-02 21:30,Normal,27.6,2432,67123.2,-7271.68,-10.83,0,0,0.00,-7271.68,-10.83,49871.96,498.72,8
187,Exit long,2024-01-08 15:30,Normal,26.84,2307,59866.65,2053.23,3.43,0,2053.23,3.43,-1799.46,-3.01,51925.19,519.25,7
187,Entry long,2024-01-05 15:30,Normal,25.95,2307,59866.65,2053.23,3.43,0,2053.23,3.43,-1799.46,-3.01,51925.19,519.25,7
188,Exit long,2024-01-16 16:30,Normal,29.34,2182,61903.34,2116.54,3.42,0,2116.54,3.42,-4320.36,-6.98,54041.73,540.42,26
188,Entry long,2024-01-09 18:30,Normal,28.37,2182,61903.34,2116.54,3.42,0,2116.54,3.42,-4320.36,-6.98,54041.73,540.42,26
189,Exit long,2024-01-18 15:30,Normal,30.26,2287,64036,5168.62,8.07,0,5168.62,8.07,0,0.00,59210.35,592.10,1
189,Entry long,2024-01-17 21:30,Normal,28,2287,64036,5168.62,8.07,0,5168.62,8.07,0,0.00,59210.35,592.10,1
190,Exit long,2024-01-24 15:30,Normal,36.56,2011,69178.4,4343.76,6.28,0,4343.76,6.28,-1367.48,-1.98,63554.11,635.54,14
190,Entry long,2024-01-22 15:30,Normal,34.4,2011,69178.4,4343.76,6.28,0,4343.76,6.28,-1367.48,-1.98,63554.11,635.54,14
191,Exit long,2024-01-31 15:30,Normal,31.13,2180,73531.4,-5668,-7.71,0,1940.2,2.64,-5668,-7.71,57886.11,578.86,12
191,Entry long,2024-01-29 17:30,Normal,33.73,2180,73531.4,-5668,-7.71,0,1940.2,2.64,-5668,-7.71,57886.11,578.86,12
192,Exit long,2024-02-02 15:30,Normal,32.51,2159,67857.37,2331.72,3.44,0,2331.72,3.44,-604.52,-0.89,60217.83,602.18,5
192,Entry long,2024-02-01 17:30,Normal,31.43,2159,67857.37,2331.72,3.44,0,2331.72,3.44,-604.52,-0.89,60217.83,602.18,5
193,Exit long,2024-02-05 18:30,Normal,34.64,2096,70195.04,2410.4,3.43,0,2410.4,3.43,-1173.76,-1.67,62628.23,626.28,3
193,Entry long,2024-02-05 15:30,Normal,33.49,2096,70195.04,2410.4,3.43,0,2410.4,3.43,-1173.76,-1.67,62628.23,626.28,3
194,Exit long,2024-02-08 15:30,Normal,35.82,2096,72605.44,2473.28,3.41,0,2473.28,3.41,-1530.08,-2.11,65101.51,651.02,7
194,Entry long,2024-02-07 15:30,Normal,34.64,2096,72605.44,2473.28,3.41,0,2473.28,3.41,-1530.08,-2.11,65101.51,651.02,7
195,Exit long,2024-02-12 15:30,Normal,39.48,1967,75080.39,2576.77,3.43,0,2576.77,3.43,-196.7,-0.26,67678.28,676.78,5
195,Entry long,2024-02-09 17:30,Normal,38.17,1967,75080.39,2576.77,3.43,0,2576.77,3.43,-196.7,-0.26,67678.28,676.78,5
196,Exit long,2024-02-15 15:30,Normal,39.41,2065,77644,3737.65,4.81,0,3737.65,4.81,-640.15,-0.82,71415.93,714.16,6
196,Entry long,2024-02-14 16:30,Normal,37.6,2065,77644,3737.65,4.81,0,3737.65,4.81,-640.15,-0.82,71415.93,714.16,6
197,Exit long,2024-02-16 16:30,Normal,39.38,2138,81415.04,2779.4,3.41,0,2779.4,3.41,-406.22,-0.50,74195.33,741.95,1
197,Entry long,2024-02-16 15:30,Normal,38.08,2138,81415.04,2779.4,3.41,0,2779.4,3.41,-406.22,-0.50,74195.33,741.95,1
198,Exit long,2024-02-22 15:30,Normal,39.85,2347,84163.42,9364.53,11.13,0,9364.53,11.13,-4201.13,-4.99,83559.86,835.60,8
198,Entry long,2024-02-20 21:30,Normal,35.86,2347,84163.42,9364.53,11.13,0,9364.53,11.13,-4201.13,-4.99,83559.86,835.60,8
199,Exit long,2024-02-29 19:30,Normal,42.06,2299,93523.32,3172.62,3.39,0,3172.62,3.39,-4827.9,-5.16,86732.48,867.32,25
199,Entry long,2024-02-26 15:30,Normal,40.68,2299,93523.32,3172.62,3.39,0,3172.62,3.39,-4827.9,-5.16,86732.48,867.32,25
200,Exit long,2024-03-07 15:30,Normal,51.64,1936,96683.84,3291.2,3.40,0,3291.2,3.40,-2787.84,-2.88,90023.68,900.24,6
200,Entry long,2024-03-06 16:30,Normal,49.94,1936,96683.84,3291.2,3.40,0,3291.2,3.40,-2787.84,-2.88,90023.68,900.24,6
201,Exit long,2024-03-12 15:30,Normal,48.51,2132,100012.12,3411.2,3.41,0,3411.2,3.41,0,0.00,93434.88,934.35,1
201,Entry long,2024-03-12 14:30,Normal,46.91,2132,100012.12,3411.2,3.41,0,3411.2,3.41,0,0.00,93434.88,934.35,1
202,Exit long,2024-03-14 19:30,Normal,42.14,2265,103397.25,-7950.15,-7.69,0,1019.25,0.99,-7950.15,-7.69,85484.73,854.85,8
202,Entry long,2024-03-13 18:30,Normal,45.65,2265,103397.25,-7950.15,-7.69,0,1019.25,0.99,-7950.15,-7.69,85484.73,854.85,8
203,Exit long,2024-03-18 14:30,Normal,44.06,2241,95466.6,3271.86,3.43,0,3271.86,3.43,-1434.24,-1.50,88756.59,887.57,6
203,Entry long,2024-03-15 15:30,Normal,42.6,2241,95466.6,3271.86,3.43,0,3271.86,3.43,-1434.24,-1.50,88756.59,887.57,6
204,Exit long,2024-03-19 17:30,Normal,40.46,2524,98738.88,3382.16,3.43,0,3382.16,3.43,-75.72,-0.08,92138.75,921.39,2
204,Entry long,2024-03-19 15:30,Normal,39.12,2524,98738.88,3382.16,3.43,0,3382.16,3.43,-75.72,-0.08,92138.75,921.39,2
205,Exit long,2024-03-20 19:30,Normal,42.28,2497,102102.33,3470.83,3.40,0,3470.83,3.40,-2047.54,-2.01,95609.58,956.10,5
205,Entry long,2024-03-20 14:30,Normal,40.89,2497,102102.33,3470.83,3.40,0,3470.83,3.40,-2047.54,-2.01,95609.58,956.10,5
206,Exit long,2024-04-01 15:30,Normal,48.26,2262,105567.54,3596.58,3.41,0,3596.58,3.41,-7622.94,-7.22,99206.16,992.06,32
206,Entry long,2024-03-22 17:30,Normal,46.67,2262,105567.54,3596.58,3.41,0,3596.58,3.41,-7622.94,-7.22,99206.16,992.06,32
207,Exit long,2024-04-04 15:30,Normal,47.48,2414,109161.08,5455.64,5.00,0,5455.64,5.00,-3886.54,-3.56,104661.8,1046.62,8
207,Entry long,2024-04-02 21:30,Normal,45.22,2414,109161.08,5455.64,5.00,0,5455.64,5.00,-3886.54,-3.56,104661.8,1046.62,8
208,Exit long,2024-04-09 15:30,Normal,44.79,2647,114641.57,3917.56,3.42,0,3917.56,3.42,-2064.66,-1.80,108579.36,1085.79,12
208,Entry long,2024-04-05 17:30,Normal,43.31,2647,114641.57,3917.56,3.42,0,3917.56,3.42,-2064.66,-1.80,108579.36,1085.79,12
209,Exit long,2024-04-11 18:30,Normal,44.12,2779,118552.14,4057.34,3.42,0,4057.34,3.42,-250.11,-0.21,112636.7,1126.37,3
209,Entry long,2024-04-11 15:30,Normal,42.66,2779,118552.14,4057.34,3.42,0,4057.34,3.42,-250.11,-0.21,112636.7,1126.37,3
210,Exit long,2024-04-16 19:30,Normal,40.56,3126,122601.72,4188.84,3.42,0,4188.84,3.42,-1688.04,-1.38,116825.54,1168.26,5
210,Entry long,2024-04-15 21:30,Normal,39.22,3126,122601.72,4188.84,3.42,0,4188.84,3.42,-1688.04,-1.38,116825.54,1168.26,5
211,Exit long,2024-04-19 15:30,Normal,33.18,3527,126795.65,-9769.79,-7.71,0,317.43,0.25,-9769.79,-7.71,107055.75,1070.56,6
211,Entry long,2024-04-18 16:30,Normal,35.95,3527,126795.65,-9769.79,-7.71,0,317.43,0.25,-9769.79,-7.71,107055.75,1070.56,6
212,Exit long,2024-04-22 18:30,Normal,31.63,3827,117029.66,4018.35,3.43,0,4018.35,3.43,-267.89,-0.23,111074.1,1110.74,2
212,Entry long,2024-04-22 16:30,Normal,30.58,3827,117029.66,4018.35,3.43,0,4018.35,3.43,-267.89,-0.23,111074.1,1110.74,2
213,Exit long,2024-04-24 15:30,Normal,36.41,3600,121068,10008,8.27,0,10008,8.27,-756,-0.62,121082.1,1210.82,6
213,Entry long,2024-04-23 16:30,Normal,33.63,3600,121068,10008,8.27,0,10008,8.27,-756,-0.62,121082.1,1210.82,6
214,Exit long,2024-04-26 15:30,Normal,37.71,3594,131073.18,4456.56,3.40,0,4456.56,3.40,-3881.52,-2.96,125538.66,1255.39,7
214,Entry long,2024-04-25 15:30,Normal,36.47,3594,131073.18,4456.56,3.40,0,4456.56,3.40,-3881.52,-2.96,125538.66,1255.39,7
215,Exit long,2024-05-01 20:30,Normal,36.44,3846,135533.04,4615.2,3.41,0,4615.2,3.41,-4192.14,-3.09,130153.86,1301.54,1
215,Entry long,2024-05-01 19:30,Normal,35.24,3846,135533.04,4615.2,3.41,0,4615.2,3.41,-4192.14,-3.09,130153.86,1301.54,1
216,Exit long,2024-05-02 20:30,Normal,36.3,3992,140119.2,4790.4,3.42,0,4790.4,3.42,-1556.88,-1.11,134944.27,1349.44,4
216,Entry long,2024-05-02 16:30,Normal,35.1,3992,140119.2,4790.4,3.42,0,4790.4,3.42,-1556.88,-1.11,134944.27,1349.44,4
217,Exit long,2024-05-06 15:30,Normal,39.55,3790,144929.6,4964.9,3.43,0,4964.9,3.43,-871.7,-0.60,139909.16,1399.09,6
217,Entry long,2024-05-03 16:30,Normal,38.24,3790,144929.6,4964.9,3.43,0,4964.9,3.43,-871.7,-0.60,139909.16,1399.09,6
218,Exit long,2024-05-10 15:30,Normal,41.21,3761,149875.85,5114.96,3.41,0,5114.96,3.41,-4061.88,-2.71,145024.12,1450.24,8
218,Entry long,2024-05-08 21:30,Normal,39.85,3761,149875.85,5114.96,3.41,0,5114.96,3.41,-4061.88,-2.71,145024.12,1450.24,8
219,Exit long,2024-05-14 20:30,Normal,42.43,3778,155011.34,5289.2,3.41,0,5289.2,3.41,-1964.56,-1.27,150313.31,1503.13,11
219,Entry long,2024-05-13 16:30,Normal,41.03,3778,155011.34,5289.2,3.41,0,5289.2,3.41,-1964.56,-1.27,150313.31,1503.13,11
220,Exit long,2024-05-15 18:30,Normal,45.64,3632,160280.16,5484.32,3.42,0,5484.32,3.42,-326.88,-0.20,155797.64,1557.98,3
220,Entry long,2024-05-15 15:30,Normal,44.13,3632,160280.16,5484.32,3.42,0,5484.32,3.42,-326.88,-0.20,155797.64,1557.98,3
221,Exit long,2024-05-23 15:30,Normal,52.43,3424,165790.08,13730.24,8.28,0,13730.24,8.28,-3389.76,-2.04,169527.88,1695.28,7
221,Entry long,2024-05-22 15:30,Normal,48.42,3424,165790.08,13730.24,8.28,0,13730.24,8.28,-3389.76,-2.04,169527.88,1695.28,7
222,Exit long,2024-05-28 15:30,Normal,52.74,3520,179520,6124.8,3.41,0,6124.8,3.41,-2851.2,-1.59,175652.69,1756.53,6
222,Entry long,2024-05-24 16:30,Normal,51,3520,179520,6124.8,3.41,0,6124.8,3.41,-2851.2,-1.59,175652.69,1756.53,6
223,Exit long,2024-05-31 21:30,Normal,46.93,4091,185649.58,6341.05,3.42,0,6341.05,3.42,-3027.34,-1.63,181993.73,1819.94,3
223,Entry long,2024-05-31 18:30,Normal,45.38,4091,185649.58,6341.05,3.42,0,6341.05,3.42,-3027.34,-1.63,181993.73,1819.94,3
224,Exit long,2024-06-05 15:30,Normal,50.2,3954,191966.7,6524.1,3.40,0,6524.1,3.40,-12138.78,-6.32,188517.83,1885.18,14
224,Entry long,2024-06-03 15:30,Normal,48.55,3954,191966.7,6524.1,3.40,0,6524.1,3.40,-12138.78,-6.32,188517.83,1885.18,14
225,Exit long,2024-06-10 17:30,Normal,53.6,3830,198508.9,6779.1,3.42,0,6779.1,3.42,-8043,-4.05,195296.94,1952.97,6
225,Entry long,2024-06-07 18:30,Normal,51.83,3830,198508.9,6779.1,3.42,0,6779.1,3.42,-8043,-4.05,195296.94,1952.97,6
226,Exit long,2024-06-12 15:30,Normal,56.46,3840,205248,11558.4,5.63,0,11558.4,5.63,0,0.00,206855.33,2068.55,1
226,Entry long,2024-06-11 21:30,Normal,53.45,3840,205248,11558.4,5.63,0,11558.4,5.63,0,0.00,206855.33,2068.55,1
227,Exit long,2024-06-17 18:30,Normal,60.63,3698,216813.74,7396,3.41,0,7396,3.41,-4030.82,-1.86,214251.33,2142.51,17
227,Entry long,2024-06-13 15:30,Normal,58.63,3698,216813.74,7396,3.41,0,7396,3.41,-4030.82,-1.86,214251.33,2142.51,17
228,Exit long,2024-06-26 15:30,Normal,55.35,4190,224248.8,7667.7,3.42,0,7667.7,3.42,-3477.7,-1.55,221919.03,2219.19,7
228,Entry long,2024-06-25 15:30,Normal,53.52,4190,224248.8,7667.7,3.42,0,7667.7,3.42,-3477.7,-1.55,221919.03,2219.19,7
229,Exit long,2024-06-28 15:30,Normal,56.05,4278,231867.6,7914.3,3.41,0,7914.3,3.41,-8342.1,-3.60,229833.33,2298.33,7
229,Entry long,2024-06-27 15:30,Normal,54.2,4278,231867.6,7914.3,3.41,0,7914.3,3.41,-8342.1,-3.60,229833.33,2298.33,7
230,Exit long,2024-07-02 15:30,Normal,56.16,4416,239832.96,8169.6,3.41,0,8169.6,3.41,-3532.8,-1.47,238002.94,2380.03,5
230,Entry long,2024-07-01 17:30,Normal,54.31,4416,239832.96,8169.6,3.41,0,8169.6,3.41,-3532.8,-1.47,238002.94,2380.03,5
231,Exit long,2024-07-03 17:30,Normal,59.85,4285,247972.95,8484.3,3.42,0,8484.3,3.42,-857,-0.35,246487.23,2464.87,2
231,Entry long,2024-07-03 15:30,Normal,57.87,4285,247972.95,8484.3,3.42,0,8484.3,3.42,-857,-0.35,246487.23,2464.87,2
232,Exit long,2024-07-08 15:30,Normal,63.28,4190,256428,8715.2,3.40,0,8715.2,3.40,-4734.7,-1.85,255202.44,2552.02,5
232,Entry long,2024-07-05 17:30,Normal,61.2,4190,256428,8715.2,3.40,0,8715.2,3.40,-4734.7,-1.85,255202.44,2552.02,5
233,Exit long,2024-07-10 15:30,Normal,65.64,4177,265155.96,9022.32,3.40,0,9022.32,3.40,0,0.00,264224.75,2642.25,1
233,Entry long,2024-07-09 21:30,Normal,63.48,4177,265155.96,9022.32,3.40,0,9022.32,3.40,0,0.00,264224.75,2642.25,1
234,Exit long,2024-07-12 19:30,Normal,66.07,4292,274215.88,9356.56,3.41,0,9356.56,3.41,-815.48,-0.30,273581.3,2735.81,4
234,Entry long,2024-07-12 15:30,Normal,63.89,4292,274215.88,9356.56,3.41,0,9356.56,3.41,-815.48,-0.30,273581.3,2735.81,4
235,Exit long,2024-07-17 15:30,Normal,57.94,4450,283554,-25721,-9.07,0,5117.5,1.80,-25721,-9.07,247860.31,2478.60,6
235,Entry long,2024-07-16 16:30,Normal,63.72,4450,283554,-25721,-9.07,0,5117.5,1.80,-25721,-9.07,247860.31,2478.60,6
236,Exit long,2024-07-22 18:30,Normal,50.77,5252,257820.68,8823.36,3.42,0,8823.36,3.42,-2731.04,-1.06,256683.67,2566.84,2
236,Entry long,2024-07-22 16:30,Normal,49.09,5252,257820.68,8823.36,3.42,0,8823.36,3.42,-2731.04,-1.06,256683.67,2566.84,2
237,Exit long,2024-07-24 15:30,Normal,46.74,5267,266668.21,-20488.63,-7.68,0,790.05,0.30,-20488.63,-7.68,236195.05,2361.95,6
237,Entry long,2024-07-23 16:30,Normal,50.63,5267,266668.21,-20488.63,-7.68,0,790.05,0.30,-20488.63,-7.68,236195.05,2361.95,6
238,Exit long,2024-07-25 17:30,Normal,42.1,6046,246193.12,8343.48,3.39,0,8343.48,3.39,-3446.22,-1.40,244538.52,2445.39,1
238,Entry long,2024-07-25 16:30,Normal,40.72,6046,246193.12,8343.48,3.39,0,8343.48,3.39,-3446.22,-1.40,244538.52,2445.39,1
239,Exit long,2024-07-26 18:30,Normal,42.44,6202,254530.08,8682.8,3.41,0,8682.8,3.41,-4775.54,-1.88,253221.31,2532.21,3
239,Entry long,2024-07-26 15:30,Normal,41.04,6202,254530.08,8682.8,3.41,0,8682.8,3.41,-4775.54,-1.88,253221.31,2532.21,3
240,Exit long,2024-07-30 15:30,Normal,39.76,6110,263218.8,-20285.2,-7.71,0,1955.2,0.74,-20285.2,-7.71,232936.12,2329.36,7
240,Entry long,2024-07-29 15:30,Normal,43.08,6110,263218.8,-20285.2,-7.71,0,1955.2,0.74,-20285.2,-7.71,232936.12,2329.36,7
241,Exit long,2024-07-31 20:30,Normal,43.92,5718,242900.64,8233.92,3.39,0,8233.92,3.39,-6518.52,-2.68,241170.05,2411.70,3
241,Entry long,2024-07-31 17:30,Normal,42.48,5718,242900.64,8233.92,3.39,0,8233.92,3.39,-6518.52,-2.68,241170.05,2411.70,3
242,Exit long,2024-08-05 17:30,Normal,28.52,9106,251143.48,8559.64,3.41,0,8559.64,3.41,-819.54,-0.33,249729.69,2497.30,1
242,Entry long,2024-08-05 16:30,Normal,27.58,9106,251143.48,8559.64,3.41,0,8559.64,3.41,-819.54,-0.33,249729.69,2497.30,1
243,Exit long,2024-08-06 16:30,Normal,29.25,9184,259723.52,8908.48,3.43,0,8908.48,3.43,-2296,-0.88,258638.16,2586.38,1
243,Entry long,2024-08-06 15:30,Normal,28.28,9184,259723.52,8908.48,3.43,0,8908.48,3.43,-2296,-0.88,258638.16,2586.38,1
244,Exit long,2024-08-07 16:30,Normal,30.5,9109,268624.41,9200.09,3.42,0,9200.09,3.42,-1093.08,-0.41,267838.25,2678.38,1
244,Entry long,2024-08-07 15:30,Normal,29.49,9109,268624.41,9200.09,3.42,0,9200.09,3.42,-1093.08,-0.41,267838.25,2678.38,1
245,Exit long,2024-08-08 19:30,Normal,30.73,9348,277822.56,9441.48,3.40,0,9441.48,3.40,-1776.12,-0.64,277279.72,2772.80,3
245,Entry long,2024-08-08 16:30,Normal,29.72,9348,277822.56,9441.48,3.40,0,9441.48,3.40,-1776.12,-0.64,277279.72,2772.80,3
246,Exit long,2024-08-13 15:30,Normal,32.33,9207,287258.4,10403.91,3.62,0,10403.91,3.62,-11877.03,-4.13,287683.62,2876.84,11
246,Entry long,2024-08-09 18:30,Normal,31.2,9207,287258.4,10403.91,3.62,0,10403.91,3.62,-11877.03,-4.13,287683.62,2876.84,11
247,Exit long,2024-08-15 15:30,Normal,36.95,8606,297681.54,20310.16,6.82,0,20310.16,6.82,0,0.00,307993.8,3079.94,1
247,Entry long,2024-08-14 21:30,Normal,34.59,8606,297681.54,20310.16,6.82,0,20310.16,6.82,0,0.00,307993.8,3079.94,1
248,Exit long,2024-08-19 20:30,Normal,40.7,8079,317989.44,10825.86,3.40,0,10825.86,3.40,-484.74,-0.15,318819.66,3188.20,2
248,Entry long,2024-08-19 18:30,Normal,39.36,8079,317989.44,10825.86,3.40,0,10825.86,3.40,-484.74,-0.15,318819.66,3188.20,2
249,Exit long,2024-08-21 20:30,Normal,41.83,8129,328818.05,11218.02,3.41,0,11218.02,3.41,-4552.24,-1.38,330037.7,3300.38,5
249,Entry long,2024-08-21 15:30,Normal,40.45,8129,328818.05,11218.02,3.41,0,11218.02,3.41,-4552.24,-1.38,330037.7,3300.38,5
250,Exit long,2024-08-26 16:30,Normal,36.76,8539,340022.98,-26129.34,-7.68,0,2732.48,0.80,-26129.34,-7.68,303908.34,3039.08,7
250,Entry long,2024-08-23 16:30,Normal,39.82,8539,340022.98,-26129.34,-7.68,0,2732.48,0.80,-26129.34,-7.68,303908.34,3039.08,7
251,Exit long,2024-08-30 15:30,Normal,38.63,8404,313889.4,10757.12,3.43,0,10757.12,3.43,-20505.76,-6.53,314665.47,3146.65,21
251,Entry long,2024-08-27 15:30,Normal,37.35,8404,313889.4,10757.12,3.43,0,10757.12,3.43,-20505.76,-6.53,314665.47,3146.65,21
252,Exit long,2024-09-06 15:30,Normal,28.34,10571,324635.41,-25053.27,-7.72,0,3699.85,1.14,-25053.27,-7.72,289612.2,2896.12,12
252,Entry long,2024-09-04 17:30,Normal,30.71,10571,324635.41,-25053.27,-7.72,0,3699.85,1.14,-25053.27,-7.72,289612.2,2896.12,12
253,Exit long,2024-09-10 19:30,Normal,27.58,11234,299610.78,10222.94,3.41,0,10222.94,3.41,-9099.54,-3.04,299835.12,2998.35,11
253,Entry long,2024-09-09 15:30,Normal,26.67,11234,299610.78,10222.94,3.41,0,10222.94,3.41,-9099.54,-3.04,299835.12,2998.35,11
254,Exit long,2024-09-11 17:30,Normal,28.51,11238,309831.66,10563.72,3.41,0,10563.72,3.41,-8765.64,-2.83,310398.84,3103.99,2
254,Entry long,2024-09-11 15:30,Normal,27.57,11238,309831.66,10563.72,3.41,0,10563.72,3.41,-8765.64,-2.83,310398.84,3103.99,2
255,Exit long,2024-09-13 18:30,Normal,33.17,9990,320379.3,10989,3.43,0,10989,3.43,-9590.4,-2.99,321387.84,3213.88,6
255,Entry long,2024-09-12 19:30,Normal,32.07,9990,320379.3,10989,3.43,0,10989,3.43,-9590.4,-2.99,321387.84,3213.88,6
256,Exit long,2024-09-19 15:30,Normal,34.28,10109,331373.02,15163.5,4.58,0,15163.5,4.58,-20925.63,-6.31,336551.34,3365.51,14
256,Entry long,2024-09-17 15:30,Normal,32.78,10109,331373.02,15163.5,4.58,0,15163.5,4.58,-20925.63,-6.31,336551.34,3365.51,14
257,Exit long,2024-09-24 15:30,Normal,34.7,10326,346540.56,11771.64,3.40,0,11771.64,3.40,-7641.24,-2.21,348323,3483.23,7
257,Entry long,2024-09-23 15:30,Normal,33.56,10326,346540.56,11771.64,3.40,0,11771.64,3.40,-7641.24,-2.21,348323,3483.23,7
258,Exit long,2024-09-26 15:30,Normal,39.82,10076,358302.56,42923.76,11.98,0,42923.76,11.98,-8060.8,-2.25,391246.75,3912.47,7
258,Entry long,2024-09-25 15:30,Normal,35.56,10076,358302.56,42923.76,11.98,0,42923.76,11.98,-8060.8,-2.25,391246.75,3912.47,7
259,Exit long,2024-10-01 15:30,Normal,33.5,11053,401223.9,-30948.4,-7.71,0,3758.02,0.94,-30948.4,-7.71,360298.34,3602.98,1
259,Entry long,2024-09-30 21:30,Normal,36.3,11053,401223.9,-30948.4,-7.71,0,3758.02,0.94,-30948.4,-7.71,360298.34,3602.98,1
260,Exit long,2024-10-04 15:30,Normal,37.03,10552,370269.68,20470.88,5.53,0,20470.88,5.53,-15089.36,-4.08,380769.22,3807.69,11
260,Entry long,2024-10-02 18:30,Normal,35.09,10552,370269.68,20470.88,5.53,0,20470.88,5.53,-15089.36,-4.08,380769.22,3807.69,11
261,Exit long,2024-10-09 16:30,Normal,37.71,10714,390739.58,13285.36,3.40,0,13285.36,3.40,-13285.36,-3.40,394054.6,3940.55,13
261,Entry long,2024-10-07 17:30,Normal,36.47,10714,390739.58,13285.36,3.40,0,13285.36,3.40,-13285.36,-3.40,394054.6,3940.55,13
262,Exit long,2024-10-14 15:30,Normal,39.47,10585,404029.45,13760.5,3.41,0,13760.5,3.41,-5186.65,-1.28,407815.1,4078.15,7
262,Entry long,2024-10-11 15:30,Normal,38.17,10585,404029.45,13760.5,3.41,0,13760.5,3.41,-5186.65,-1.28,407815.1,4078.15,7
263,Exit long,2024-10-21 16:30,Normal,33.7,11443,417783.93,-32154.83,-7.70,0,1716.45,0.41,-32154.83,-7.70,375660.25,3756.60,13
263,Entry long,2024-10-17 17:30,Normal,36.51,11443,417783.93,-32154.83,-7.70,0,1716.45,0.41,-32154.83,-7.70,375660.25,3756.60,13
264,Exit long,2024-10-25 15:30,Normal,35.35,11283,385652.94,13201.11,3.42,0,13201.11,3.42,-24822.6,-6.44,388861.38,3888.61,18
264,Entry long,2024-10-22 18:30,Normal,34.18,11283,385652.94,13201.11,3.42,0,13201.11,3.42,-24822.6,-6.44,388861.38,3888.61,18
265,Exit long,2024-10-29 17:30,Normal,36.93,11166,398849.52,13510.86,3.39,0,13510.86,3.39,-111.66,-0.03,402372.22,4023.72,3
265,Entry long,2024-10-29 14:30,Normal,35.72,11166,398849.52,13510.86,3.39,0,13510.86,3.39,-111.66,-0.03,402372.22,4023.72,3
266,Exit long,2024-11-01 14:30,Normal,30.72,13884,412354.8,14161.68,3.43,0,14161.68,3.43,0,0.00,416533.9,4165.34,1
266,Entry long,2024-10-31 20:30,Normal,29.7,13884,412354.8,14161.68,3.43,0,14161.68,3.43,0,0.00,416533.9,4165.34,1
267,Exit long,2024-11-06 15:30,Normal,32.92,13697,426524.58,24380.66,5.72,0,24380.66,5.72,-16162.46,-3.79,440914.56,4409.15,13
267,Entry long,2024-11-04 16:30,Normal,31.14,13697,426524.58,24380.66,5.72,0,24380.66,5.72,-16162.46,-3.79,440914.56,4409.15,13
268,Exit long,2024-11-11 15:30,Normal,32.85,12669,450889.71,-34713.06,-7.70,0,5574.36,1.24,-34713.06,-7.70,406201.5,4062.02,13
268,Entry long,2024-11-07 16:30,Normal,35.59,12669,450889.71,-34713.06,-7.70,0,5574.36,1.24,-34713.06,-7.70,406201.5,4062.02,13
269,Exit long,2024-11-15 15:30,Normal,27.75,13263,416192.94,-48144.69,-11.57,0,0,0.00,-48144.69,-11.57,358056.8,3580.57,15
269,Entry long,2024-11-12 21:30,Normal,31.38,13263,416192.94,-48144.69,-11.57,0,0,0.00,-48144.69,-11.57,358056.8,3580.57,15
270,Exit long,2024-11-21 15:30,Normal,27.98,13601,368043.06,12512.92,3.40,0,12512.92,3.40,-17681.3,-4.80,370569.75,3705.70,21
270,Entry long,2024-11-18 15:30,Normal,27.06,13601,368043.06,12512.92,3.40,0,12512.92,3.40,-17681.3,-4.80,370569.75,3705.70,21
271,Exit long,2024-11-25 15:30,Normal,29.3,13495,380559,14844.5,3.90,0,14844.5,3.90,0,0.00,385414.25,3854.14,1
271,Entry long,2024-11-22 21:30,Normal,28.2,13495,380559,14844.5,3.90,0,14844.5,3.90,0,0.00,385414.25,3854.14,1
272,Exit long,2024-11-29 15:30,Normal,27.29,14983,395401.37,13484.7,3.41,0,13484.7,3.41,-898.98,-0.23,398898.94,3988.99,3
272,Entry long,2024-11-27 19:30,Normal,26.39,14983,395401.37,13484.7,3.41,0,13484.7,3.41,-898.98,-0.23,398898.94,3988.99,3
273,Exit long,2024-12-04 15:30,Normal,31.25,13530,408876.6,13935.9,3.41,0,13935.9,3.41,-14747.7,-3.61,412834.84,4128.35,12
273,Entry long,2024-12-02 17:30,Normal,30.22,13530,408876.6,13935.9,3.41,0,13935.9,3.41,-14747.7,-3.61,412834.84,4128.35,12
274,Exit long,2024-12-10 17:30,Normal,27.08,14416,422821.28,-32436,-7.67,0,10235.36,2.42,-32436,-7.67,380398.84,3803.99,14
274,Entry long,2024-12-06 17:30,Normal,29.33,14416,422821.28,-32436,-7.67,0,10235.36,2.42,-32436,-7.67,380398.84,3803.99,14
275,Exit long,2024-12-11 20:30,Normal,29,13922,390372.88,13365.12,3.42,0,13365.12,3.42,-6961,-1.78,393763.97,3937.64,5
275,Entry long,2024-12-11 15:30,Normal,28.04,13922,390372.88,13365.12,3.42,0,13365.12,3.42,-6961,-1.78,393763.97,3937.64,5
276,Exit long,2024-12-16 15:30,Normal,30.95,13490,403755.7,13759.8,3.41,0,13759.8,3.41,-1079.2,-0.27,407523.75,4075.24,4
276,Entry long,2024-12-13 18:30,Normal,29.93,13490,403755.7,13759.8,3.41,0,13759.8,3.41,-1079.2,-0.27,407523.75,4075.24,4
277,Exit long,2024-12-18 20:30,Normal,29.22,13187,417500.42,-32176.28,-7.71,0,5274.8,1.26,-32176.28,-7.71,375347.47,3753.47,5
277,Entry long,2024-12-18 15:30,Normal,31.66,13187,417500.42,-32176.28,-7.71,0,5274.8,1.26,-32176.28,-7.71,375347.47,3753.47,5
278,Exit long,2024-12-20 16:30,Normal,27.64,14416,385339.68,13118.56,3.40,0,13118.56,3.40,-288.32,-0.07,388466.03,3884.66,1
278,Entry long,2024-12-20 15:30,Normal,26.73,14416,385339.68,13118.56,3.40,0,13118.56,3.40,-288.32,-0.07,388466.03,3884.66,1
279,Exit long,2024-12-24 15:30,Normal,30.05,13922,398447.64,19908.46,5.00,0,19908.46,5.00,-1809.86,-0.45,408374.5,4083.75,6
279,Entry long,2024-12-23 16:30,Normal,28.62,13922,398447.64,19908.46,5.00,0,19908.46,5.00,-1809.86,-0.45,408374.5,4083.75,6
280,Exit long,2024-12-30 15:30,Normal,28.09,13641,418369.47,-35193.78,-8.41,0,1636.92,0.39,-35193.78,-8.41,373180.72,3731.81,12
280,Entry long,2024-12-26 17:30,Normal,30.67,13641,418369.47,-35193.78,-8.41,0,1636.92,0.39,-35193.78,-8.41,373180.72,3731.81,12
281,Exit long,2025-01-03 17:30,Normal,29.18,13583,383176.43,13175.51,3.44,0,13175.51,3.44,-18337.05,-4.79,386356.22,3863.56,8
281,Entry long,2025-01-02 16:30,Normal,28.21,13583,383176.43,13175.51,3.44,0,13175.51,3.44,-18337.05,-4.79,386356.22,3863.56,8
282,Exit long,2025-01-15 15:30,Normal,29.45,14075,396352,18156.75,4.58,0,18156.75,4.58,-29276,-7.39,404512.97,4045.13,17
282,Entry long,2025-01-10 19:30,Normal,28.16,14075,396352,18156.75,4.58,0,18156.75,4.58,-29276,-7.39,404512.97,4045.13,17
283,Exit long,2025-01-17 15:30,Normal,31.81,13581,414492.12,17519.49,4.23,0,17519.49,4.23,-9778.32,-2.36,422032.47,4220.32,7
283,Entry long,2025-01-16 15:30,Normal,30.52,13581,414492.12,17519.49,4.23,0,17519.49,4.23,-9778.32,-2.36,422032.47,4220.32,7
284,Exit long,2025-01-21 18:30,Normal,34.21,13060,432024.8,14757.8,3.42,0,14757.8,3.42,-6138.2,-1.42,436790.28,4367.90,3
284,Entry long,2025-01-21 15:30,Normal,33.08,13060,432024.8,14757.8,3.42,0,14757.8,3.42,-6138.2,-1.42,436790.28,4367.90,3
285,Exit long,2025-01-24 19:30,Normal,32.47,12700,446786,-34417,-7.70,0,9271,2.08,-34417,-7.70,402373.28,4023.73,18
285,Entry long,2025-01-22 15:30,Normal,35.18,12700,446786,-34417,-7.70,0,9271,2.08,-34417,-7.70,402373.28,4023.73,18
286,Exit long,2025-01-29 15:30,Normal,25.94,16494,412350,15504.36,3.76,0,15504.36,3.76,-18143.4,-4.40,417877.62,4178.78,7
286,Entry long,2025-01-28 15:30,Normal,25,16494,412350,15504.36,3.76,0,15504.36,3.76,-18143.4,-4.40,417877.62,4178.78,7
287,Exit long,2025-01-30 19:30,Normal,27.04,16362,427866.3,14562.18,3.40,0,14562.18,3.40,-2945.16,-0.69,432439.8,4324.40,4
287,Entry long,2025-01-30 15:30,Normal,26.15,16362,427866.3,14562.18,3.40,0,14562.18,3.40,-2945.16,-0.69,432439.8,4324.40,4
288,Exit long,2025-01-31 20:30,Normal,26.55,15378,442425.06,-34139.16,-7.72,0,2152.92,0.49,-34139.16,-7.72,398300.66,3983.01,4
288,Entry long,2025-01-31 16:30,Normal,28.77,15378,442425.06,-34139.16,-7.72,0,2152.92,0.49,-34139.16,-7.72,398300.66,3983.01,4
289,Exit long,2025-02-05 17:30,Normal,27.11,15572,408297.84,13859.08,3.39,0,13859.08,3.39,-13236.2,-3.24,412159.72,4121.60,9
289,Entry long,2025-02-04 15:30,Normal,26.22,15572,408297.84,13859.08,3.39,0,13859.08,3.39,-13236.2,-3.24,412159.72,4121.60,9
290,Exit long,2025-02-07 15:30,Normal,27.92,15641,422150.59,14546.13,3.45,0,14546.13,3.45,-6099.99,-1.44,426705.88,4267.06,6
290,Entry long,2025-02-06 16:30,Normal,26.99,15641,422150.59,14546.13,3.45,0,14546.13,3.45,-6099.99,-1.44,426705.88,4267.06,6
291,Exit long,2025-02-11 16:30,Normal,27.71,16301,436703.79,14996.92,3.43,0,14996.92,3.43,-4564.28,-1.05,441702.78,4417.03,8
291,Entry long,2025-02-10 15:30,Normal,26.79,16301,436703.79,14996.92,3.43,0,14996.92,3.43,-4564.28,-1.05,441702.78,4417.03,8
292,Exit long,2025-02-18 15:30,Normal,29.02,16161,451699.95,17292.27,3.83,0,17292.27,3.83,-6302.79,-1.40,458995.06,4589.95,14
292,Entry long,2025-02-13 15:30,Normal,27.95,16161,451699.95,17292.27,3.83,0,17292.27,3.83,-6302.79,-1.40,458995.06,4589.95,14
293,Exit long,2025-02-19 17:30,Normal,31.11,15591,468977.28,16058.73,3.42,0,16058.73,3.42,0,0.00,475053.78,4750.54,2
293,Entry long,2025-02-19 15:30,Normal,30.08,15591,468977.28,16058.73,3.42,0,16058.73,3.42,0,0.00,475053.78,4750.54,2
294,Exit long,2025-02-21 18:30,Normal,28.86,15516,485030.16,-37238.4,-7.68,0,7602.84,1.57,-37238.4,-7.68,437815.38,4378.15,6
294,Entry long,2025-02-20 19:30,Normal,31.26,15516,485030.16,-37238.4,-7.68,0,7602.84,1.57,-37238.4,-7.68,437815.38,4378.15,6
295,Exit long,2025-02-26 16:30,Normal,26.34,17582,447813.54,15296.34,3.42,0,15296.34,3.42,-14241.42,-3.18,453111.72,4531.12,6
295,Entry long,2025-02-25 17:30,Normal,25.47,17582,447813.54,15296.34,3.42,0,15296.34,3.42,-14241.42,-3.18,453111.72,4531.12,6
296,Exit long,2025-03-03 15:30,Normal,23.56,20907,463090.05,29478.87,6.37,0,29478.87,6.37,-21534.21,-4.65,482590.6,4825.91,6
296,Entry long,2025-02-28 16:30,Normal,22.15,20907,463090.05,29478.87,6.37,0,29478.87,6.37,-21534.21,-4.65,482590.6,4825.91,6
297,Exit long,2025-03-04 20:30,Normal,22.09,23061,492582.96,16834.53,3.42,0,16834.53,3.42,-2767.32,-0.56,499425.12,4994.25,1
297,Entry long,2025-03-04 19:30,Normal,21.36,23061,492582.96,16834.53,3.42,0,16834.53,3.42,-2767.32,-0.56,499425.12,4994.25,1
298,Exit long,2025-03-05 18:30,Normal,21.27,24765,509416.05,17335.5,3.40,0,17335.5,3.40,-14363.7,-2.82,516760.62,5167.61,3
298,Entry long,2025-03-05 15:30,Normal,20.57,24765,509416.05,17335.5,3.40,0,17335.5,3.40,-14363.7,-2.82,516760.62,5167.61,3
299,Exit long,2025-03-07 19:30,Normal,20.18,26999,526750.49,18089.33,3.43,0,18089.33,3.43,-23759.12,-4.51,534849.94,5348.50,4
299,Entry long,2025-03-07 15:30,Normal,19.51,26999,526750.49,18089.33,3.43,0,18089.33,3.43,-23759.12,-4.51,534849.94,5348.50,4
300,Exit long,2025-03-11 18:30,Normal,17.65,31918,544840.26,18512.44,3.40,0,18512.44,3.40,-18831.62,-3.46,553362.4,5533.62,3
300,Entry long,2025-03-11 15:30,Normal,17.07,31918,544840.26,18512.44,3.40,0,18512.44,3.40,-18831.62,-3.46,553362.4,5533.62,3
301,Exit long,2025-03-14 14:30,Normal,19.31,30174,563348.58,19311.36,3.43,0,19311.36,3.43,-36510.54,-6.48,572673.75,5726.74,12
301,Entry long,2025-03-12 16:30,Normal,18.67,30174,563348.58,19311.36,3.43,0,19311.36,3.43,-36510.54,-6.48,572673.75,5726.74,12
302,Exit long,2025-03-17 18:30,Normal,20.66,29162,582656.76,19830.16,3.40,0,19830.16,3.40,-5540.78,-0.95,592503.94,5925.04,4
302,Entry long,2025-03-17 14:30,Normal,19.98,29162,582656.76,19830.16,3.40,0,19830.16,3.40,-5540.78,-0.95,592503.94,5925.04,4
303,Exit long,2025-03-19 19:30,Normal,20.91,29797,602495.34,20559.93,3.41,0,20559.93,3.41,-14302.56,-2.37,613063.8,6130.64,3
303,Entry long,2025-03-19 16:30,Normal,20.22,29797,602495.34,20559.93,3.41,0,20559.93,3.41,-14302.56,-2.37,613063.8,6130.64,3
304,Exit long,2025-03-24 14:30,Normal,20.36,32638,623059.42,41450.26,6.65,0,41450.26,6.65,-2937.42,-0.47,654514.1,6545.14,5
304,Entry long,2025-03-21 16:30,Normal,19.09,32638,623059.42,41450.26,6.65,0,41450.26,6.65,-2937.42,-0.47,654514.1,6545.14,5
305,Exit long,2025-03-28 15:30,Normal,16.27,37692,664509.96,-51261.12,-7.71,0,18092.16,2.72,-51261.12,-7.71,603253,6032.53,4
305,Entry long,2025-03-27 18:30,Normal,17.63,37692,664509.96,-51261.12,-7.71,0,18092.16,2.72,-51261.12,-7.71,603253,6032.53,4
306,Exit long,2025-03-31 20:30,Normal,15.5,40910,613240.9,20864.1,3.40,0,20864.1,3.40,-7772.9,-1.27,624117.06,6241.17,4
306,Entry long,2025-03-31 16:30,Normal,14.99,40910,613240.9,20864.1,3.40,0,20864.1,3.40,-7772.9,-1.27,624117.06,6241.17,4
307,Exit long,2025-04-02 17:30,Normal,16.21,40466,634102.22,21851.64,3.45,0,21851.64,3.45,-27921.54,-4.40,645968.75,6459.69,7
307,Entry long,2025-04-01 17:30,Normal,15.67,40466,634102.22,21851.64,3.45,0,21851.64,3.45,-27921.54,-4.40,645968.75,6459.69,7
308,Exit long,2025-04-07 18:30,Normal,9.21,73704,655965.6,22848.24,3.48,0,22848.24,3.48,-28007.52,-4.27,668816.94,6688.17,1
308,Entry long,2025-04-07 17:30,Normal,8.9,73704,655965.6,22848.24,3.48,0,22848.24,3.48,-28007.52,-4.27,668816.94,6688.17,1
309,Exit long,2025-04-08 17:30,Normal,10.31,68085,678807.45,23148.9,3.41,0,23148.9,3.41,0,0.00,691965.9,6919.66,1
309,Entry long,2025-04-08 16:30,Normal,9.97,68085,678807.45,23148.9,3.41,0,23148.9,3.41,0,0.00,691965.9,6919.66,1
310,Exit long,2025-04-09 18:30,Normal,8.87,81909,701960.13,24572.7,3.50,0,24572.7,3.50,-17200.89,-2.45,716538.56,7165.39,2
310,Entry long,2025-04-09 16:30,Normal,8.57,81909,701960.13,24572.7,3.50,0,24572.7,3.50,-17200.89,-2.45,716538.56,7165.39,2
311,Exit long,2025-04-11 19:30,Normal,10.03,74900,726530,24717,3.40,0,24717,3.40,-5992,-0.82,741255.56,7412.56,1
311,Entry long,2025-04-11 18:30,Normal,9.7,74900,726530,24717,3.40,0,24717,3.40,-5992,-0.82,741255.56,7412.56,1
312,Exit long,2025-04-15 15:30,Normal,10.98,70806,751251.66,26198.22,3.49,0,26198.22,3.49,-15577.32,-2.07,767453.75,7674.54,3
312,Entry long,2025-04-14 19:30,Normal,10.61,70806,751251.66,26198.22,3.49,0,26198.22,3.49,-15577.32,-2.07,767453.75,7674.54,3
313,Exit long,2025-04-17 19:30,Normal,9.3,86479,777446.21,26808.49,3.45,0,26808.49,3.45,-10377.48,-1.33,794262.25,7942.62,3
313,Entry long,2025-04-17 16:30,Normal,8.99,86479,777446.21,26808.49,3.45,0,26808.49,3.45,-10377.48,-1.33,794262.25,7942.62,3
314,Exit long,2025-04-22 15:30,Normal,8.95,92978,804259.7,27893.4,3.47,0,27893.4,3.47,0,0.00,822155.7,8221.56,1
314,Entry long,2025-04-21 21:30,Normal,8.65,92978,804259.7,27893.4,3.47,0,27893.4,3.47,0,0.00,822155.7,8221.56,1
315,Exit long,2025-04-24 15:30,Normal,11.02,78952,832154.08,37896.96,4.55,0,37896.96,4.55,-37107.44,-4.46,860052.6,8600.53,4
315,Entry long,2025-04-23 18:30,Normal,10.54,78952,832154.08,37896.96,4.55,0,37896.96,4.55,-37107.44,-4.46,860052.6,8600.53,4
316,Exit long,2025-04-30 21:30,Normal,12.12,74236,870045.92,29694.4,3.41,0,29694.4,3.41,-5938.88,-0.68,889747,8897.47,2
316,Entry long,2025-04-30 19:30,Normal,11.72,74236,870045.92,29694.4,3.41,0,29694.4,3.41,-5938.88,-0.68,889747,8897.47,2
317,Exit long,2025-05-02 15:30,Normal,13.1,71013,899734.71,30535.59,3.39,0,30535.59,3.39,-46868.58,-5.21,920282.6,9202.83,6
317,Entry long,2025-05-01 16:30,Normal,12.67,71013,899734.71,30535.59,3.39,0,30535.59,3.39,-46868.58,-5.21,920282.6,9202.83,6
318,Exit long,2025-05-08 17:30,Normal,14.17,67903,930271.1,31914.41,3.43,0,31914.41,3.43,-3395.15,-0.36,952197,9521.97,1
318,Entry long,2025-05-08 16:30,Normal,13.7,67903,930271.1,31914.41,3.43,0,31914.41,3.43,-3395.15,-0.36,952197,9521.97,1
319,Exit long,2025-05-12 18:30,Normal,17.4,57171,962187.93,32587.47,3.39,0,32587.47,3.39,-1143.42,-0.12,984784.5,9847.84,2
319,Entry long,2025-05-12 16:30,Normal,16.83,57171,962187.93,32587.47,3.39,0,32587.47,3.39,-1143.42,-0.12,984784.5,9847.84,2
320,Exit long,2025-05-21 17:30,Normal,18.37,56012,994773.12,34167.32,3.43,0,34167.32,3.43,-21284.56,-2.14,1018951.8,10189.52,7
320,Entry long,2025-05-20 17:30,Normal,17.76,56012,994773.12,34167.32,3.43,0,34167.32,3.43,-21284.56,-2.14,1018951.8,10189.52,7
321,Exit long,2025-05-27 15:30,Normal,16.67,65288,1028938.88,59412.08,5.77,0,59412.08,5.77,-8487.44,-0.82,1078363.9,10783.64,3
321,Entry long,2025-05-23 19:30,Normal,15.76,65288,1028938.88,59412.08,5.77,0,59412.08,5.77,-8487.44,-0.82,1078363.9,10783.64,3
322,Exit long,2025-05-29 15:30,Normal,18.12,63535,1088354.55,62899.65,5.78,0,62899.65,5.78,-18425.15,-1.69,1141263.5,11412.64,7
322,Entry long,2025-05-28 15:30,Normal,17.13,63535,1088354.55,62899.65,5.78,0,62899.65,5.78,-18425.15,-1.69,1141263.5,11412.64,7
323,Exit long,2025-06-03 15:30,Normal,17.07,69731,1151258.81,39049.36,3.39,0,39049.36,3.39,-18827.37,-1.64,1180312.9,11803.13,7
323,Entry long,2025-06-02 15:30,Normal,16.51,69731,1151258.81,39049.36,3.39,0,39049.36,3.39,-18827.37,-1.64,1180312.9,11803.13,7
324,Exit long,2025-06-05 15:30,Normal,19.41,63551,1190310.23,43214.68,3.63,0,43214.68,3.63,-5719.59,-0.48,1223527.6,12235.28,7
324,Entry long,2025-06-04 15:30,Normal,18.73,63551,1190310.23,43214.68,3.63,0,43214.68,3.63,-5719.59,-0.48,1223527.6,12235.28,7
325,Exit long,2025-06-09 15:30,Normal,20.25,62999,1233520.42,42209.33,3.42,0,42209.33,3.42,-31499.5,-2.55,1265736.9,12657.37,6
325,Entry long,2025-06-06 16:30,Normal,19.58,62999,1233520.42,42209.33,3.42,0,42209.33,3.42,-31499.5,-2.55,1265736.9,12657.37,6
326,Exit long,2025-06-13 15:30,Normal,20.12,58546,1275717.34,-97771.82,-7.66,0,42153.12,3.30,-97771.82,-7.66,1167965.1,11679.65,18
326,Entry long,2025-06-10 18:30,Normal,21.79,58546,1275717.34,-97771.82,-7.66,0,42153.12,3.30,-97771.82,-7.66,1167965.1,11679.65,18
327,Exit long,2025-06-24 15:30,Normal,22.65,53837,1177953.56,41454.49,3.52,0,41454.49,3.52,-89907.79,-7.63,1209419.6,12094.20,33
327,Entry long,2025-06-16 17:30,Normal,21.88,53837,1177953.56,41454.49,3.52,0,41454.49,3.52,-89907.79,-7.63,1209419.6,12094.20,33
328,Exit long,2025-06-26 15:30,Normal,25.17,50430,1219397.4,49925.7,4.09,0,49925.7,4.09,-12103.2,-0.99,1259345.2,12593.45,7
328,Entry long,2025-06-25 15:30,Normal,24.18,50430,1219397.4,49925.7,4.09,0,49925.7,4.09,-12103.2,-0.99,1259345.2,12593.45,7
329,Exit long,2025-07-02 16:30,Normal,26.01,50470,1269320.5,43404.2,3.42,0,43404.2,3.42,0,0.00,1302749.5,13027.50,1
329,Entry long,2025-07-02 15:30,Normal,25.15,50470,1269320.5,43404.2,3.42,0,43404.2,3.42,0,0.00,1302749.5,13027.50,1
330,Exit long,2025-07-09 15:30,Normal,27.3,49725,1312740,44752.5,3.41,0,44752.5,3.41,-3978,-0.30,1347502,13475.02,6
330,Entry long,2025-07-08 16:30,Normal,26.4,49725,1312740,44752.5,3.41,0,44752.5,3.41,-3978,-0.30,1347502,13475.02,6
331,Exit long,2025-07-15 15:30,Normal,28.23,49725,1357492.5,46244.25,3.41,0,46244.25,3.41,-98455.5,-7.25,1393746.2,13937.46,21
331,Entry long,2025-07-10 15:30,Normal,27.3,49725,1357492.5,46244.25,3.41,0,46244.25,3.41,-98455.5,-7.25,1393746.2,13937.46,21
332,Exit long,2025-07-21 15:30,Normal,27.94,51952,1403743.04,47795.84,3.40,0,47795.84,3.40,-31171.2,-2.22,1441542.1,14415.42,15
332,Entry long,2025-07-16 21:30,Normal,27.02,51952,1403743.04,47795.84,3.40,0,47795.84,3.40,-31171.2,-2.22,1441542.1,14415.42,15
333,Exit long,2025-07-28 15:30,Normal,26.54,56568,1451534.88,49779.84,3.43,0,49779.84,3.43,-47517.12,-3.27,1491321.9,14913.22,17
333,Entry long,2025-07-23 19:30,Normal,25.66,56568,1451534.88,49779.84,3.43,0,49779.84,3.43,-47517.12,-3.27,1491321.9,14913.22,17
334,Exit long,2025-07-31 16:30,Normal,25.71,53907,1501309.95,-115360.98,-7.68,0,14554.89,0.97,-115360.98,-7.68,1375961,13759.61,15
334,Entry long,2025-07-29 15:30,Normal,27.85,53907,1501309.95,-115360.98,-7.68,0,14554.89,0.97,-115360.98,-7.68,1375961,13759.61,15
335,Exit long,2025-08-05 15:30,Normal,25.45,56316,1385936.76,47305.44,3.41,0,47305.44,3.41,-67016.04,-4.84,1423266.4,14232.66,12
335,Entry long,2025-08-01 17:30,Normal,24.61,56316,1385936.76,47305.44,3.41,0,47305.44,3.41,-67016.04,-4.84,1423266.4,14232.66,12
336,Exit long,2025-08-07 15:30,Normal,25.47,60475,1433257.5,107040.75,7.47,0,107040.75,7.47,-5442.75,-0.38,1530307.1,15303.07,4
336,Entry long,2025-08-06 18:30,Normal,23.7,60475,1433257.5,107040.75,7.47,0,107040.75,7.47,-5442.75,-0.38,1530307.1,15303.07,4
337,Exit long,2025-08-11 15:30,Normal,26.36,60427,1540284.23,52571.49,3.41,0,52571.49,3.41,-4834.16,-0.31,1582878.6,15828.79,7
337,Entry long,2025-08-08 15:30,Normal,25.49,60427,1540284.23,52571.49,3.41,0,52571.49,3.41,-4834.16,-0.31,1582878.6,15828.79,7
338,Exit long,2025-08-13 15:30,Normal,28.67,57629,1592865.56,59357.87,3.73,0,59357.87,3.73,-6915.48,-0.43,1642236.5,16422.36,6
338,Entry long,2025-08-12 16:30,Normal,27.64,57629,1592865.56,59357.87,3.73,0,59357.87,3.73,-6915.48,-0.43,1642236.5,16422.36,6
339,Exit long,2025-08-15 18:30,Normal,27.08,56313,1652223.42,-127267.38,-7.70,0,0,0.00,-127267.38,-7.70,1514969.1,15149.69,4
339,Entry long,2025-08-14 21:30,Normal,29.34,56313,1652223.42,-127267.38,-7.70,0,0,0.00,-127267.38,-7.70,1514969.1,15149.69,4
340,Exit long,2025-08-20 21:30,Normal,25.81,61096,1524956.16,51931.6,3.41,0,51931.6,3.41,-26271.28,-1.72,1566900.8,15669.01,5
340,Entry long,2025-08-20 16:30,Normal,24.96,61096,1524956.16,51931.6,3.41,0,51931.6,3.41,-26271.28,-1.72,1566900.8,15669.01,5
341,Exit long,2025-08-22 15:30,Normal,26.32,61960,1576882,53905.2,3.42,0,53905.2,3.42,-29740.8,-1.89,1620805.9,16208.06,6
341,Entry long,2025-08-21 16:30,Normal,25.45,61960,1576882,53905.2,3.42,0,53905.2,3.42,-29740.8,-1.89,1620805.9,16208.06,6
342,Exit long,2025-08-28 15:30,Normal,29.07,58015,1630801.65,55694.4,3.42,0,55694.4,3.42,-48732.6,-2.99,1676500.2,16765.00,14
342,Entry long,2025-08-26 15:30,Normal,28.11,58015,1630801.65,55694.4,3.42,0,55694.4,3.42,-48732.6,-2.99,1676500.2,16765.00,14
343,Exit long,2025-09-03 15:30,Normal,25.36,68949,1686492.54,62054.1,3.68,0,62054.1,3.68,0,0.00,1738554.4,17385.54,4
343,Entry long,2025-09-02 18:30,Normal,24.46,68949,1686492.54,62054.1,3.68,0,62054.1,3.68,0,0.00,1738554.4,17385.54,4
344,Exit long,2025-09-05 15:30,Normal,26.81,69746,1748532.22,121358.04,6.94,0,121358.04,6.94,-9764.44,-0.56,1859912.5,18599.13,6
344,Entry long,2025-09-04 16:30,Normal,25.07,69746,1748532.22,121358.04,6.94,0,121358.04,6.94,-9764.44,-0.56,1859912.5,18599.13,6
345,Exit long,2025-09-10 15:30,Normal,28.48,68721,1869898.41,87275.67,4.67,0,87275.67,4.67,-44668.65,-2.39,1947188.1,19471.88,13
345,Entry long,2025-09-08 16:30,Normal,27.21,68721,1869898.41,87275.67,4.67,0,87275.67,4.67,-44668.65,-2.39,1947188.1,19471.88,13
346,Exit long,2025-09-16 15:30,Normal,30.32,67188,1957186.44,79953.72,4.09,0,79953.72,4.09,-23515.8,-1.20,2027141.9,20271.42,21
346,Entry long,2025-09-11 15:30,Normal,29.13,67188,1957186.44,79953.72,4.09,0,79953.72,4.09,-23515.8,-1.20,2027141.9,20271.42,21
347,Exit long,2025-09-18 15:30,Normal,32.75,66747,2037118.44,148845.81,7.31,0,148845.81,7.31,-91443.39,-4.49,2175987.8,21759.88,7
347,Entry long,2025-09-17 15:30,Normal,30.52,66747,2037118.44,148845.81,7.31,0,148845.81,7.31,-91443.39,-4.49,2175987.8,21759.88,7
348,Exit long,2025-09-23 15:30,Normal,34.96,64655,2185985.55,74353.25,3.40,0,74353.25,3.40,-7112.05,-0.33,2250341,22503.41,7
348,Entry long,2025-09-22 15:30,Normal,33.81,64655,2185985.55,74353.25,3.40,0,74353.25,3.40,-7112.05,-0.33,2250341,22503.41,7
349,Exit long,2025-09-29 15:30,Normal,35.03,67072,2260326.4,89205.76,3.95,0,89205.76,3.95,-4024.32,-0.18,2339546.8,23395.47,5
349,Entry long,2025-09-26 17:30,Normal,33.7,67072,2260326.4,89205.76,3.95,0,89205.76,3.95,-4024.32,-0.18,2339546.8,23395.47,5
350,Exit long,2025-10-01 17:30,Normal,35.82,67827,2349527.28,80035.86,3.41,0,80035.86,3.41,-72574.89,-3.09,2419582.5,24195.83,9
350,Entry long,2025-09-30 15:30,Normal,34.64,67827,2349527.28,80035.86,3.41,0,80035.86,3.41,-72574.89,-3.09,2419582.5,24195.83,9
351,Exit long,2025-10-08 19:30,Normal,42.08,59709,2429559.21,82995.51,3.42,0,82995.51,3.42,-9553.44,-0.39,2502578,25025.78,4
351,Entry long,2025-10-08 15:30,Normal,40.69,59709,2429559.21,82995.51,3.42,0,82995.51,3.42,-9553.44,-0.39,2502578,25025.78,4
352,Exit long,2025-10-15 16:30,Normal,40.09,64807,2512567.39,85545.24,3.40,0,85545.24,3.40,-182755.73,-7.27,2588123.2,25881.23,14
352,Entry long,2025-10-13 16:30,Normal,38.77,64807,2512567.39,85545.24,3.40,0,85545.24,3.40,-182755.73,-7.27,2588123.2,25881.23,14
353,Exit long,2025-10-20 16:30,Normal,42.8,62771,2598091.69,88507.11,3.41,0,88507.11,3.41,-192079.27,-7.39,2676630.5,26766.31,15
353,Entry long,2025-10-16 15:30,Normal,41.39,62771,2598091.69,88507.11,3.41,0,88507.11,3.41,-192079.27,-7.39,2676630.5,26766.31,15
354,Exit long,2025-10-23 15:30,Normal,39.7,69982,2686608.98,91676.42,3.41,0,91676.42,3.41,-58784.88,-2.19,2768306.8,27683.07,1
354,Entry long,2025-10-22 21:30,Normal,38.39,69982,2686608.98,91676.42,3.41,0,91676.42,3.41,-58784.88,-2.19,2768306.8,27683.07,1
355,Exit long,2025-10-27 14:30,Normal,45.5,64149,2778293.19,140486.31,5.06,0,140486.31,5.06,-22452.15,-0.81,2908793,29087.93,7
355,Entry long,2025-10-24 15:30,Normal,43.31,64149,2778293.19,140486.31,5.06,0,140486.31,5.06,-22452.15,-0.81,2908793,29087.93,7
356,Exit long,2025-10-29 14:30,Normal,49.37,61904,2918773.6,137426.88,4.71,0,137426.88,4.71,-15476,-0.53,3046220,30462.20,4
356,Entry long,2025-10-28 17:30,Normal,47.15,61904,2918773.6,137426.88,4.71,0,137426.88,4.71,-15476,-0.53,3046220,30462.20,4
357,Exit long,2025-11-04 15:30,Normal,44.78,62308,3056207.4,-266055.16,-8.71,0,71031.12,2.32,-266055.16,-8.71,2780164.8,27801.65,14
357,Entry long,2025-10-31 14:30,Normal,49.05,62308,3056207.4,-266055.16,-8.71,0,71031.12,2.32,-266055.16,-8.71,2780164.8,27801.65,14
358,Exit long,2025-11-05 19:30,Normal,47.61,60603,2790162.12,95146.71,3.41,0,95146.71,3.41,-12120.6,-0.43,2875311.5,28753.12,3
358,Entry long,2025-11-05 16:30,Normal,46.04,60603,2790162.12,95146.71,3.41,0,95146.71,3.41,-12120.6,-0.43,2875311.5,28753.12,3
359,Exit long,2025-11-07 20:30,Normal,40.72,73268,2885293.84,98179.12,3.40,0,98179.12,3.40,-54951,-1.90,2973490.8,29734.91,2
359,Entry long,2025-11-07 18:30,Normal,39.38,73268,2885293.84,98179.12,3.40,0,98179.12,3.40,-54951,-1.90,2973490.8,29734.91,2
360,Exit long,2025-11-10 20:30,Normal,45.25,68178,2983469.28,101585.22,3.40,0,101585.22,3.40,-17726.28,-0.59,3075076,30750.76,4
360,Entry long,2025-11-10 16:30,Normal,43.76,68178,2983469.28,101585.22,3.40,0,101585.22,3.40,-17726.28,-0.59,3075076,30750.76,4
361,Exit long,2025-11-12 15:30,Normal,44.02,72641,3085063.27,112593.55,3.65,0,112593.55,3.65,-53027.93,-1.72,3187669.5,31876.70,4
361,Entry long,2025-11-11 18:30,Normal,42.47,72641,3085063.27,112593.55,3.65,0,112593.55,3.65,-53027.93,-1.72,3187669.5,31876.70,4
362,Exit long,2025-11-17 19:30,Normal,37.24,79267,3197630.78,-245727.7,-7.68,0,19816.75,0.62,-245727.7,-7.68,2941941.8,29419.42,10
362,Entry long,2025-11-14 16:30,Normal,40.34,79267,3197630.78,-245727.7,-7.68,0,19816.75,0.62,-245727.7,-7.68,2941941.8,29419.42,10
363,Exit long,2025-11-19 15:30,Normal,35.88,85070,2951929,100382.6,3.40,0,100382.6,3.40,-52743.4,-1.79,3042324.2,30423.24,6
363,Entry long,2025-11-18 16:30,Normal,34.7,85070,2951929,100382.6,3.40,0,100382.6,3.40,-52743.4,-1.79,3042324.2,30423.24,6
364,Exit long,2025-11-21 17:30,Normal,31.36,100670,3052314.4,104696.8,3.43,0,104696.8,3.43,-4026.8,-0.13,3147021.2,31470.21,1
364,Entry long,2025-11-21 16:30,Normal,30.32,100670,3052314.4,104696.8,3.43,0,104696.8,3.43,-4026.8,-0.13,3147021.2,31470.21,1
365,Exit long,2025-11-25 15:30,Normal,33.25,87646,3157008.92,-242779.42,-7.69,0,25417.34,0.81,-242779.42,-7.69,2904241.8,29042.42,4
365,Entry long,2025-11-24 18:30,Normal,36.02,87646,3157008.92,-242779.42,-7.69,0,25417.34,0.81,-242779.42,-7.69,2904241.8,29042.42,4
366,Exit long,2025-11-26 16:30,Normal,39.2,76872,2914217.52,99164.88,3.40,0,99164.88,3.40,0,0.00,3003406.5,30034.07,1
366,Entry long,2025-11-26 15:30,Normal,37.91,76872,2914217.52,99164.88,3.40,0,99164.88,3.40,0,0.00,3003406.5,30034.07,1
367,Exit long,2025-12-02 15:30,Normal,43.4,71799,3013404.03,102672.57,3.41,0,102672.57,3.41,-53849.25,-1.79,3106079.2,31060.79,4
367,Entry long,2025-12-01 18:30,Normal,41.97,71799,3013404.03,102672.57,3.41,0,102672.57,3.41,-53849.25,-1.79,3106079.2,31060.79,4
368,Exit long,2025-12-03 21:30,Normal,46.46,69354,3116075.22,106111.62,3.41,0,106111.62,3.41,-10403.1,-0.33,3212190.8,32121.91,4
368,Entry long,2025-12-03 17:30,Normal,44.93,69354,3116075.22,106111.62,3.41,0,106111.62,3.41,-10403.1,-0.33,3212190.8,32121.91,4
369,Exit long,2025-12-10 20:30,Normal,49.11,67849,3222149.01,109915.38,3.41,0,109915.38,3.41,-68527.49,-2.13,3322106.2,33221.06,19
369,Entry long,2025-12-08 15:30,Normal,47.49,67849,3222149.01,109915.38,3.41,0,109915.38,3.41,-68527.49,-2.13,3322106.2,33221.06,19
370,Exit long,2025-12-16 15:30,Normal,39.39,78090,3332100.3,-256135.2,-7.69,0,1561.8,0.05,-256135.2,-7.69,3065971,30659.71,6
370,Entry long,2025-12-15 16:30,Normal,42.67,78090,3332100.3,-256135.2,-7.69,0,1561.8,0.05,-256135.2,-7.69,3065971,30659.71,6
371,Exit long,2025-12-18 15:30,Normal,39.98,85419,3075938.19,339113.44,11.02,0,339113.44,11.02,0,0.00,3405084.5,34050.85,1
371,Entry long,2025-12-17 21:30,Normal,36.01,85419,3075938.19,339113.44,11.02,0,339113.44,11.02,0,0.00,3405084.5,34050.85,1
372,Exit long,2025-12-22 15:30,Normal,44.45,82073,3415057.53,233087.31,6.83,0,233087.31,6.83,-25442.63,-0.75,3638171.8,36381.72,6
372,Entry long,2025-12-19 16:30,Normal,41.61,82073,3415057.53,233087.31,6.83,0,233087.31,6.83,-25442.63,-0.75,3638171.8,36381.72,6
373,Exit long,2026-01-02 15:30,Normal,45.14,84156,3648162.6,150639.23,4.13,0,150639.23,4.13,-111927.48,-3.07,3788811,37888.11,38
373,Entry long,2025-12-23 16:30,Normal,43.35,84156,3648162.6,150639.23,4.13,0,150639.23,4.13,-111927.48,-3.07,3788811,37888.11,38
374,Exit long,2026-01-06 15:30,Normal,52.56,74735,3798780.05,129291.55,3.40,0,129291.55,3.40,-163669.66,-4.31,3918102.5,39181.03,6
374,Entry long,2026-01-05 16:30,Normal,50.83,74735,3798780.05,129291.55,3.40,0,129291.55,3.40,-163669.66,-4.31,3918102.5,39181.03,6
375,Exit long,2026-01-13 15:30,Normal,55.71,73491,3928093.95,166089.66,4.23,0,166089.66,4.23,-80840.1,-2.06,4084192.2,40841.92,13
375,Entry long,2026-01-09 16:30,Normal,53.45,73491,3928093.95,166089.66,4.23,0,166089.66,4.23,-80840.1,-2.06,4084192.2,40841.92,13
376,Exit long,2026-01-15 15:30,Normal,60.96,73889,4094189.49,410083.94,10.02,0,410083.94,10.02,0,0.00,4494276,44942.76,1
376,Entry long,2026-01-14 21:30,Normal,55.41,73889,4094189.49,410083.94,10.02,0,410083.94,10.02,0,0.00,4494276,44942.76,1
377,Exit long,2026-01-21 16:30,Normal,62.99,73949,4504233.59,153813.92,3.41,0,153813.92,3.41,-272871.8,-6.06,4648090,46480.90,14
377,Entry long,2026-01-16 16:30,Normal,60.91,73949,4504233.59,153813.92,3.41,0,153813.92,3.41,-272871.8,-6.06,4648090,46480.90,14
378,Exit long,2026-01-27 16:30,Normal,65.89,73102,4658059.44,158631.34,3.41,0,158631.34,3.41,-301180.25,-6.47,4806721.5,48067.22,22
378,Entry long,2026-01-22 15:30,Normal,63.72,73102,4658059.44,158631.34,3.41,0,158631.34,3.41,-301180.25,-6.47,4806721.5,48067.22,22
379,Exit long,2026-01-29 15:30,Normal,71.69,69475,4816701.75,163961,3.40,0,163961,3.40,-53495.75,-1.11,4970682.5,49706.83,6
379,Entry long,2026-01-28 16:30,Normal,69.33,69475,4816701.75,163961,3.40,0,163961,3.40,-53495.75,-1.11,4970682.5,49706.83,6
380,Exit long,2026-02-03 15:30,Normal,60.68,75763,4980659.62,-383360.78,-7.70,0,141676.81,2.84,-383360.78,-7.70,4587321.5,45873.22,6
380,Entry long,2026-02-02 16:30,Normal,65.74,75763,4980659.62,-383360.78,-7.70,0,141676.81,2.84,-383360.78,-7.70,4587321.5,45873.22,6
381,Exit long,2026-02-04 20:30,Normal,53.77,88410,4597320,156485.7,3.40,0,156485.7,3.40,-3536.4,-0.08,4743807.5,47438.08,1
381,Entry long,2026-02-04 19:30,Normal,52,88410,4597320,156485.7,3.40,0,156485.7,3.40,-3536.4,-0.08,4743807.5,47438.08,1
382,Exit long,2026-02-06 15:30,Normal,56.4,87627,4753764.75,188398.05,3.96,0,188398.05,3.96,-169996.38,-3.58,4932205.5,49322.06,5
382,Entry long,2026-02-05 17:30,Normal,54.25,87627,4753764.75,188398.05,3.96,0,188398.05,3.96,-169996.38,-3.58,4932205.5,49322.06,5
383,Exit long,2026-02-10 18:30,Normal,65.05,78559,4942146.69,168116.27,3.40,0,168116.27,3.40,-117052.91,-2.37,5100321.5,51003.22,10
383,Entry long,2026-02-09 15:30,Normal,62.91,78559,4942146.69,168116.27,3.40,0,168116.27,3.40,-117052.91,-2.37,5100321.5,51003.22,10
384,Exit long,2026-02-12 15:30,Normal,70.16,75317,5110258.45,173982.27,3.40,0,173982.27,3.40,-90380.4,-1.77,5274304,52743.04,5
384,Entry long,2026-02-11 17:30,Normal,67.85,75317,5110258.45,173982.27,3.40,0,173982.27,3.40,-90380.4,-1.77,5274304,52743.04,5
385,Exit long,2026-02-17 15:30,Normal,60.17,81072,5284272.96,-406170.72,-7.69,0,68911.2,1.30,-406170.72,-7.69,4868133,48681.33,5
385,Entry long,2026-02-13 17:30,Normal,65.18,81072,5284272.96,-406170.72,-7.69,0,68911.2,1.30,-406170.72,-7.69,4868133,48681.33,5
386,Exit long,2026-02-25 15:30,Normal,70.88,71832,4878111.12,213341.05,4.37,0,213341.05,4.37,-355568.4,-7.29,5081474,50814.74,33
386,Entry long,2026-02-18 17:30,Normal,67.91,71832,4878111.12,213341.05,4.37,0,213341.05,4.37,-355568.4,-7.29,5081474,50814.74,33
387,Exit long,2026-03-03 15:30,Normal,55.12,81100,5091458,-621226,-12.20,0,3244,0.06,-621226,-12.20,4460248,44602.48,8
387,Entry long,2026-02-27 21:30,Normal,62.78,81100,5091458,-621226,-12.20,0,3244,0.06,-621226,-12.20,4460248,44602.48,8
388,Exit long,2026-03-05 18:30,Normal,52.21,79035,4470219.6,-343802.25,-7.69,0,89309.55,2.00,-343802.25,-7.69,4116446,41164.46,9
388,Entry long,2026-03-04 16:30,Normal,56.56,79035,4470219.6,-343802.25,-7.69,0,89309.55,2.00,-343802.25,-7.69,4116446,41164.46,9
389,Exit long,2026-03-09 17:30,Normal,50.28,84871,4126428.02,140885.86,3.41,0,140885.86,3.41,-37343.24,-0.90,4257332,42573.32,2
389,Entry long,2026-03-09 15:30,Normal,48.62,84871,4126428.02,140885.86,3.41,0,140885.86,3.41,-37343.24,-0.90,4257332,42573.32,2
390,Exit long,2026-03-10 16:30,Normal,57.04,77362,4267287.92,145440.56,3.41,0,145440.56,3.41,-2320.86,-0.05,4402772.5,44027.73,2
390,Entry long,2026-03-10 14:30,Normal,55.16,77362,4267287.92,145440.56,3.41,0,145440.56,3.41,-2320.86,-0.05,4402772.5,44027.73,2
391,Exit long,2026-03-12 14:30,Normal,52.79,77159,4412723.21,-339499.6,-7.69,0,34721.55,0.79,-339499.6,-7.69,4063272.8,40632.73,7
391,Entry long,2026-03-11 14:30,Normal,57.19,77159,4412723.21,-339499.6,-7.69,0,34721.55,0.79,-339499.6,-7.69,4063272.8,40632.73,7
392,Exit long,2026-03-16 14:30,Normal,54.29,77586,4073265,138878.94,3.41,0,138878.94,3.41,-190085.7,-4.67,4202151.5,42021.52,7
392,Entry long,2026-03-13 14:30,Normal,52.5,77586,4073265,138878.94,3.41,0,138878.94,3.41,-190085.7,-4.67,4202151.5,42021.52,7
393,Exit long,2026-03-19 14:30,Normal,49.54,76682,4212142.26,-413315.97,-9.81,0,118857.1,2.82,-413315.97,-9.81,3788835.8,37888.36,14
393,Entry long,2026-03-17 14:30,Normal,54.93,76682,4212142.26,-413315.97,-9.81,0,118857.1,2.82,-413315.97,-9.81,3788835.8,37888.36,14
394,Exit long,2026-03-23 14:30,Normal,54.63,74312,3798829.44,260835.12,6.87,0,260835.12,6.87,0,0.00,4049670.8,40496.71,1
394,Entry long,2026-03-20 20:30,Normal,51.12,74312,3798829.44,260835.12,6.87,0,260835.12,6.87,0,0.00,4049670.8,40496.71,1
395,Exit long,2026-03-25 14:30,Normal,57.5,73015,4059634,138728.5,3.42,0,138728.5,3.42,-139458.66,-3.44,4188399.2,41883.99,6
395,Entry long,2026-03-24 15:30,Normal,55.6,73015,4059634,138728.5,3.42,0,138728.5,3.42,-139458.66,-3.44,4188399.2,41883.99,6
396,Exit long,2026-03-30 15:30,Normal,48.19,90075,4198395.75,142318.5,3.39,0,142318.5,3.39,0,0.00,4330718,43307.18,1
396,Entry long,2026-03-27 20:30,Normal,46.61,90075,4198395.75,142318.5,3.39,0,142318.5,3.39,0,0.00,4330718,43307.18,1
397,Exit long,2026-03-31 18:30,Normal,45.42,98809,4340679.37,147225.4,3.39,0,147225.4,3.39,-65213.94,-1.50,4477943.5,44779.44,2
397,Entry long,2026-03-31 16:30,Normal,43.93,98809,4340679.37,147225.4,3.39,0,147225.4,3.39,-65213.94,-1.50,4477943.5,44779.44,2
398,Exit long,2026-04-06 15:30,Normal,54.54,85079,4487917.25,152291.4,3.39,0,152291.4,3.39,0,0.00,4630234.5,46302.35,1
398,Entry long,2026-04-02 21:30,Normal,52.75,85079,4487917.25,152291.4,3.39,0,152291.4,3.39,0,0.00,4630234.5,46302.35,1
399,Exit long,2026-04-07 21:30,Normal,56.6,84784,4640228.32,158546.08,3.42,0,158546.08,3.42,-114458.4,-2.47,4788780.5,47887.81,4
399,Entry long,2026-04-07 17:30,Normal,54.73,84784,4640228.32,158546.08,3.42,0,158546.08,3.42,-114458.4,-2.47,4788780.5,47887.81,4
400,Exit long,2026-04-30 15:30,Normal,122.81,41447,4798733.66,291372.4,6.07,0,291372.4,6.07,-101959.62,-2.12,5080153,50801.53,6
400,Entry long,2026-04-29 16:30,Normal,115.78,41447,4798733.66,291372.4,6.07,0,291372.4,6.07,-101959.62,-2.12,5080153,50801.53,6
401,Exit long,2026-05-13 18:30,Normal,185.26,28411,5090114.76,173307.1,3.40,0,173307.1,3.40,-7955.08,-0.16,5253460.5,52534.61,3
401,Entry long,2026-05-13 15:30,Normal,179.16,28411,5090114.76,173307.1,3.40,0,173307.1,3.40,-7955.08,-0.16,5253460.5,52534.61,3
402,Exit long,2026-05-19 15:30,Normal,140.01,34703,5263404.01,-404636.97,-7.69,0,138117.94,2.62,-404636.97,-7.69,4848823.5,48488.24,1
402,Entry long,2026-05-18 21:30,Normal,151.67,34703,5263404.01,-404636.97,-7.69,0,138117.94,2.62,-404636.97,-7.69,4848823.5,48488.24,1
403,Exit long,2026-05-21 15:30,Normal,176.27,28502,4858735.94,165311.6,3.40,0,165311.6,3.40,-121133.5,-2.49,5014135,50141.35,6
403,Entry long,2026-05-20 16:30,Normal,170.47,28502,4858735.94,165311.6,3.40,0,165311.6,3.40,-121133.5,-2.49,5014135,50141.35,6
404,Exit long,2026-05-27 15:30,Normal,242.72,22398,5024095.38,412347.2,8.21,0,412347.2,8.21,-37180.68,-0.74,5426482,54264.82,3
404,Entry long,2026-05-26 19:30,Normal,224.31,22398,5024095.38,412347.2,8.21,0,412347.2,8.21,-37180.68,-0.74,5426482,54264.82,3
405,Exit long,2026-06-09 15:30,Normal,227.06,25009,5436456.42,242087.12,4.45,0,242087.12,4.45,-211576.14,-3.89,5668569,56685.69,6
405,Entry long,2026-06-08 16:30,Normal,217.38,25009,5436456.42,242087.12,4.45,0,242087.12,4.45,-211576.14,-3.89,5668569,56685.69,6
406,Exit long,2026-06-10 16:30,Normal,192.1,27289,5678568.01,-436351.12,-7.68,0,133716.1,2.35,-436351.12,-7.68,5232218,52322.18,1
406,Entry long,2026-06-10 15:30,Normal,208.09,27289,5678568.01,-436351.12,-7.68,0,133716.1,2.35,-436351.12,-7.68,5232218,52322.18,1
407,Exit long,2026-06-11 19:30,Normal,206.8,26211,5242200,178234.8,3.40,0,178234.8,3.40,-172468.38,-3.29,5410453,54104.53,2
407,Entry long,2026-06-11 17:30,Normal,200,26211,5242200,178234.8,3.40,0,178234.8,3.40,-172468.38,-3.29,5410453,54104.53,2
408,Exit long,2026-06-12 16:30,Normal,237.82,23567,5420410,184293.94,3.40,0,184293.94,3.40,-152007.16,-2.80,5594747,55947.47,1
408,Entry long,2026-06-12 15:30,Normal,230,23567,5420410,184293.94,3.40,0,184293.94,3.40,-152007.16,-2.80,5594747,55947.47,1
409,Exit long,2026-06-16 16:30,Normal,247.96,20866,5604607.6,-430674.25,-7.68,0,131873.12,2.35,-430674.25,-7.68,5164072.5,51640.73,7
409,Entry long,2026-06-15 16:30,Normal,268.6,20866,5604607.6,-430674.25,-7.68,0,131873.12,2.35,-430674.25,-7.68,5164072.5,51640.73,7
410,Exit long,2026-06-22 15:30,Normal,299.32,18649,5173978.56,408040.12,7.89,0,408040.12,7.89,-98839.7,-1.91,5572112.5,55721.12,6
410,Entry long,2026-06-18 16:30,Normal,277.44,18649,5173978.56,408040.12,7.89,0,408040.12,7.89,-98839.7,-1.91,5572112.5,55721.12,6
411,Exit long,2026-06-25 15:30,Normal,268.05,24415,5582001.45,962439.3,17.24,0,962439.3,17.24,0,0.00,6534552,65345.52,1
411,Entry long,2026-06-24 21:30,Normal,228.63,24415,5582001.45,962439.3,17.24,0,962439.3,17.24,0,0.00,6534552,65345.52,1
412,Exit long,2026-06-29 15:30,Normal,207.12,29168,6544424.16,-503148,-7.69,0,53377.44,0.82,-503148,-7.69,6031404,60314.04,4
412,Entry long,2026-06-26 18:30,Normal,224.37,29168,6544424.16,-503148,-7.69,0,53377.44,0.82,-503148,-7.69,6031404,60314.04,4
413,Exit long,2026-06-30 20:30,Normal,269.38,23189,6041198.28,205454.55,3.40,0,205454.55,3.40,-29450.03,-0.49,6236858.5,62368.59,4
413,Entry long,2026-06-30 16:30,Normal,260.52,23189,6041198.28,205454.55,3.40,0,205454.55,3.40,-29450.03,-0.49,6236858.5,62368.59,4
414,Exit long,2026-07-06 15:30,Normal,197.21,34429,6246797.76,542945.3,8.69,0,542945.3,8.69,0,0.00,6779804,67798.04,1
414,Entry long,2026-07-02 21:30,Normal,181.44,34429,6246797.76,542945.3,8.69,0,542945.3,8.69,0,0.00,6779804,67798.04,1
415,Exit long,2026-07-08 15:30,Normal,172.75,40642,6789652.52,231252.98,3.41,0,231252.98,3.41,-463318.8,-6.82,7011057,70110.57,4
415,Entry long,2026-07-07 18:30,Normal,167.06,40642,6789652.52,231252.98,3.41,0,231252.98,3.41,-463318.8,-6.82,7011057,70110.57,4
416,Exit long,2026-07-10 15:30,Normal,182.29,35071,7020863.49,-627770.9,-8.94,0,84170.4,1.20,-627770.9,-8.94,6383286,63832.86,6
416,Entry long,2026-07-09 16:30,Normal,200.19,35071,7020863.49,-627770.9,-8.94,0,84170.4,1.20,-627770.9,-8.94,6383286,63832.86,6
417,Exit long,2026-07-15 15:30,Normal,168.86,34951,6393236.92,-491411.06,-7.69,0,43688.75,0.68,-491411.06,-7.69,5891875,58918.75,6
417,Entry long,2026-07-14 16:30,Normal,182.92,34951,6393236.92,-491411.06,-7.69,0,43688.75,0.68,-491411.06,-7.69,5891875,58918.75,6
418,Exit long,2026-07-17 20:30,Normal,132.41,41145,5901838.8,-453829.34,-7.69,0,10697.7,0.18,-453829.34,-7.69,5438045.5,54380.45,2
418,Entry long,2026-07-17 18:30,Normal,143.44,41145,5901838.8,-453829.34,-7.69,0,10697.7,0.18,-453829.34,-7.69,5438045.5,54380.45,2
419,Exit long,2026-07-21 15:30,Normal,156.01,38466,5447939.58,553141.06,10.15,0,553141.06,10.15,-229642.02,-4.22,5991186.5,59911.87,4
419,Entry long,2026-07-20 18:30,Normal,141.63,38466,5447939.58,553141.06,10.15,0,553141.06,10.15,-229642.02,-4.22,5991186.5,59911.87,4
420,Exit long,2026-07-27 20:30,Normal,127.52,48663,6001121.16,204384.6,3.41,0,204384.6,3.41,-229202.73,-3.82,6195571,61955.71,3
420,Entry long,2026-07-27 17:30,Normal,123.32,48663,6001121.16,204384.6,3.41,0,204384.6,3.41,-229202.73,-3.82,6195571,61955.71,3
421,Exit long,2026-07-28 21:30,Normal,114.73,55931,6205544.45,211419.19,3.41,0,211419.19,3.41,-145979.9,-2.35,6406990.5,64069.91,3
421,Entry long,2026-07-28 18:30,Normal,110.95,55931,6205544.45,211419.19,3.41,0,211419.19,3.41,-145979.9,-2.35,6406990.5,64069.91,3
422,Exit long,2026-07-29 20:30,Normal,102.95,64453,6416940.68,218495.67,3.40,0,218495.67,3.40,-88945.14,-1.39,6625486,66254.86,1
422,Entry long,2026-07-29 19:30,Normal,99.56,64453,6416940.68,218495.67,3.40,0,218495.67,3.40,-88945.14,-1.39,6625486,66254.86,1
423,Exit long,2026-07-31 15:30,Normal,129.7,58736,6635405.92,982653.25,14.81,0,982653.25,14.81,-26431.2,-0.40,7608139.5,76081.40,6
423,Entry long,2026-07-30 16:30,Normal,112.97,58736,6635405.92,982653.25,14.81,0,982653.25,14.81,-26431.2,-0.40,7608139.5,76081.40,6
424,Exit long,2026-08-04 15:30,Normal,131.46,65679,7618107.21,1016054.1,13.34,0,1016054.1,13.34,-39407.4,-0.52,8624193,86241.93,3
424,Entry long,2026-08-03 19:30,Normal,115.99,65679,7618107.21,1016054.1,13.34,0,1016054.1,13.34,-39407.4,-0.52,8624193,86241.93,3
425,Exit long,2026-08-07 15:30,Normal,142,63004,8634068.16,312499.84,3.62,0,312499.84,3.62,-311239.75,-3.60,8936693,89366.93,7
425,Entry long,2026-08-06 15:30,Normal,137.04,63004,8634068.16,312499.84,3.62,0,312499.84,3.62,-311239.75,-3.60,8936693,89366.93,7
426,Exit long,2026-08-13 15:30,Normal,150.59,61434,8946633.42,304712.62,3.41,0,304712.62,3.41,-231606.19,-2.59,9241406,92414.06,6
426,Entry long,2026-08-12 16:30,Normal,145.63,61434,8946633.42,304712.62,3.41,0,304712.62,3.41,-231606.19,-2.59,9241406,92414.06,6
427,Exit long,2026-08-17 15:30,Normal,150.56,63820,9251347.2,357392,3.86,0,357392,3.86,0,0.00,9598798,95987.98,1
427,Entry long,2026-08-14 21:30,Normal,144.96,63820,9251347.2,357392,3.86,0,357392,3.86,0,0.00,9598798,95987.98,1
428,Exit long,2026-08-21 15:30,Normal,126.59,79136,9608693.12,409133.12,4.26,0,409133.12,4.26,-177264.64,-1.84,10007931,100079.31,7
428,Entry long,2026-08-20 15:30,Normal,121.42,79136,9608693.12,409133.12,4.26,0,409133.12,4.26,-177264.64,-1.84,10007931,100079.31,7
429,Exit long,2026-08-25 15:30,Normal,117.4,89589,10017841.98,499906.62,4.99,0,499906.62,4.99,-185449.23,-1.85,10507838,105078.38,5
429,Entry long,2026-08-24 17:30,Normal,111.82,89589,10017841.98,499906.62,4.99,0,499906.62,4.99,-185449.23,-1.85,10507838,105078.38,5
430,Exit long,2026-08-27 15:30,Normal,123.24,90992,10517765.28,696088.8,6.62,0,696088.8,6.62,-119199.52,-1.13,11203926,112039.26,6
430,Entry long,2026-08-26 16:30,Normal,115.59,90992,10517765.28,696088.8,6.62,0,696088.8,6.62,-119199.52,-1.13,11203926,112039.26,6
431,Exit long,2026-09-01 15:30,Normal,103.78,99750,11213895,-861840,-7.69,0,67830,0.60,-861840,-7.69,10342086,103420.86,3
431,Entry long,2026-08-31 19:30,Normal,112.42,99750,11213895,-861840,-7.69,0,67830,0.60,-861840,-7.69,10342086,103420.86,3
432,Exit long,Open,Open,—,97038,10352013.84,-31052.16,-0.30,0,134882.81,1.30,-196016.77,-1.89,10311034,103110.34,6
432,Entry long,2026-09-02 15:30,Normal,106.68,97038,10352013.84,-31052.16,-0.30,0,134882.81,1.30,-196016.77,-1.89,10311034,103110.34,6